INFO 2025-06-06 15:27:02,941 autoreload 19684 13268 Watching for file changes with StatReloader
INFO 2025-06-06 15:29:10,239 autoreload 5892 25068 Watching for file changes with StatReloader
INFO 2025-06-06 15:29:22,159 autoreload 5892 25068 C:\PROJECTS\backend\backend\settings.py changed, reloading.
INFO 2025-06-06 15:30:18,435 autoreload 25552 14068 Watching for file changes with StatReloader
INFO 2025-06-06 15:31:27,827 autoreload 25552 14068 C:\PROJECTS\backend\backend\settings.py changed, reloading.
INFO 2025-06-06 15:31:30,440 autoreload 16772 24740 Watching for file changes with StatReloader
INFO 2025-06-06 15:31:36,340 autoreload 16772 24740 C:\PROJECTS\backend\backend\settings.py changed, reloading.
INFO 2025-06-06 15:31:45,353 autoreload 15420 15660 Watching for file changes with StatReloader
INFO 2025-06-06 15:34:06,084 autoreload 23864 13948 Watching for file changes with StatReloader
INFO 2025-06-06 15:34:56,139 autoreload 23864 13948 C:\PROJECTS\backend\backend\settings.py changed, reloading.
INFO 2025-06-06 15:45:03,018 autoreload 12224 24720 Watching for file changes with StatReloader
INFO 2025-06-06 15:45:24,321 autoreload 12224 24720 C:\PROJECTS\backend\backend\settings.py changed, reloading.
INFO 2025-06-06 15:45:26,753 autoreload 9116 13924 Watching for file changes with StatReloader
INFO 2025-06-06 15:47:54,151 autoreload 16696 23856 Watching for file changes with StatReloader
INFO 2025-06-06 15:48:19,092 autoreload 25096 13184 Watching for file changes with StatReloader
INFO 2025-06-06 15:48:33,925 autoreload 10820 11420 Watching for file changes with StatReloader
INFO 2025-06-06 15:49:48,502 autoreload 16220 11796 Watching for file changes with StatReloader
INFO 2025-06-06 15:50:27,482 autoreload 16220 11796 C:\PROJECTS\backend\backend\settings.py changed, reloading.
INFO 2025-06-06 15:50:34,522 autoreload 17492 24140 Watching for file changes with StatReloader
INFO 2025-06-06 15:50:49,350 autoreload 17492 24140 C:\PROJECTS\backend\backend\settings.py changed, reloading.
INFO 2025-06-06 15:50:51,692 autoreload 24260 9672 Watching for file changes with StatReloader
INFO 2025-06-06 15:58:24,063 autoreload 21032 2356 Watching for file changes with StatReloader
DEBUG 2025-06-06 15:58:24,063 autoreload 21032 2356 Waiting for apps ready_event.
DEBUG 2025-06-06 15:58:25,113 autoreload 21032 2356 Apps ready_event triggered. Sending autoreload_started signal.
DEBUG 2025-06-06 15:58:25,167 autoreload 21032 2356 Watching dir C:\PROJECTS\backend\templates with glob **/*.
DEBUG 2025-06-06 15:58:25,167 autoreload 21032 2356 Watching dir C:\PROJECTS\NEXTJS-SPACE\Lib\site-packages\rest_framework\templates with glob **/*.
DEBUG 2025-06-06 15:58:25,168 autoreload 21032 2356 Watching dir C:\PROJECTS\backend\locale with glob **/*.mo.
DEBUG 2025-06-06 15:58:25,168 autoreload 21032 2356 Watching dir C:\PROJECTS\NEXTJS-SPACE\Lib\site-packages\rest_framework\locale with glob **/*.mo.
DEBUG 2025-06-06 15:58:25,169 autoreload 21032 2356 Watching dir C:\PROJECTS\NEXTJS-SPACE\Lib\site-packages\rest_framework_simplejwt\locale with glob **/*.mo.
DEBUG 2025-06-06 15:58:25,169 autoreload 21032 2356 Watching dir C:\PROJECTS\NEXTJS-SPACE\Lib\site-packages\corsheaders\locale with glob **/*.mo.
DEBUG 2025-06-06 15:58:25,169 autoreload 21032 2356 Watching dir C:\PROJECTS\backend\api\locale with glob **/*.mo.
DEBUG 2025-06-06 15:58:25,402 autoreload 21032 2356 File C:\Program Files\WindowsApps\PythonSoftwareFoundation.Python.3.12_3.12.2800.0_x64__qbz5n2kfra8p0\Lib\logging\config.py first seen with mtime 1740483573.374549
DEBUG 2025-06-06 15:58:25,402 autoreload 21032 2356 File C:\Program Files\WindowsApps\PythonSoftwareFoundation.Python.3.12_3.12.2800.0_x64__qbz5n2kfra8p0\Lib\encodings\cp1252.py first seen with mtime 1740483567.0361476
DEBUG 2025-06-06 15:58:25,402 autoreload 21032 2356 File C:\PROJECTS\NEXTJS-SPACE\Lib\site-packages\django\core\management\base.py first seen with mtime 1747644922.1343298
DEBUG 2025-06-06 15:58:25,402 autoreload 21032 2356 File C:\PROJECTS\NEXTJS-SPACE\Lib\site-packages\django\core\servers\__init__.py first seen with mtime 1747644922.3036745
DEBUG 2025-06-06 15:58:25,402 autoreload 21032 2356 File C:\PROJECTS\NEXTJS-SPACE\Lib\site-packages\click\exceptions.py first seen with mtime 1747904800.5500567
DEBUG 2025-06-06 15:58:25,402 autoreload 21032 2356 File C:\PROJECTS\NEXTJS-SPACE\Lib\site-packages\django\utils\choices.py first seen with mtime 1747644923.2290938
DEBUG 2025-06-06 15:58:25,402 autoreload 21032 2356 File C:\PROJECTS\NEXTJS-SPACE\Lib\site-packages\urllib3\util\ssltransport.py first seen with mtime 1747829987.2841291
DEBUG 2025-06-06 15:58:25,402 autoreload 21032 2356 File C:\Program Files\WindowsApps\PythonSoftwareFoundation.Python.3.12_3.12.2800.0_x64__qbz5n2kfra8p0\Lib\asyncio\locks.py first seen with mtime 1740483565.644843
DEBUG 2025-06-06 15:58:25,402 autoreload 21032 2356 File C:\PROJECTS\NEXTJS-SPACE\Lib\site-packages\django\db\backends\postgresql\client.py first seen with mtime 1747644922.4398825
DEBUG 2025-06-06 15:58:25,402 autoreload 21032 2356 File C:\Program Files\WindowsApps\PythonSoftwareFoundation.Python.3.12_3.12.2800.0_x64__qbz5n2kfra8p0\Lib\email\_parseaddr.py first seen with mtime 1740483566.8583634
DEBUG 2025-06-06 15:58:25,402 autoreload 21032 2356 File C:\PROJECTS\NEXTJS-SPACE\Lib\site-packages\sqlparse\utils.py first seen with mtime 1747644912.962764
DEBUG 2025-06-06 15:58:25,402 autoreload 21032 2356 File C:\PROJECTS\NEXTJS-SPACE\Lib\site-packages\django\template\defaulttags.py first seen with mtime 1747644923.0662909
DEBUG 2025-06-06 15:58:25,402 autoreload 21032 2356 File C:\Program Files\WindowsApps\PythonSoftwareFoundation.Python.3.12_3.12.2800.0_x64__qbz5n2kfra8p0\Lib\encodings\idna.py first seen with mtime 1740483567.0957575
DEBUG 2025-06-06 15:58:25,402 autoreload 21032 2356 File C:\Program Files\WindowsApps\PythonSoftwareFoundation.Python.3.12_3.12.2800.0_x64__qbz5n2kfra8p0\Lib\quopri.py first seen with mtime 1740483574.7050028
DEBUG 2025-06-06 15:58:25,402 autoreload 21032 2356 File C:\PROJECTS\NEXTJS-SPACE\Lib\site-packages\click\_winconsole.py first seen with mtime 1747904800.533916
DEBUG 2025-06-06 15:58:25,402 autoreload 21032 2356 File C:\PROJECTS\NEXTJS-SPACE\Lib\site-packages\rest_framework\utils\model_meta.py first seen with mtime 1747644938.3164456
DEBUG 2025-06-06 15:58:25,402 autoreload 21032 2356 File C:\PROJECTS\NEXTJS-SPACE\Lib\site-packages\django\template\library.py first seen with mtime 1747644923.0780528
DEBUG 2025-06-06 15:58:25,402 autoreload 21032 2356 File C:\PROJECTS\NEXTJS-SPACE\Lib\site-packages\numpy\lib\stride_tricks.py first seen with mtime 1747920841.854128
DEBUG 2025-06-06 15:58:25,402 autoreload 21032 2356 File C:\PROJECTS\NEXTJS-SPACE\Lib\site-packages\sqlparse\filters\tokens.py first seen with mtime 1747644912.9940095
DEBUG 2025-06-06 15:58:25,402 autoreload 21032 2356 File C:\Program Files\WindowsApps\PythonSoftwareFoundation.Python.3.12_3.12.2800.0_x64__qbz5n2kfra8p0\Lib\asyncio\coroutines.py first seen with mtime 1740483565.644843
DEBUG 2025-06-06 15:58:25,402 autoreload 21032 2356 File C:\Program Files\WindowsApps\PythonSoftwareFoundation.Python.3.12_3.12.2800.0_x64__qbz5n2kfra8p0\Lib\tokenize.py first seen with mtime 1744180891.332714
DEBUG 2025-06-06 15:58:25,402 autoreload 21032 2356 File C:\PROJECTS\NEXTJS-SPACE\Lib\site-packages\numpy\lib\_scimath_impl.py first seen with mtime 1747920841.957713
DEBUG 2025-06-06 15:58:25,402 autoreload 21032 2356 File C:\PROJECTS\NEXTJS-SPACE\Lib\site-packages\django\apps\config.py first seen with mtime 1747644914.0768685
DEBUG 2025-06-06 15:58:25,402 autoreload 21032 2356 File C:\PROJECTS\NEXTJS-SPACE\Lib\site-packages\django\views\decorators\csrf.py first seen with mtime 1747644923.444407
DEBUG 2025-06-06 15:58:25,402 autoreload 21032 2356 File C:\Program Files\WindowsApps\PythonSoftwareFoundation.Python.3.12_3.12.2800.0_x64__qbz5n2kfra8p0\Lib\contextlib.py first seen with mtime 1740483566.105165
DEBUG 2025-06-06 15:58:25,402 autoreload 21032 2356 File C:\PROJECTS\NEXTJS-SPACE\Lib\site-packages\celery\app\builtins.py first seen with mtime 1747904803.8059847
DEBUG 2025-06-06 15:58:25,402 autoreload 21032 2356 File C:\PROJECTS\NEXTJS-SPACE\Lib\site-packages\django\core\checks\messages.py first seen with mtime 1747644921.9845395
DEBUG 2025-06-06 15:58:25,402 autoreload 21032 2356 File C:\PROJECTS\NEXTJS-SPACE\Lib\site-packages\charset_normalizer\models.py first seen with mtime 1747829988.4548235
DEBUG 2025-06-06 15:58:25,402 autoreload 21032 2356 File C:\Program Files\WindowsApps\PythonSoftwareFoundation.Python.3.12_3.12.2800.0_x64__qbz5n2kfra8p0\Lib\importlib\resources\_itertools.py first seen with mtime 1740483572.691443
DEBUG 2025-06-06 15:58:25,402 autoreload 21032 2356 File C:\PROJECTS\NEXTJS-SPACE\Lib\site-packages\django\utils\version.py first seen with mtime 1747644923.3804195
DEBUG 2025-06-06 15:58:25,402 autoreload 21032 2356 File C:\PROJECTS\NEXTJS-SPACE\Lib\site-packages\psycopg2\_json.py first seen with mtime 1747644913.4590144
DEBUG 2025-06-06 15:58:25,402 autoreload 21032 2356 File C:\PROJECTS\NEXTJS-SPACE\Lib\site-packages\django\http\cookie.py first seen with mtime 1747644922.9857583
DEBUG 2025-06-06 15:58:25,402 autoreload 21032 2356 File C:\PROJECTS\NEXTJS-SPACE\Lib\site-packages\django\db\migrations\operations\models.py first seen with mtime 1747644922.5250218
DEBUG 2025-06-06 15:58:25,412 autoreload 21032 2356 File C:\PROJECTS\NEXTJS-SPACE\Lib\site-packages\numpy\_core\arrayprint.py first seen with mtime 1747920843.6422853
DEBUG 2025-06-06 15:58:25,412 autoreload 21032 2356 File C:\PROJECTS\NEXTJS-SPACE\Lib\site-packages\soupsieve\pretty.py first seen with mtime 1747906829.0436835
DEBUG 2025-06-06 15:58:25,412 autoreload 21032 2356 File C:\Program Files\WindowsApps\PythonSoftwareFoundation.Python.3.12_3.12.2800.0_x64__qbz5n2kfra8p0\DLLs\_wmi.pyd first seen with mtime 1744180881.816897
DEBUG 2025-06-06 15:58:25,413 autoreload 21032 2356 File C:\PROJECTS\NEXTJS-SPACE\Lib\site-packages\django\utils\__init__.py first seen with mtime 1747644923.1947787
DEBUG 2025-06-06 15:58:25,413 autoreload 21032 2356 File C:\PROJECTS\NEXTJS-SPACE\Lib\site-packages\rest_framework\schemas\__init__.py first seen with mtime 1747644937.8455088
DEBUG 2025-06-06 15:58:25,414 autoreload 21032 2356 File C:\Program Files\WindowsApps\PythonSoftwareFoundation.Python.3.12_3.12.2800.0_x64__qbz5n2kfra8p0\Lib\asyncio\__init__.py first seen with mtime 1740483565.6921306
DEBUG 2025-06-06 15:58:25,414 autoreload 21032 2356 File C:\PROJECTS\NEXTJS-SPACE\Lib\site-packages\googlemaps\convert.py first seen with mtime 1747905130.0788312
DEBUG 2025-06-06 15:58:25,414 autoreload 21032 2356 File C:\PROJECTS\NEXTJS-SPACE\Lib\site-packages\django\core\checks\translation.py first seen with mtime 1747644921.9941814
DEBUG 2025-06-06 15:58:25,414 autoreload 21032 2356 File C:\PROJECTS\NEXTJS-SPACE\Lib\site-packages\numpy\_typing\_array_like.py first seen with mtime 1747920844.7460716
DEBUG 2025-06-06 15:58:25,415 autoreload 21032 2356 File C:\PROJECTS\NEXTJS-SPACE\Lib\site-packages\django\contrib\sites\shortcuts.py first seen with mtime 1747644921.2712622
DEBUG 2025-06-06 15:58:25,415 autoreload 21032 2356 File C:\PROJECTS\NEXTJS-SPACE\Lib\site-packages\django\utils\html.py first seen with mtime 1747644923.3101008
DEBUG 2025-06-06 15:58:25,416 autoreload 21032 2356 File C:\Program Files\WindowsApps\PythonSoftwareFoundation.Python.3.12_3.12.2800.0_x64__qbz5n2kfra8p0\Lib\asyncio\windows_utils.py first seen with mtime 1740483565.6921306
DEBUG 2025-06-06 15:58:25,416 autoreload 21032 2356 File C:\PROJECTS\NEXTJS-SPACE\Lib\site-packages\django\contrib\messages\storage\base.py first seen with mtime 1747644919.6944897
DEBUG 2025-06-06 15:58:25,416 autoreload 21032 2356 File C:\Program Files\WindowsApps\PythonSoftwareFoundation.Python.3.12_3.12.2800.0_x64__qbz5n2kfra8p0\Lib\email\parser.py first seen with mtime 1740483566.8440988
DEBUG 2025-06-06 15:58:25,416 autoreload 21032 2356 File C:\Program Files\WindowsApps\PythonSoftwareFoundation.Python.3.12_3.12.2800.0_x64__qbz5n2kfra8p0\Lib\importlib\metadata\__init__.py first seen with mtime 1740483572.6121874
DEBUG 2025-06-06 15:58:25,416 autoreload 21032 2356 File C:\PROJECTS\NEXTJS-SPACE\Lib\site-packages\django_filters\utils.py first seen with mtime 1747652147.9778247
DEBUG 2025-06-06 15:58:25,417 autoreload 21032 2356 File C:\PROJECTS\NEXTJS-SPACE\Lib\site-packages\django\core\files\uploadedfile.py first seen with mtime 1747644922.040177
DEBUG 2025-06-06 15:58:25,417 autoreload 21032 2356 File C:\Program Files\WindowsApps\PythonSoftwareFoundation.Python.3.12_3.12.2800.0_x64__qbz5n2kfra8p0\Lib\logging\handlers.py first seen with mtime 1744180886.3584976
DEBUG 2025-06-06 15:58:25,417 autoreload 21032 2356 File C:\PROJECTS\NEXTJS-SPACE\Lib\site-packages\django_filters\rest_framework\backends.py first seen with mtime 1747652148.0564146
DEBUG 2025-06-06 15:58:25,417 autoreload 21032 2356 File C:\PROJECTS\NEXTJS-SPACE\Lib\site-packages\django\contrib\postgres\search.py first seen with mtime 1747644919.7102413
DEBUG 2025-06-06 15:58:25,417 autoreload 21032 2356 File C:\PROJECTS\NEXTJS-SPACE\Lib\site-packages\django\core\files\utils.py first seen with mtime 1747644922.049057
DEBUG 2025-06-06 15:58:25,417 autoreload 21032 2356 File C:\PROJECTS\NEXTJS-SPACE\Lib\site-packages\django\contrib\auth\views.py first seen with mtime 1747644917.1168468
DEBUG 2025-06-06 15:58:25,417 autoreload 21032 2356 File C:\PROJECTS\NEXTJS-SPACE\Lib\site-packages\django\test\html.py first seen with mtime 1747644923.1502125
DEBUG 2025-06-06 15:58:25,417 autoreload 21032 2356 File C:\PROJECTS\NEXTJS-SPACE\Lib\site-packages\celery\utils\quorum_queues.py first seen with mtime 1747904804.1840484
DEBUG 2025-06-06 15:58:25,417 autoreload 21032 2356 File C:\PROJECTS\NEXTJS-SPACE\Lib\site-packages\billiard\process.py first seen with mtime 1747904799.1226354
DEBUG 2025-06-06 15:58:25,417 autoreload 21032 2356 File C:\Program Files\WindowsApps\PythonSoftwareFoundation.Python.3.12_3.12.2800.0_x64__qbz5n2kfra8p0\Lib\re\_parser.py first seen with mtime 1740483574.7370086
DEBUG 2025-06-06 15:58:25,417 autoreload 21032 2356 File C:\PROJECTS\NEXTJS-SPACE\Lib\site-packages\kombu\connection.py first seen with mtime 1747904801.5324538
DEBUG 2025-06-06 15:58:25,417 autoreload 21032 2356 File C:\PROJECTS\NEXTJS-SPACE\Lib\site-packages\kombu\compression.py first seen with mtime 1747904801.5273902
DEBUG 2025-06-06 15:58:25,417 autoreload 21032 2356 File C:\PROJECTS\NEXTJS-SPACE\Lib\site-packages\django\views\generic\base.py first seen with mtime 1747644923.4624481
DEBUG 2025-06-06 15:58:25,417 autoreload 21032 2356 File C:\PROJECTS\NEXTJS-SPACE\Lib\site-packages\googlemaps\places.py first seen with mtime 1747905130.0993192
DEBUG 2025-06-06 15:58:25,417 autoreload 21032 2356 File C:\PROJECTS\NEXTJS-SPACE\Lib\site-packages\django\contrib\postgres\lookups.py first seen with mtime 1747644919.7102413
DEBUG 2025-06-06 15:58:25,417 autoreload 21032 2356 File C:\PROJECTS\NEXTJS-SPACE\Lib\site-packages\rest_framework\utils\encoders.py first seen with mtime 1747644938.2940936
DEBUG 2025-06-06 15:58:25,417 autoreload 21032 2356 File C:\PROJECTS\NEXTJS-SPACE\Lib\site-packages\certifi\__init__.py first seen with mtime 1747829988.7171016
DEBUG 2025-06-06 15:58:25,417 autoreload 21032 2356 File C:\Program Files\WindowsApps\PythonSoftwareFoundation.Python.3.12_3.12.2800.0_x64__qbz5n2kfra8p0\Lib\_compat_pickle.py first seen with mtime 1740483586.1884243
DEBUG 2025-06-06 15:58:25,417 autoreload 21032 2356 File C:\PROJECTS\NEXTJS-SPACE\Lib\site-packages\django\contrib\sessions\models.py first seen with mtime 1747644920.6453304
DEBUG 2025-06-06 15:58:25,417 autoreload 21032 2356 File C:\Program Files\WindowsApps\PythonSoftwareFoundation.Python.3.12_3.12.2800.0_x64__qbz5n2kfra8p0\Lib\zipfile\_path\glob.py first seen with mtime 1740483586.0929005
DEBUG 2025-06-06 15:58:25,417 autoreload 21032 2356 File C:\Program Files\WindowsApps\PythonSoftwareFoundation.Python.3.12_3.12.2800.0_x64__qbz5n2kfra8p0\Lib\asyncio\windows_events.py first seen with mtime 1740483565.6921306
DEBUG 2025-06-06 15:58:25,417 autoreload 21032 2356 File C:\PROJECTS\NEXTJS-SPACE\Lib\site-packages\charset_normalizer\legacy.py first seen with mtime 1747829988.4393215
DEBUG 2025-06-06 15:58:25,417 autoreload 21032 2356 File C:\PROJECTS\NEXTJS-SPACE\Lib\site-packages\django\contrib\staticfiles\views.py first seen with mtime 1747644921.862403
DEBUG 2025-06-06 15:58:25,417 autoreload 21032 2356 File C:\PROJECTS\NEXTJS-SPACE\Lib\site-packages\django\db\backends\postgresql\schema.py first seen with mtime 1747644922.454454
DEBUG 2025-06-06 15:58:25,417 autoreload 21032 2356 File C:\Program Files\WindowsApps\PythonSoftwareFoundation.Python.3.12_3.12.2800.0_x64__qbz5n2kfra8p0\Lib\email\feedparser.py first seen with mtime 1740483566.8044417
DEBUG 2025-06-06 15:58:25,417 autoreload 21032 2356 File C:\PROJECTS\NEXTJS-SPACE\Lib\site-packages\numpy\_core\memmap.py first seen with mtime 1747920843.7219498
DEBUG 2025-06-06 15:58:25,417 autoreload 21032 2356 File C:\PROJECTS\NEXTJS-SPACE\Lib\site-packages\rest_framework\renderers.py first seen with mtime 1747644937.479931
DEBUG 2025-06-06 15:58:25,417 autoreload 21032 2356 File C:\PROJECTS\NEXTJS-SPACE\Lib\site-packages\rest_framework\decorators.py first seen with mtime 1747644937.4241102
DEBUG 2025-06-06 15:58:25,417 autoreload 21032 2356 File C:\PROJECTS\NEXTJS-SPACE\Lib\site-packages\urllib3\util\retry.py first seen with mtime 1747829987.2670188
DEBUG 2025-06-06 15:58:25,422 autoreload 21032 2356 File C:\Program Files\WindowsApps\PythonSoftwareFoundation.Python.3.12_3.12.2800.0_x64__qbz5n2kfra8p0\Lib\importlib\metadata\_collections.py first seen with mtime 1740483572.5963585
DEBUG 2025-06-06 15:58:25,422 autoreload 21032 2356 File C:\PROJECTS\NEXTJS-SPACE\Lib\site-packages\django\template\loader_tags.py first seen with mtime 1747644923.0835288
DEBUG 2025-06-06 15:58:25,422 autoreload 21032 2356 File C:\PROJECTS\NEXTJS-SPACE\Lib\site-packages\django\test\signals.py first seen with mtime 1747644923.1610324
DEBUG 2025-06-06 15:58:25,422 autoreload 21032 2356 File C:\PROJECTS\NEXTJS-SPACE\Lib\site-packages\numpy\lib\_version.py first seen with mtime 1747920841.9976225
DEBUG 2025-06-06 15:58:25,422 autoreload 21032 2356 File C:\PROJECTS\NEXTJS-SPACE\Lib\site-packages\rest_framework\urls.py first seen with mtime 1747644937.5314763
DEBUG 2025-06-06 15:58:25,422 autoreload 21032 2356 File C:\Program Files\WindowsApps\PythonSoftwareFoundation.Python.3.12_3.12.2800.0_x64__qbz5n2kfra8p0\Lib\asyncio\exceptions.py first seen with mtime 1740483565.644843
DEBUG 2025-06-06 15:58:25,422 autoreload 21032 2356 File C:\Program Files\WindowsApps\PythonSoftwareFoundation.Python.3.12_3.12.2800.0_x64__qbz5n2kfra8p0\Lib\gzip.py first seen with mtime 1744180886.152937
DEBUG 2025-06-06 15:58:25,422 autoreload 21032 2356 File C:\PROJECTS\NEXTJS-SPACE\Lib\site-packages\django\templatetags\cache.py first seen with mtime 1747644923.1303055
DEBUG 2025-06-06 15:58:25,422 autoreload 21032 2356 File C:\PROJECTS\backend\api\admin.py first seen with mtime 1747994311.0922086
DEBUG 2025-06-06 15:58:25,422 autoreload 21032 2356 File C:\Program Files\WindowsApps\PythonSoftwareFoundation.Python.3.12_3.12.2800.0_x64__qbz5n2kfra8p0\Lib\signal.py first seen with mtime 1740483574.816684
DEBUG 2025-06-06 15:58:25,422 autoreload 21032 2356 File C:\PROJECTS\NEXTJS-SPACE\Lib\site-packages\django\contrib\postgres\fields\citext.py first seen with mtime 1747644919.7388296
DEBUG 2025-06-06 15:58:25,424 autoreload 21032 2356 File C:\PROJECTS\NEXTJS-SPACE\Lib\site-packages\celery\utils\log.py first seen with mtime 1747904804.1741884
DEBUG 2025-06-06 15:58:25,424 autoreload 21032 2356 File C:\PROJECTS\NEXTJS-SPACE\Lib\site-packages\django\core\checks\database.py first seen with mtime 1747644921.97913
DEBUG 2025-06-06 15:58:25,424 autoreload 21032 2356 File C:\PROJECTS\NEXTJS-SPACE\Lib\site-packages\rest_framework\templatetags\rest_framework.py first seen with mtime 1747644938.2854898
DEBUG 2025-06-06 15:58:25,424 autoreload 21032 2356 File C:\PROJECTS\NEXTJS-SPACE\Lib\site-packages\django\contrib\messages\api.py first seen with mtime 1747644919.678395
DEBUG 2025-06-06 15:58:25,424 autoreload 21032 2356 File C:\PROJECTS\NEXTJS-SPACE\Lib\site-packages\django\views\generic\__init__.py first seen with mtime 1747644923.4592652
DEBUG 2025-06-06 15:58:25,424 autoreload 21032 2356 File C:\Program Files\WindowsApps\PythonSoftwareFoundation.Python.3.12_3.12.2800.0_x64__qbz5n2kfra8p0\Lib\asyncio\protocols.py first seen with mtime 1740483565.6608353
DEBUG 2025-06-06 15:58:25,424 autoreload 21032 2356 File C:\PROJECTS\NEXTJS-SPACE\Lib\site-packages\django\contrib\contenttypes\fields.py first seen with mtime 1747644917.5643766
DEBUG 2025-06-06 15:58:25,425 autoreload 21032 2356 File C:\Program Files\WindowsApps\PythonSoftwareFoundation.Python.3.12_3.12.2800.0_x64__qbz5n2kfra8p0\Lib\asyncio\staggered.py first seen with mtime 1740483565.671466
DEBUG 2025-06-06 15:58:25,425 autoreload 21032 2356 File C:\PROJECTS\NEXTJS-SPACE\Lib\site-packages\corsheaders\conf.py first seen with mtime 1747645208.919098
DEBUG 2025-06-06 15:58:25,425 autoreload 21032 2356 File C:\PROJECTS\NEXTJS-SPACE\Lib\site-packages\numpy\linalg\_linalg.py first seen with mtime 1747920842.1075718
DEBUG 2025-06-06 15:58:25,425 autoreload 21032 2356 File C:\Program Files\WindowsApps\PythonSoftwareFoundation.Python.3.12_3.12.2800.0_x64__qbz5n2kfra8p0\Lib\xml\dom\domreg.py first seen with mtime 1740483584.5737312
DEBUG 2025-06-06 15:58:25,425 autoreload 21032 2356 File C:\Program Files\WindowsApps\PythonSoftwareFoundation.Python.3.12_3.12.2800.0_x64__qbz5n2kfra8p0\Lib\__future__.py first seen with mtime 1740483586.2516484
DEBUG 2025-06-06 15:58:25,425 autoreload 21032 2356 File C:\PROJECTS\NEXTJS-SPACE\Lib\site-packages\django\utils\numberformat.py first seen with mtime 1747644923.3458781
DEBUG 2025-06-06 15:58:25,425 autoreload 21032 2356 File C:\Program Files\WindowsApps\PythonSoftwareFoundation.Python.3.12_3.12.2800.0_x64__qbz5n2kfra8p0\Lib\asyncio\transports.py first seen with mtime 1740483565.6841817
DEBUG 2025-06-06 15:58:25,425 autoreload 21032 2356 File C:\PROJECTS\NEXTJS-SPACE\Lib\site-packages\django\views\static.py first seen with mtime 1747644923.4301627
DEBUG 2025-06-06 15:58:25,426 autoreload 21032 2356 File C:\PROJECTS\NEXTJS-SPACE\Lib\site-packages\asgiref\__init__.py first seen with mtime 1747644913.8097856
DEBUG 2025-06-06 15:58:25,426 autoreload 21032 2356 File C:\PROJECTS\NEXTJS-SPACE\Lib\site-packages\urllib3\contrib\__init__.py first seen with mtime 1747829987.2027895
DEBUG 2025-06-06 15:58:25,426 autoreload 21032 2356 File C:\PROJECTS\NEXTJS-SPACE\Lib\site-packages\numpy\linalg\_umath_linalg.cp312-win_amd64.pyd first seen with mtime 1747920842.120366
DEBUG 2025-06-06 15:58:25,426 autoreload 21032 2356 File C:\PROJECTS\NEXTJS-SPACE\Lib\site-packages\rest_framework\viewsets.py first seen with mtime 1747644937.5482993
DEBUG 2025-06-06 15:58:25,426 autoreload 21032 2356 File C:\PROJECTS\NEXTJS-SPACE\Lib\site-packages\rest_framework_simplejwt\views.py first seen with mtime 1747645387.1366558
DEBUG 2025-06-06 15:58:25,426 autoreload 21032 2356 File C:\PROJECTS\NEXTJS-SPACE\Lib\site-packages\django\contrib\postgres\fields\jsonb.py first seen with mtime 1747644919.739993
DEBUG 2025-06-06 15:58:25,426 autoreload 21032 2356 File C:\Program Files\WindowsApps\PythonSoftwareFoundation.Python.3.12_3.12.2800.0_x64__qbz5n2kfra8p0\Lib\enum.py first seen with mtime 1744180886.123786
DEBUG 2025-06-06 15:58:25,427 autoreload 21032 2356 File C:\PROJECTS\NEXTJS-SPACE\Lib\site-packages\numpy\_typing\_scalars.py first seen with mtime 1747920844.7875922
DEBUG 2025-06-06 15:58:25,427 autoreload 21032 2356 File C:\PROJECTS\NEXTJS-SPACE\Lib\site-packages\numpy\lib\_utils_impl.py first seen with mtime 1747920841.9939764
DEBUG 2025-06-06 15:58:25,427 autoreload 21032 2356 File C:\PROJECTS\NEXTJS-SPACE\Lib\site-packages\django\views\i18n.py first seen with mtime 1747644923.419798
DEBUG 2025-06-06 15:58:25,427 autoreload 21032 2356 File C:\PROJECTS\NEXTJS-SPACE\Lib\site-packages\soupsieve\css_types.py first seen with mtime 1747906829.0436835
DEBUG 2025-06-06 15:58:25,427 autoreload 21032 2356 File C:\PROJECTS\NEXTJS-SPACE\Lib\site-packages\django\db\models\sql\query.py first seen with mtime 1747644922.628635
DEBUG 2025-06-06 15:58:25,427 autoreload 21032 2356 File C:\Program Files\WindowsApps\PythonSoftwareFoundation.Python.3.12_3.12.2800.0_x64__qbz5n2kfra8p0\Lib\multiprocessing\reduction.py first seen with mtime 1740483574.3636167
DEBUG 2025-06-06 15:58:25,427 autoreload 21032 2356 File C:\Program Files\WindowsApps\PythonSoftwareFoundation.Python.3.12_3.12.2800.0_x64__qbz5n2kfra8p0\Lib\re\_casefix.py first seen with mtime 1740483574.7210593
DEBUG 2025-06-06 15:58:25,427 autoreload 21032 2356 File C:\Program Files\WindowsApps\PythonSoftwareFoundation.Python.3.12_3.12.2800.0_x64__qbz5n2kfra8p0\Lib\asyncio\subprocess.py first seen with mtime 1740483565.6780183
DEBUG 2025-06-06 15:58:25,427 autoreload 21032 2356 File C:\PROJECTS\NEXTJS-SPACE\Lib\site-packages\soupsieve\__meta__.py first seen with mtime 1747906829.032051
DEBUG 2025-06-06 15:58:25,427 autoreload 21032 2356 File C:\PROJECTS\NEXTJS-SPACE\Lib\site-packages\django\utils\dateparse.py first seen with mtime 1747644923.2554653
DEBUG 2025-06-06 15:58:25,427 autoreload 21032 2356 File C:\Program Files\WindowsApps\PythonSoftwareFoundation.Python.3.12_3.12.2800.0_x64__qbz5n2kfra8p0\Lib\asyncio\runners.py first seen with mtime 1740483565.6608353
DEBUG 2025-06-06 15:58:25,427 autoreload 21032 2356 File C:\PROJECTS\NEXTJS-SPACE\Lib\site-packages\celery\app\utils.py first seen with mtime 1747904803.8338253
DEBUG 2025-06-06 15:58:25,427 autoreload 21032 2356 File C:\PROJECTS\NEXTJS-SPACE\Lib\site-packages\colorama\ansitowin32.py first seen with mtime 1747904798.7260582
DEBUG 2025-06-06 15:58:25,429 autoreload 21032 2356 File C:\PROJECTS\NEXTJS-SPACE\Lib\site-packages\PIL\ExifTags.py first seen with mtime 1747645869.60296
DEBUG 2025-06-06 15:58:25,429 autoreload 21032 2356 File C:\PROJECTS\NEXTJS-SPACE\Lib\site-packages\django\forms\boundfield.py first seen with mtime 1747644922.653472
DEBUG 2025-06-06 15:58:25,429 autoreload 21032 2356 File C:\PROJECTS\NEXTJS-SPACE\Lib\site-packages\rest_framework\__init__.py first seen with mtime 1747644937.4003167
DEBUG 2025-06-06 15:58:25,429 autoreload 21032 2356 File C:\PROJECTS\NEXTJS-SPACE\Lib\site-packages\django\contrib\admin\widgets.py first seen with mtime 1747644914.9699879
DEBUG 2025-06-06 15:58:25,429 autoreload 21032 2356 File C:\PROJECTS\NEXTJS-SPACE\Lib\site-packages\celery\signals.py first seen with mtime 1747904803.784896
DEBUG 2025-06-06 15:58:25,430 autoreload 21032 2356 File C:\PROJECTS\NEXTJS-SPACE\Lib\site-packages\sqlparse\filters\output.py first seen with mtime 1747644912.9891858
DEBUG 2025-06-06 15:58:25,430 autoreload 21032 2356 File C:\Program Files\WindowsApps\PythonSoftwareFoundation.Python.3.12_3.12.2800.0_x64__qbz5n2kfra8p0\Lib\platform.py first seen with mtime 1740483574.5622914
DEBUG 2025-06-06 15:58:25,431 autoreload 21032 2356 File C:\PROJECTS\NEXTJS-SPACE\Lib\site-packages\django\core\files\temp.py first seen with mtime 1747644922.035683
DEBUG 2025-06-06 15:58:25,431 autoreload 21032 2356 File C:\PROJECTS\NEXTJS-SPACE\Lib\site-packages\django\core\servers\basehttp.py first seen with mtime 1747644922.3103058
DEBUG 2025-06-06 15:58:25,431 autoreload 21032 2356 File C:\Program Files\WindowsApps\PythonSoftwareFoundation.Python.3.12_3.12.2800.0_x64__qbz5n2kfra8p0\Lib\logging\__init__.py first seen with mtime 1740483573.3904116
DEBUG 2025-06-06 15:58:25,431 autoreload 21032 2356 File C:\PROJECTS\NEXTJS-SPACE\Lib\site-packages\kombu\transport\native_delayed_delivery.py first seen with mtime 1747904801.6855695
DEBUG 2025-06-06 15:58:25,431 autoreload 21032 2356 File C:\PROJECTS\NEXTJS-SPACE\Lib\site-packages\django\contrib\auth\admin.py first seen with mtime 1747644917.0500927
DEBUG 2025-06-06 15:58:25,432 autoreload 21032 2356 File C:\PROJECTS\NEXTJS-SPACE\Lib\site-packages\kombu\entity.py first seen with mtime 1747904801.5368443
DEBUG 2025-06-06 15:58:25,432 autoreload 21032 2356 File C:\PROJECTS\NEXTJS-SPACE\Lib\site-packages\numpy\lib\_shape_base_impl.py first seen with mtime 1747920841.9613867
DEBUG 2025-06-06 15:58:25,432 autoreload 21032 2356 File C:\Program Files\WindowsApps\PythonSoftwareFoundation.Python.3.12_3.12.2800.0_x64__qbz5n2kfra8p0\Lib\reprlib.py first seen with mtime 1740483574.7210593
DEBUG 2025-06-06 15:58:25,432 autoreload 21032 2356 File C:\PROJECTS\NEXTJS-SPACE\Lib\site-packages\django\views\decorators\__init__.py first seen with mtime 1747644923.4329424
DEBUG 2025-06-06 15:58:25,432 autoreload 21032 2356 File C:\PROJECTS\NEXTJS-SPACE\Lib\site-packages\numpy\_core\__init__.py first seen with mtime 1747920844.0575888
DEBUG 2025-06-06 15:58:25,432 autoreload 21032 2356 File C:\PROJECTS\NEXTJS-SPACE\Lib\site-packages\django\db\models\aggregates.py first seen with mtime 1747644922.5301163
DEBUG 2025-06-06 15:58:25,432 autoreload 21032 2356 File C:\Program Files\WindowsApps\PythonSoftwareFoundation.Python.3.12_3.12.2800.0_x64__qbz5n2kfra8p0\Lib\multiprocessing\process.py first seen with mtime 1740483574.3604422
DEBUG 2025-06-06 15:58:25,432 autoreload 21032 2356 File C:\PROJECTS\backend\backend\urls.py first seen with mtime 1749114770.438978
DEBUG 2025-06-06 15:58:25,432 autoreload 21032 2356 File C:\PROJECTS\NEXTJS-SPACE\Lib\site-packages\django\core\checks\compatibility\__init__.py first seen with mtime 1747644921.9989295
DEBUG 2025-06-06 15:58:25,432 autoreload 21032 2356 File C:\PROJECTS\NEXTJS-SPACE\Lib\site-packages\django\template\loaders\filesystem.py first seen with mtime 1747644923.1291454
DEBUG 2025-06-06 15:58:25,432 autoreload 21032 2356 File C:\Program Files\WindowsApps\PythonSoftwareFoundation.Python.3.12_3.12.2800.0_x64__qbz5n2kfra8p0\Lib\email\mime\__init__.py first seen with mtime 1744180870.7917943
DEBUG 2025-06-06 15:58:25,432 autoreload 21032 2356 File C:\PROJECTS\NEXTJS-SPACE\Lib\site-packages\django\utils\decorators.py first seen with mtime 1747644923.270151
DEBUG 2025-06-06 15:58:25,435 autoreload 21032 2356 File C:\PROJECTS\NEXTJS-SPACE\Lib\site-packages\psycopg2\_psycopg.cp312-win_amd64.pyd first seen with mtime 1747644913.5002007
DEBUG 2025-06-06 15:58:25,435 autoreload 21032 2356 File C:\PROJECTS\NEXTJS-SPACE\Lib\site-packages\django\contrib\auth\models.py first seen with mtime 1747644917.1075733
DEBUG 2025-06-06 15:58:25,435 autoreload 21032 2356 File C:\PROJECTS\NEXTJS-SPACE\Lib\site-packages\urllib3\fields.py first seen with mtime 1747829987.1848483
DEBUG 2025-06-06 15:58:25,435 autoreload 21032 2356 File C:\PROJECTS\NEXTJS-SPACE\Lib\site-packages\django\contrib\postgres\__init__.py first seen with mtime 1747644919.6999865
DEBUG 2025-06-06 15:58:25,435 autoreload 21032 2356 File C:\PROJECTS\NEXTJS-SPACE\Lib\site-packages\django\db\backends\utils.py first seen with mtime 1747644922.329013
DEBUG 2025-06-06 15:58:25,435 autoreload 21032 2356 File C:\Program Files\WindowsApps\PythonSoftwareFoundation.Python.3.12_3.12.2800.0_x64__qbz5n2kfra8p0\Lib\dis.py first seen with mtime 1740483566.2321627
DEBUG 2025-06-06 15:58:25,435 autoreload 21032 2356 File C:\PROJECTS\NEXTJS-SPACE\Lib\site-packages\charset_normalizer\version.py first seen with mtime 1747829988.4624593
DEBUG 2025-06-06 15:58:25,435 autoreload 21032 2356 File C:\PROJECTS\NEXTJS-SPACE\Lib\site-packages\amqp\sasl.py first seen with mtime 1747904801.0880442
DEBUG 2025-06-06 15:58:25,436 autoreload 21032 2356 File C:\PROJECTS\NEXTJS-SPACE\Lib\site-packages\celery\utils\imports.py first seen with mtime 1747904804.1701212
DEBUG 2025-06-06 15:58:25,436 autoreload 21032 2356 File C:\PROJECTS\NEXTJS-SPACE\Lib\site-packages\django\contrib\staticfiles\checks.py first seen with mtime 1747644921.8305576
DEBUG 2025-06-06 15:58:25,436 autoreload 21032 2356 File C:\Program Files\WindowsApps\PythonSoftwareFoundation.Python.3.12_3.12.2800.0_x64__qbz5n2kfra8p0\Lib\importlib\resources\_common.py first seen with mtime 1740483572.677636
DEBUG 2025-06-06 15:58:25,436 autoreload 21032 2356 File C:\Program Files\WindowsApps\PythonSoftwareFoundation.Python.3.12_3.12.2800.0_x64__qbz5n2kfra8p0\Lib\asyncio\base_events.py first seen with mtime 1744180881.9981682
DEBUG 2025-06-06 15:58:25,436 autoreload 21032 2356 File C:\PROJECTS\NEXTJS-SPACE\Lib\site-packages\numpy\version.py first seen with mtime 1747920841.089664
DEBUG 2025-06-06 15:58:25,436 autoreload 21032 2356 File C:\PROJECTS\NEXTJS-SPACE\Lib\site-packages\numpy\_globals.py first seen with mtime 1747920841.121303
DEBUG 2025-06-06 15:58:25,437 autoreload 21032 2356 File C:\Program Files\WindowsApps\PythonSoftwareFoundation.Python.3.12_3.12.2800.0_x64__qbz5n2kfra8p0\Lib\_compression.py first seen with mtime 1740483586.2040734
DEBUG 2025-06-06 15:58:25,437 autoreload 21032 2356 File C:\PROJECTS\NEXTJS-SPACE\Lib\site-packages\amqp\abstract_channel.py first seen with mtime 1747904801.0512805
DEBUG 2025-06-06 15:58:25,437 autoreload 21032 2356 File C:\Program Files\WindowsApps\PythonSoftwareFoundation.Python.3.12_3.12.2800.0_x64__qbz5n2kfra8p0\Lib\hmac.py first seen with mtime 1740483568.8244436
DEBUG 2025-06-06 15:58:25,437 autoreload 21032 2356 File C:\Program Files\WindowsApps\PythonSoftwareFoundation.Python.3.12_3.12.2800.0_x64__qbz5n2kfra8p0\Lib\importlib\metadata\_text.py first seen with mtime 1740483572.6121874
DEBUG 2025-06-06 15:58:25,437 autoreload 21032 2356 File C:\PROJECTS\NEXTJS-SPACE\Lib\site-packages\urllib3\_collections.py first seen with mtime 1747829987.1554468
DEBUG 2025-06-06 15:58:25,437 autoreload 21032 2356 File C:\PROJECTS\NEXTJS-SPACE\Lib\site-packages\PIL\_deprecate.py first seen with mtime 1747645869.7741344
DEBUG 2025-06-06 15:58:25,437 autoreload 21032 2356 File C:\PROJECTS\NEXTJS-SPACE\Lib\site-packages\corsheaders\defaults.py first seen with mtime 1747645208.9219613
DEBUG 2025-06-06 15:58:25,437 autoreload 21032 2356 File C:\PROJECTS\NEXTJS-SPACE\Lib\site-packages\bs4\_warnings.py first seen with mtime 1747906836.5504062
DEBUG 2025-06-06 15:58:25,437 autoreload 21032 2356 File C:\PROJECTS\NEXTJS-SPACE\Lib\site-packages\django_filters\conf.py first seen with mtime 1747652147.9561005
DEBUG 2025-06-06 15:58:25,437 autoreload 21032 2356 File C:\PROJECTS\NEXTJS-SPACE\Lib\site-packages\django\utils\http.py first seen with mtime 1747644923.313294
DEBUG 2025-06-06 15:58:25,437 autoreload 21032 2356 File C:\PROJECTS\NEXTJS-SPACE\Lib\site-packages\sqlparse\engine\statement_splitter.py first seen with mtime 1747644912.9758239
DEBUG 2025-06-06 15:58:25,437 autoreload 21032 2356 File C:\PROJECTS\NEXTJS-SPACE\Lib\site-packages\django\views\generic\edit.py first seen with mtime 1747644923.4699817
DEBUG 2025-06-06 15:58:25,437 autoreload 21032 2356 File C:\Program Files\WindowsApps\PythonSoftwareFoundation.Python.3.12_3.12.2800.0_x64__qbz5n2kfra8p0\Lib\email\iterators.py first seen with mtime 1740483566.8132114
DEBUG 2025-06-06 15:58:25,439 autoreload 21032 2356 File C:\Program Files\WindowsApps\PythonSoftwareFoundation.Python.3.12_3.12.2800.0_x64__qbz5n2kfra8p0\Lib\asyncio\proactor_events.py first seen with mtime 1740483565.6608353
DEBUG 2025-06-06 15:58:25,439 autoreload 21032 2356 File C:\PROJECTS\NEXTJS-SPACE\Lib\site-packages\django\core\mail\utils.py first seen with mtime 1747644922.1045601
DEBUG 2025-06-06 15:58:25,439 autoreload 21032 2356 File C:\PROJECTS\NEXTJS-SPACE\Lib\site-packages\django\core\checks\registry.py first seen with mtime 1747644921.989088
DEBUG 2025-06-06 15:58:25,439 autoreload 21032 2356 File C:\PROJECTS\NEXTJS-SPACE\Lib\site-packages\asgiref\sync.py first seen with mtime 1747644913.831936
DEBUG 2025-06-06 15:58:25,439 autoreload 21032 2356 File C:\PROJECTS\NEXTJS-SPACE\Lib\site-packages\numpy\_core\_add_newdocs_scalars.py first seen with mtime 1747920843.8114536
DEBUG 2025-06-06 15:58:25,439 autoreload 21032 2356 File C:\Program Files\WindowsApps\PythonSoftwareFoundation.Python.3.12_3.12.2800.0_x64__qbz5n2kfra8p0\DLLs\_ssl.pyd first seen with mtime 1744180881.7755158
DEBUG 2025-06-06 15:58:25,439 autoreload 21032 2356 File C:\PROJECTS\backend\api\services\google_places_service.py first seen with mtime 1748846457.8795283
DEBUG 2025-06-06 15:58:25,439 autoreload 21032 2356 File C:\Program Files\WindowsApps\PythonSoftwareFoundation.Python.3.12_3.12.2800.0_x64__qbz5n2kfra8p0\Lib\email\errors.py first seen with mtime 1740483566.2797267
DEBUG 2025-06-06 15:58:25,440 autoreload 21032 2356 File C:\PROJECTS\NEXTJS-SPACE\Lib\site-packages\django\contrib\auth\hashers.py first seen with mtime 1747644917.099801
DEBUG 2025-06-06 15:58:25,440 autoreload 21032 2356 File C:\PROJECTS\NEXTJS-SPACE\Lib\site-packages\charset_normalizer\__init__.py first seen with mtime 1747829988.4293394
DEBUG 2025-06-06 15:58:25,440 autoreload 21032 2356 File C:\Program Files\WindowsApps\PythonSoftwareFoundation.Python.3.12_3.12.2800.0_x64__qbz5n2kfra8p0\Lib\asyncio\sslproto.py first seen with mtime 1740483565.671466
DEBUG 2025-06-06 15:58:25,440 autoreload 21032 2356 File C:\Program Files\WindowsApps\PythonSoftwareFoundation.Python.3.12_3.12.2800.0_x64__qbz5n2kfra8p0\Lib\traceback.py first seen with mtime 1744180891.336769
DEBUG 2025-06-06 15:58:25,440 autoreload 21032 2356 File C:\Program Files\WindowsApps\PythonSoftwareFoundation.Python.3.12_3.12.2800.0_x64__qbz5n2kfra8p0\Lib\dataclasses.py first seen with mtime 1740483566.200426
DEBUG 2025-06-06 15:58:25,440 autoreload 21032 2356 File C:\PROJECTS\NEXTJS-SPACE\Lib\site-packages\django\db\models\fields\reverse_related.py first seen with mtime 1747644922.5929716
DEBUG 2025-06-06 15:58:25,440 autoreload 21032 2356 File C:\PROJECTS\NEXTJS-SPACE\Lib\site-packages\dateutil\parser\__init__.py first seen with mtime 1747904799.9202166
DEBUG 2025-06-06 15:58:25,440 autoreload 21032 2356 File C:\Program Files\WindowsApps\PythonSoftwareFoundation.Python.3.12_3.12.2800.0_x64__qbz5n2kfra8p0\Lib\importlib\metadata\_functools.py first seen with mtime 1740483572.6121874
DEBUG 2025-06-06 15:58:25,440 autoreload 21032 2356 File C:\PROJECTS\NEXTJS-SPACE\Lib\site-packages\django\template\response.py first seen with mtime 1747644923.087553
DEBUG 2025-06-06 15:58:25,440 autoreload 21032 2356 File C:\PROJECTS\NEXTJS-SPACE\Lib\site-packages\rest_framework_simplejwt\tokens.py first seen with mtime 1747645387.131644
DEBUG 2025-06-06 15:58:25,440 autoreload 21032 2356 File C:\PROJECTS\NEXTJS-SPACE\Lib\site-packages\PIL\Image.py first seen with mtime 1747645869.6384084
DEBUG 2025-06-06 15:58:25,440 autoreload 21032 2356 File C:\PROJECTS\NEXTJS-SPACE\Lib\site-packages\django\core\handlers\__init__.py first seen with mtime 1747644922.0784104
DEBUG 2025-06-06 15:58:25,440 autoreload 21032 2356 File C:\PROJECTS\NEXTJS-SPACE\Lib\site-packages\django\template\backends\base.py first seen with mtime 1747644923.0998194
DEBUG 2025-06-06 15:58:25,442 autoreload 21032 2356 File C:\PROJECTS\NEXTJS-SPACE\Lib\site-packages\django\contrib\staticfiles\__init__.py first seen with mtime 1747644921.8305576
DEBUG 2025-06-06 15:58:25,442 autoreload 21032 2356 File C:\PROJECTS\NEXTJS-SPACE\Lib\site-packages\colorama\winterm.py first seen with mtime 1747904798.7388878
DEBUG 2025-06-06 15:58:25,442 autoreload 21032 2356 File C:\Program Files\WindowsApps\PythonSoftwareFoundation.Python.3.12_3.12.2800.0_x64__qbz5n2kfra8p0\Lib\http\client.py first seen with mtime 1740483568.8580508
DEBUG 2025-06-06 15:58:25,442 autoreload 21032 2356 File C:\PROJECTS\NEXTJS-SPACE\Lib\site-packages\corsheaders\signals.py first seen with mtime 1747645208.931296
DEBUG 2025-06-06 15:58:25,442 autoreload 21032 2356 File C:\PROJECTS\NEXTJS-SPACE\Lib\site-packages\django\contrib\admin\templatetags\admin_list.py first seen with mtime 1747644916.5094128
DEBUG 2025-06-06 15:58:25,442 autoreload 21032 2356 File C:\PROJECTS\NEXTJS-SPACE\Lib\site-packages\django\db\models\manager.py first seen with mtime 1747644922.5498374
DEBUG 2025-06-06 15:58:25,442 autoreload 21032 2356 File C:\PROJECTS\NEXTJS-SPACE\Lib\site-packages\django\core\handlers\wsgi.py first seen with mtime 1747644922.0892015
DEBUG 2025-06-06 15:58:25,442 autoreload 21032 2356 File C:\PROJECTS\NEXTJS-SPACE\Lib\site-packages\sqlparse\engine\filter_stack.py first seen with mtime 1747644912.970018
DEBUG 2025-06-06 15:58:25,442 autoreload 21032 2356 File C:\Program Files\WindowsApps\PythonSoftwareFoundation.Python.3.12_3.12.2800.0_x64__qbz5n2kfra8p0\Lib\functools.py first seen with mtime 1740483568.792801
DEBUG 2025-06-06 15:58:25,442 autoreload 21032 2356 File C:\PROJECTS\NEXTJS-SPACE\Lib\site-packages\django\core\checks\model_checks.py first seen with mtime 1747644921.9867115
DEBUG 2025-06-06 15:58:25,444 autoreload 21032 2356 File C:\PROJECTS\NEXTJS-SPACE\Lib\site-packages\amqp\protocol.py first seen with mtime 1747904801.0845423
DEBUG 2025-06-06 15:58:25,444 autoreload 21032 2356 File C:\PROJECTS\NEXTJS-SPACE\Lib\site-packages\colorama\initialise.py first seen with mtime 1747904798.7280602
DEBUG 2025-06-06 15:58:25,444 autoreload 21032 2356 File C:\Program Files\WindowsApps\PythonSoftwareFoundation.Python.3.12_3.12.2800.0_x64__qbz5n2kfra8p0\Lib\queue.py first seen with mtime 1740483574.7050028
DEBUG 2025-06-06 15:58:25,444 autoreload 21032 2356 File C:\PROJECTS\NEXTJS-SPACE\Lib\site-packages\django\utils\functional.py first seen with mtime 1747644923.3002508
DEBUG 2025-06-06 15:58:25,444 autoreload 21032 2356 File C:\Program Files\WindowsApps\PythonSoftwareFoundation.Python.3.12_3.12.2800.0_x64__qbz5n2kfra8p0\Lib\weakref.py first seen with mtime 1740483584.4597056
DEBUG 2025-06-06 15:58:25,445 autoreload 21032 2356 File C:\PROJECTS\NEXTJS-SPACE\Lib\site-packages\django\contrib\postgres\forms\ranges.py first seen with mtime 1747644919.7562106
DEBUG 2025-06-06 15:58:25,445 autoreload 21032 2356 File C:\Program Files\WindowsApps\PythonSoftwareFoundation.Python.3.12_3.12.2800.0_x64__qbz5n2kfra8p0\DLLs\_ctypes.pyd first seen with mtime 1744180879.6204927
DEBUG 2025-06-06 15:58:25,445 autoreload 21032 2356 File C:\PROJECTS\NEXTJS-SPACE\Lib\site-packages\django\contrib\admin\actions.py first seen with mtime 1747644914.9459507
DEBUG 2025-06-06 15:58:25,445 autoreload 21032 2356 File C:\PROJECTS\NEXTJS-SPACE\Lib\site-packages\numpy\_core\_machar.py first seen with mtime 1747920843.8581371
DEBUG 2025-06-06 15:58:25,445 autoreload 21032 2356 File C:\Program Files\WindowsApps\PythonSoftwareFoundation.Python.3.12_3.12.2800.0_x64__qbz5n2kfra8p0\Lib\multiprocessing\__init__.py first seen with mtime 1740483574.3729186
DEBUG 2025-06-06 15:58:25,445 autoreload 21032 2356 File C:\PROJECTS\NEXTJS-SPACE\Lib\site-packages\numpy\lib\format.py first seen with mtime 1747920841.807916
DEBUG 2025-06-06 15:58:25,445 autoreload 21032 2356 File C:\PROJECTS\NEXTJS-SPACE\Lib\site-packages\django\db\migrations\__init__.py first seen with mtime 1747644922.4802165
DEBUG 2025-06-06 15:58:25,446 autoreload 21032 2356 File C:\Program Files\WindowsApps\PythonSoftwareFoundation.Python.3.12_3.12.2800.0_x64__qbz5n2kfra8p0\Lib\ast.py first seen with mtime 1740483565.6398559
DEBUG 2025-06-06 15:58:25,446 autoreload 21032 2356 File C:\PROJECTS\NEXTJS-SPACE\Lib\site-packages\django\utils\lorem_ipsum.py first seen with mtime 1747644923.3308866
DEBUG 2025-06-06 15:58:25,446 autoreload 21032 2356 File C:\Program Files\WindowsApps\PythonSoftwareFoundation.Python.3.12_3.12.2800.0_x64__qbz5n2kfra8p0\Lib\secrets.py first seen with mtime 1740483574.8004706
DEBUG 2025-06-06 15:58:25,446 autoreload 21032 2356 File C:\PROJECTS\NEXTJS-SPACE\Lib\site-packages\celery\app\autoretry.py first seen with mtime 1747904803.7989874
DEBUG 2025-06-06 15:58:25,446 autoreload 21032 2356 File C:\PROJECTS\NEXTJS-SPACE\Lib\site-packages\django\contrib\admin\helpers.py first seen with mtime 1747644914.9498482
DEBUG 2025-06-06 15:58:25,446 autoreload 21032 2356 File C:\Program Files\WindowsApps\PythonSoftwareFoundation.Python.3.12_3.12.2800.0_x64__qbz5n2kfra8p0\Lib\pickle.py first seen with mtime 1740483574.554801
DEBUG 2025-06-06 15:58:25,447 autoreload 21032 2356 File C:\PROJECTS\NEXTJS-SPACE\Lib\site-packages\django\utils\regex_helper.py first seen with mtime 1747644923.3498905
DEBUG 2025-06-06 15:58:25,447 autoreload 21032 2356 File C:\Program Files\WindowsApps\PythonSoftwareFoundation.Python.3.12_3.12.2800.0_x64__qbz5n2kfra8p0\Lib\json\decoder.py first seen with mtime 1740483572.8378065
DEBUG 2025-06-06 15:58:25,448 autoreload 21032 2356 File C:\PROJECTS\NEXTJS-SPACE\Lib\site-packages\django\urls\resolvers.py first seen with mtime 1747644923.1802518
DEBUG 2025-06-06 15:58:25,448 autoreload 21032 2356 File C:\Program Files\WindowsApps\PythonSoftwareFoundation.Python.3.12_3.12.2800.0_x64__qbz5n2kfra8p0\Lib\email\policy.py first seen with mtime 1740483566.8440988
DEBUG 2025-06-06 15:58:25,448 autoreload 21032 2356 File C:\PROJECTS\NEXTJS-SPACE\Lib\site-packages\urllib3\poolmanager.py first seen with mtime 1747829987.192558
DEBUG 2025-06-06 15:58:25,448 autoreload 21032 2356 File C:\PROJECTS\NEXTJS-SPACE\Lib\site-packages\urllib3\util\wait.py first seen with mtime 1747829987.3006423
DEBUG 2025-06-06 15:58:25,448 autoreload 21032 2356 File C:\PROJECTS\NEXTJS-SPACE\Lib\site-packages\django\core\exceptions.py first seen with mtime 1747644921.8922925
DEBUG 2025-06-06 15:58:25,448 autoreload 21032 2356 File C:\Program Files\WindowsApps\PythonSoftwareFoundation.Python.3.12_3.12.2800.0_x64__qbz5n2kfra8p0\Lib\encodings\utf_8.py first seen with mtime 1740483567.1750503
DEBUG 2025-06-06 15:58:25,448 autoreload 21032 2356 File C:\PROJECTS\NEXTJS-SPACE\Lib\site-packages\django\contrib\__init__.py first seen with mtime 1747644914.9399629
DEBUG 2025-06-06 15:58:25,448 autoreload 21032 2356 File C:\PROJECTS\NEXTJS-SPACE\Lib\site-packages\django\contrib\auth\apps.py first seen with mtime 1747644917.0500927
DEBUG 2025-06-06 15:58:25,448 autoreload 21032 2356 File C:\PROJECTS\NEXTJS-SPACE\Lib\site-packages\django\conf\locale\__init__.py first seen with mtime 1747644914.091115
DEBUG 2025-06-06 15:58:25,448 autoreload 21032 2356 File C:\PROJECTS\NEXTJS-SPACE\Lib\site-packages\django\utils\safestring.py first seen with mtime 1747644923.3498905
DEBUG 2025-06-06 15:58:25,448 autoreload 21032 2356 File C:\Program Files\WindowsApps\PythonSoftwareFoundation.Python.3.12_3.12.2800.0_x64__qbz5n2kfra8p0\Lib\hashlib.py first seen with mtime 1740483568.8244436
DEBUG 2025-06-06 15:58:25,448 autoreload 21032 2356 File C:\PROJECTS\NEXTJS-SPACE\Lib\site-packages\django\contrib\sessions\base_session.py first seen with mtime 1747644920.641196
DEBUG 2025-06-06 15:58:25,448 autoreload 21032 2356 File C:\PROJECTS\NEXTJS-SPACE\Lib\site-packages\django\utils\duration.py first seen with mtime 1747644923.2821794
DEBUG 2025-06-06 15:58:25,448 autoreload 21032 2356 File C:\PROJECTS\NEXTJS-SPACE\Lib\site-packages\django\db\models\signals.py first seen with mtime 1747644922.5629826
DEBUG 2025-06-06 15:58:25,448 autoreload 21032 2356 File C:\PROJECTS\NEXTJS-SPACE\Lib\site-packages\celery\utils\abstract.py first seen with mtime 1747904804.15239
DEBUG 2025-06-06 15:58:25,448 autoreload 21032 2356 File C:\PROJECTS\NEXTJS-SPACE\Lib\site-packages\vine\funtools.py first seen with mtime 1747904794.8333447
DEBUG 2025-06-06 15:58:25,448 autoreload 21032 2356 File C:\PROJECTS\NEXTJS-SPACE\Lib\site-packages\django\db\backends\base\base.py first seen with mtime 1747644922.3358476
DEBUG 2025-06-06 15:58:25,448 autoreload 21032 2356 File C:\PROJECTS\NEXTJS-SPACE\Lib\site-packages\rest_framework\filters.py first seen with mtime 1747644937.4430974
DEBUG 2025-06-06 15:58:25,448 autoreload 21032 2356 File C:\PROJECTS\NEXTJS-SPACE\Lib\site-packages\django\utils\encoding.py first seen with mtime 1747644923.2872405
DEBUG 2025-06-06 15:58:25,448 autoreload 21032 2356 File C:\PROJECTS\NEXTJS-SPACE\Lib\site-packages\corsheaders\checks.py first seen with mtime 1747645208.9103503
DEBUG 2025-06-06 15:58:25,448 autoreload 21032 2356 File C:\PROJECTS\NEXTJS-SPACE\Lib\site-packages\django\db\models\indexes.py first seen with mtime 1747644922.5498374
DEBUG 2025-06-06 15:58:25,452 autoreload 21032 2356 File C:\Program Files\WindowsApps\PythonSoftwareFoundation.Python.3.12_3.12.2800.0_x64__qbz5n2kfra8p0\Lib\bz2.py first seen with mtime 1740483566.0094194
DEBUG 2025-06-06 15:58:25,452 autoreload 21032 2356 File C:\PROJECTS\NEXTJS-SPACE\Lib\site-packages\celery\app\__init__.py first seen with mtime 1747904803.7901256
DEBUG 2025-06-06 15:58:25,452 autoreload 21032 2356 File C:\PROJECTS\NEXTJS-SPACE\Lib\site-packages\charset_normalizer\utils.py first seen with mtime 1747829988.4594154
DEBUG 2025-06-06 15:58:25,452 autoreload 21032 2356 File C:\PROJECTS\NEXTJS-SPACE\Lib\site-packages\kombu\abstract.py first seen with mtime 1747904801.517661
DEBUG 2025-06-06 15:58:25,452 autoreload 21032 2356 File C:\PROJECTS\NEXTJS-SPACE\Lib\site-packages\amqp\connection.py first seen with mtime 1747904801.0676768
DEBUG 2025-06-06 15:58:25,452 autoreload 21032 2356 File C:\Program Files\WindowsApps\PythonSoftwareFoundation.Python.3.12_3.12.2800.0_x64__qbz5n2kfra8p0\Lib\concurrent\futures\__init__.py first seen with mtime 1740483566.0733712
DEBUG 2025-06-06 15:58:25,452 autoreload 21032 2356 File C:\PROJECTS\NEXTJS-SPACE\Lib\site-packages\googlemaps\elevation.py first seen with mtime 1747905130.0890827
DEBUG 2025-06-06 15:58:25,452 autoreload 21032 2356 File C:\Program Files\WindowsApps\PythonSoftwareFoundation.Python.3.12_3.12.2800.0_x64__qbz5n2kfra8p0\Lib\inspect.py first seen with mtime 1744180886.327047
DEBUG 2025-06-06 15:58:25,454 autoreload 21032 2356 File C:\PROJECTS\NEXTJS-SPACE\Lib\site-packages\dateutil\parser\_parser.py first seen with mtime 1747904799.9261146
DEBUG 2025-06-06 15:58:25,454 autoreload 21032 2356 File C:\PROJECTS\NEXTJS-SPACE\Lib\site-packages\dateutil\tz\_common.py first seen with mtime 1747904799.9412673
DEBUG 2025-06-06 15:58:25,454 autoreload 21032 2356 File C:\PROJECTS\NEXTJS-SPACE\Lib\site-packages\rest_framework\schemas\utils.py first seen with mtime 1747644937.862891
DEBUG 2025-06-06 15:58:25,454 autoreload 21032 2356 File C:\PROJECTS\NEXTJS-SPACE\Lib\site-packages\django\template\backends\__init__.py first seen with mtime 1747644923.0927842
DEBUG 2025-06-06 15:58:25,454 autoreload 21032 2356 File C:\PROJECTS\NEXTJS-SPACE\Lib\site-packages\bs4\formatter.py first seen with mtime 1747906836.5821965
DEBUG 2025-06-06 15:58:25,454 autoreload 21032 2356 File C:\Program Files\WindowsApps\PythonSoftwareFoundation.Python.3.12_3.12.2800.0_x64__qbz5n2kfra8p0\Lib\concurrent\__init__.py first seen with mtime 1740483566.105165
DEBUG 2025-06-06 15:58:25,454 autoreload 21032 2356 File C:\Program Files\WindowsApps\PythonSoftwareFoundation.Python.3.12_3.12.2800.0_x64__qbz5n2kfra8p0\Lib\wsgiref\simple_server.py first seen with mtime 1740483584.4913423
DEBUG 2025-06-06 15:58:25,454 autoreload 21032 2356 File C:\PROJECTS\NEXTJS-SPACE\Lib\site-packages\django\__init__.py first seen with mtime 1747644914.07047
DEBUG 2025-06-06 15:58:25,455 autoreload 21032 2356 File C:\PROJECTS\NEXTJS-SPACE\Lib\site-packages\amqp\platform.py first seen with mtime 1747904801.080175
DEBUG 2025-06-06 15:58:25,455 autoreload 21032 2356 File C:\PROJECTS\NEXTJS-SPACE\Lib\site-packages\click\globals.py first seen with mtime 1747904800.5627038
DEBUG 2025-06-06 15:58:25,455 autoreload 21032 2356 File C:\PROJECTS\NEXTJS-SPACE\Lib\site-packages\psycopg2\extensions.py first seen with mtime 1747644913.514085
DEBUG 2025-06-06 15:58:25,455 autoreload 21032 2356 File C:\PROJECTS\NEXTJS-SPACE\Lib\site-packages\numpy\_pytesttester.py first seen with mtime 1747920841.1276224
DEBUG 2025-06-06 15:58:25,455 autoreload 21032 2356 File C:\PROJECTS\NEXTJS-SPACE\Lib\site-packages\django\db\models\fields\composite.py first seen with mtime 1747644922.5698588
DEBUG 2025-06-06 15:58:25,455 autoreload 21032 2356 File C:\PROJECTS\NEXTJS-SPACE\Lib\site-packages\django\contrib\staticfiles\finders.py first seen with mtime 1747644921.8433175
DEBUG 2025-06-06 15:58:25,455 autoreload 21032 2356 File C:\Program Files\WindowsApps\PythonSoftwareFoundation.Python.3.12_3.12.2800.0_x64__qbz5n2kfra8p0\Lib\concurrent\futures\_base.py first seen with mtime 1740483566.0733712
DEBUG 2025-06-06 15:58:25,456 autoreload 21032 2356 File C:\PROJECTS\NEXTJS-SPACE\Lib\site-packages\django\core\wsgi.py first seen with mtime 1747644921.9083993
DEBUG 2025-06-06 15:58:25,456 autoreload 21032 2356 File C:\PROJECTS\NEXTJS-SPACE\Lib\site-packages\celery\loaders\__init__.py first seen with mtime 1747904804.1126213
DEBUG 2025-06-06 15:58:25,456 autoreload 21032 2356 File C:\Program Files\WindowsApps\PythonSoftwareFoundation.Python.3.12_3.12.2800.0_x64__qbz5n2kfra8p0\Lib\ssl.py first seen with mtime 1740483582.7940547
DEBUG 2025-06-06 15:58:25,456 autoreload 21032 2356 File C:\PROJECTS\NEXTJS-SPACE\Lib\site-packages\django\views\decorators\debug.py first seen with mtime 1747644923.444407
DEBUG 2025-06-06 15:58:25,456 autoreload 21032 2356 File C:\PROJECTS\NEXTJS-SPACE\Lib\site-packages\PIL\ImageMode.py first seen with mtime 1747645869.6673014
DEBUG 2025-06-06 15:58:25,456 autoreload 21032 2356 File C:\Program Files\WindowsApps\PythonSoftwareFoundation.Python.3.12_3.12.2800.0_x64__qbz5n2kfra8p0\Lib\asyncio\threads.py first seen with mtime 1740483565.6841817
DEBUG 2025-06-06 15:58:25,457 autoreload 21032 2356 File C:\PROJECTS\NEXTJS-SPACE\Lib\site-packages\amqp\channel.py first seen with mtime 1747904801.0620947
DEBUG 2025-06-06 15:58:25,457 autoreload 21032 2356 File C:\PROJECTS\NEXTJS-SPACE\Lib\site-packages\rest_framework\utils\serializer_helpers.py first seen with mtime 1747644938.3200116
DEBUG 2025-06-06 15:58:25,457 autoreload 21032 2356 File C:\Program Files\WindowsApps\PythonSoftwareFoundation.Python.3.12_3.12.2800.0_x64__qbz5n2kfra8p0\Lib\glob.py first seen with mtime 1740483568.8085895
DEBUG 2025-06-06 15:58:25,457 autoreload 21032 2356 File C:\PROJECTS\NEXTJS-SPACE\Lib\site-packages\numpy\lib\_npyio_impl.py first seen with mtime 1747920841.94538
DEBUG 2025-06-06 15:58:25,457 autoreload 21032 2356 File C:\PROJECTS\NEXTJS-SPACE\Lib\site-packages\requests\api.py first seen with mtime 1747829988.8356361
DEBUG 2025-06-06 15:58:25,457 autoreload 21032 2356 File C:\Program Files\WindowsApps\PythonSoftwareFoundation.Python.3.12_3.12.2800.0_x64__qbz5n2kfra8p0\Lib\difflib.py first seen with mtime 1744180882.0781486
DEBUG 2025-06-06 15:58:25,457 autoreload 21032 2356 File C:\Program Files\WindowsApps\PythonSoftwareFoundation.Python.3.12_3.12.2800.0_x64__qbz5n2kfra8p0\Lib\email\mime\base.py first seen with mtime 1740483566.8181047
DEBUG 2025-06-06 15:58:25,457 autoreload 21032 2356 File C:\PROJECTS\NEXTJS-SPACE\Lib\site-packages\django\core\serializers\base.py first seen with mtime 1747644922.285083
DEBUG 2025-06-06 15:58:25,457 autoreload 21032 2356 File C:\Program Files\WindowsApps\PythonSoftwareFoundation.Python.3.12_3.12.2800.0_x64__qbz5n2kfra8p0\DLLs\_bz2.pyd first seen with mtime 1744180879.5911
DEBUG 2025-06-06 15:58:25,457 autoreload 21032 2356 File C:\PROJECTS\NEXTJS-SPACE\Lib\site-packages\numpy\lib\_function_base_impl.py first seen with mtime 1747920841.9097402
DEBUG 2025-06-06 15:58:25,457 autoreload 21032 2356 File C:\PROJECTS\NEXTJS-SPACE\Lib\site-packages\django\db\migrations\state.py first seen with mtime 1747644922.511603
DEBUG 2025-06-06 15:58:25,457 autoreload 21032 2356 File C:\PROJECTS\NEXTJS-SPACE\Lib\site-packages\celery\utils\collections.py first seen with mtime 1747904804.1568487
DEBUG 2025-06-06 15:58:25,457 autoreload 21032 2356 File C:\PROJECTS\NEXTJS-SPACE\Lib\site-packages\PIL\_imaging.cp312-win_amd64.pyd first seen with mtime 1747645869.7953527
DEBUG 2025-06-06 15:58:25,457 autoreload 21032 2356 File C:\PROJECTS\NEXTJS-SPACE\Lib\site-packages\kombu\transport\__init__.py first seen with mtime 1747904801.6512074
DEBUG 2025-06-06 15:58:25,457 autoreload 21032 2356 File C:\PROJECTS\NEXTJS-SPACE\Lib\site-packages\rest_framework\permissions.py first seen with mtime 1747644937.4701357
DEBUG 2025-06-06 15:58:25,457 autoreload 21032 2356 File C:\PROJECTS\NEXTJS-SPACE\Lib\site-packages\rest_framework\utils\json.py first seen with mtime 1747644938.3091235
DEBUG 2025-06-06 15:58:25,457 autoreload 21032 2356 File C:\PROJECTS\NEXTJS-SPACE\Lib\site-packages\celery\_state.py first seen with mtime 1747904803.7595198
DEBUG 2025-06-06 15:58:25,457 autoreload 21032 2356 File C:\PROJECTS\NEXTJS-SPACE\Lib\site-packages\django\apps\__init__.py first seen with mtime 1747644914.074721
DEBUG 2025-06-06 15:58:25,457 autoreload 21032 2356 File C:\PROJECTS\NEXTJS-SPACE\Lib\site-packages\django\contrib\admin\templatetags\base.py first seen with mtime 1747644916.5164115
DEBUG 2025-06-06 15:58:25,457 autoreload 21032 2356 File C:\PROJECTS\NEXTJS-SPACE\Lib\site-packages\django\template\engine.py first seen with mtime 1747644923.068216
DEBUG 2025-06-06 15:58:25,457 autoreload 21032 2356 File C:\Program Files\WindowsApps\PythonSoftwareFoundation.Python.3.12_3.12.2800.0_x64__qbz5n2kfra8p0\Lib\fnmatch.py first seen with mtime 1740483568.777008
DEBUG 2025-06-06 15:58:25,457 autoreload 21032 2356 File C:\PROJECTS\NEXTJS-SPACE\Lib\site-packages\django\core\management\commands\__init__.py first seen with mtime 1747644922.1553662
DEBUG 2025-06-06 15:58:25,457 autoreload 21032 2356 File C:\PROJECTS\NEXTJS-SPACE\Lib\site-packages\django\views\decorators\http.py first seen with mtime 1747644923.450076
DEBUG 2025-06-06 15:58:25,457 autoreload 21032 2356 File C:\PROJECTS\NEXTJS-SPACE\Lib\site-packages\django\utils\ipv6.py first seen with mtime 1747644923.3200483
DEBUG 2025-06-06 15:58:25,457 autoreload 21032 2356 File C:\PROJECTS\NEXTJS-SPACE\Lib\site-packages\django\template\smartif.py first seen with mtime 1747644923.0900648
DEBUG 2025-06-06 15:58:25,457 autoreload 21032 2356 File C:\PROJECTS\NEXTJS-SPACE\Lib\site-packages\django\db\backends\base\features.py first seen with mtime 1747644922.34313
DEBUG 2025-06-06 15:58:25,457 autoreload 21032 2356 File C:\PROJECTS\NEXTJS-SPACE\Lib\site-packages\django\utils\log.py first seen with mtime 1747644923.3308866
DEBUG 2025-06-06 15:58:25,457 autoreload 21032 2356 File C:\PROJECTS\NEXTJS-SPACE\Lib\site-packages\numpy\linalg\linalg.py first seen with mtime 1747920842.09789
DEBUG 2025-06-06 15:58:25,457 autoreload 21032 2356 File C:\Program Files\WindowsApps\PythonSoftwareFoundation.Python.3.12_3.12.2800.0_x64__qbz5n2kfra8p0\Lib\unittest\suite.py first seen with mtime 1740483584.2218156
DEBUG 2025-06-06 15:58:25,457 autoreload 21032 2356 File C:\PROJECTS\NEXTJS-SPACE\Lib\site-packages\django\contrib\auth\middleware.py first seen with mtime 1747644917.099801
DEBUG 2025-06-06 15:58:25,457 autoreload 21032 2356 File C:\PROJECTS\NEXTJS-SPACE\Lib\site-packages\celery\utils\objects.py first seen with mtime 1747904804.1777623
DEBUG 2025-06-06 15:58:25,457 autoreload 21032 2356 File C:\PROJECTS\NEXTJS-SPACE\Lib\site-packages\django\utils\inspect.py first seen with mtime 1747644923.313294
DEBUG 2025-06-06 15:58:25,457 autoreload 21032 2356 File C:\PROJECTS\NEXTJS-SPACE\Lib\site-packages\django\core\mail\message.py first seen with mtime 1747644922.1001205
DEBUG 2025-06-06 15:58:25,462 autoreload 21032 2356 File C:\PROJECTS\NEXTJS-SPACE\Lib\site-packages\rest_framework\utils\formatting.py first seen with mtime 1747644938.2997763
DEBUG 2025-06-06 15:58:25,462 autoreload 21032 2356 File C:\PROJECTS\NEXTJS-SPACE\Lib\site-packages\rest_framework\schemas\inspectors.py first seen with mtime 1747644937.8590062
DEBUG 2025-06-06 15:58:25,462 autoreload 21032 2356 File C:\PROJECTS\NEXTJS-SPACE\Lib\site-packages\numpy\_core\umath.py first seen with mtime 1747920843.7929838
DEBUG 2025-06-06 15:58:25,463 autoreload 21032 2356 File C:\PROJECTS\NEXTJS-SPACE\Lib\site-packages\dateutil\parser\isoparser.py first seen with mtime 1747904799.9306364
DEBUG 2025-06-06 15:58:25,463 autoreload 21032 2356 File C:\PROJECTS\NEXTJS-SPACE\Lib\site-packages\django\core\cache\__init__.py first seen with mtime 1747644921.913753
DEBUG 2025-06-06 15:58:25,463 autoreload 21032 2356 File C:\PROJECTS\NEXTJS-SPACE\Lib\site-packages\celery\exceptions.py first seen with mtime 1747904803.7712333
DEBUG 2025-06-06 15:58:25,463 autoreload 21032 2356 File C:\PROJECTS\NEXTJS-SPACE\Lib\site-packages\django\core\handlers\exception.py first seen with mtime 1747644922.0875719
DEBUG 2025-06-06 15:58:25,463 autoreload 21032 2356 File C:\PROJECTS\NEXTJS-SPACE\Lib\site-packages\django\http\multipartparser.py first seen with mtime 1747644922.9889932
DEBUG 2025-06-06 15:58:25,463 autoreload 21032 2356 File C:\Program Files\WindowsApps\PythonSoftwareFoundation.Python.3.12_3.12.2800.0_x64__qbz5n2kfra8p0\Lib\encodings\aliases.py first seen with mtime 1740483567.0168428
DEBUG 2025-06-06 15:58:25,464 autoreload 21032 2356 File C:\Program Files\WindowsApps\PythonSoftwareFoundation.Python.3.12_3.12.2800.0_x64__qbz5n2kfra8p0\Lib\email\mime\text.py first seen with mtime 1740483566.8224108
DEBUG 2025-06-06 15:58:25,464 autoreload 21032 2356 File C:\PROJECTS\NEXTJS-SPACE\Lib\site-packages\django\contrib\sessions\__init__.py first seen with mtime 1747644920.6346219
DEBUG 2025-06-06 15:58:25,464 autoreload 21032 2356 File C:\Program Files\WindowsApps\PythonSoftwareFoundation.Python.3.12_3.12.2800.0_x64__qbz5n2kfra8p0\Lib\concurrent\futures\thread.py first seen with mtime 1740483566.0733712
DEBUG 2025-06-06 15:58:25,464 autoreload 21032 2356 File C:\PROJECTS\NEXTJS-SPACE\Lib\site-packages\kombu\utils\objects.py first seen with mtime 1747904801.7525349
DEBUG 2025-06-06 15:58:25,464 autoreload 21032 2356 File C:\Program Files\WindowsApps\PythonSoftwareFoundation.Python.3.12_3.12.2800.0_x64__qbz5n2kfra8p0\Lib\textwrap.py first seen with mtime 1740483582.8259523
DEBUG 2025-06-06 15:58:25,465 autoreload 21032 2356 File C:\PROJECTS\NEXTJS-SPACE\Lib\site-packages\requests\adapters.py first seen with mtime 1747829988.8321493
DEBUG 2025-06-06 15:58:25,465 autoreload 21032 2356 File C:\PROJECTS\NEXTJS-SPACE\Lib\site-packages\django\views\__init__.py first seen with mtime 1747644923.410548
DEBUG 2025-06-06 15:58:25,465 autoreload 21032 2356 File C:\PROJECTS\NEXTJS-SPACE\Lib\site-packages\sqlparse\exceptions.py first seen with mtime 1747644912.9452157
DEBUG 2025-06-06 15:58:25,465 autoreload 21032 2356 File C:\PROJECTS\NEXTJS-SPACE\Lib\site-packages\django\contrib\admin\templatetags\admin_urls.py first seen with mtime 1747644916.512686
DEBUG 2025-06-06 15:58:25,465 autoreload 21032 2356 File C:\Program Files\WindowsApps\PythonSoftwareFoundation.Python.3.12_3.12.2800.0_x64__qbz5n2kfra8p0\Lib\importlib\resources\readers.py first seen with mtime 1740483572.677636
DEBUG 2025-06-06 15:58:25,465 autoreload 21032 2356 File C:\PROJECTS\NEXTJS-SPACE\Lib\site-packages\numpy\_core\printoptions.py first seen with mtime 1747920843.7649295
DEBUG 2025-06-06 15:58:25,465 autoreload 21032 2356 File C:\PROJECTS\NEXTJS-SPACE\Lib\site-packages\django\contrib\auth\checks.py first seen with mtime 1747644917.059877
DEBUG 2025-06-06 15:58:25,465 autoreload 21032 2356 File C:\PROJECTS\NEXTJS-SPACE\Lib\site-packages\rest_framework\request.py first seen with mtime 1747644937.479931
DEBUG 2025-06-06 15:58:25,467 autoreload 21032 2356 File C:\PROJECTS\backend\api\serializers.py first seen with mtime 1749114620.3251336
DEBUG 2025-06-06 15:58:25,467 autoreload 21032 2356 File C:\PROJECTS\NEXTJS-SPACE\Lib\site-packages\corsheaders\apps.py first seen with mtime 1747645208.9103503
DEBUG 2025-06-06 15:58:25,467 autoreload 21032 2356 File C:\PROJECTS\NEXTJS-SPACE\Lib\site-packages\django\utils\deconstruct.py first seen with mtime 1747644923.2647555
DEBUG 2025-06-06 15:58:25,467 autoreload 21032 2356 File C:\Program Files\WindowsApps\PythonSoftwareFoundation.Python.3.12_3.12.2800.0_x64__qbz5n2kfra8p0\Lib\email\charset.py first seen with mtime 1740483566.263892
DEBUG 2025-06-06 15:58:25,467 autoreload 21032 2356 File C:\Program Files\WindowsApps\PythonSoftwareFoundation.Python.3.12_3.12.2800.0_x64__qbz5n2kfra8p0\Lib\operator.py first seen with mtime 1740483574.5369787
DEBUG 2025-06-06 15:58:25,467 autoreload 21032 2356 File C:\PROJECTS\NEXTJS-SPACE\Lib\site-packages\django\urls\conf.py first seen with mtime 1747644923.1760457
DEBUG 2025-06-06 15:58:25,467 autoreload 21032 2356 File C:\Program Files\WindowsApps\PythonSoftwareFoundation.Python.3.12_3.12.2800.0_x64__qbz5n2kfra8p0\Lib\asyncio\log.py first seen with mtime 1740483565.644843
DEBUG 2025-06-06 15:58:25,467 autoreload 21032 2356 File C:\PROJECTS\NEXTJS-SPACE\Lib\site-packages\django\utils\termcolors.py first seen with mtime 1747644923.3498905
DEBUG 2025-06-06 15:58:25,467 autoreload 21032 2356 File C:\PROJECTS\NEXTJS-SPACE\Lib\site-packages\bs4\dammit.py first seen with mtime 1747906836.5597763
DEBUG 2025-06-06 15:58:25,467 autoreload 21032 2356 File C:\PROJECTS\NEXTJS-SPACE\Lib\site-packages\django\contrib\contenttypes\apps.py first seen with mtime 1747644917.5602887
DEBUG 2025-06-06 15:58:25,467 autoreload 21032 2356 File C:\PROJECTS\NEXTJS-SPACE\Lib\site-packages\charset_normalizer\constant.py first seen with mtime 1747829988.4393215
DEBUG 2025-06-06 15:58:25,467 autoreload 21032 2356 File C:\PROJECTS\NEXTJS-SPACE\Lib\site-packages\django\core\checks\security\__init__.py first seen with mtime 1747644922.004848
DEBUG 2025-06-06 15:58:25,467 autoreload 21032 2356 File C:\PROJECTS\NEXTJS-SPACE\Lib\site-packages\django\utils\asyncio.py first seen with mtime 1747644923.2124505
DEBUG 2025-06-06 15:58:25,467 autoreload 21032 2356 File C:\PROJECTS\NEXTJS-SPACE\Lib\site-packages\django\utils\translation\__init__.py first seen with mtime 1747644923.3900115
DEBUG 2025-06-06 15:58:25,467 autoreload 21032 2356 File C:\PROJECTS\NEXTJS-SPACE\Lib\site-packages\numpy\__init__.py first seen with mtime 1747920841.1476817
DEBUG 2025-06-06 15:58:25,467 autoreload 21032 2356 File C:\PROJECTS\NEXTJS-SPACE\Lib\site-packages\idna\intranges.py first seen with mtime 1747829988.0857596
DEBUG 2025-06-06 15:58:25,467 autoreload 21032 2356 File C:\Program Files\WindowsApps\PythonSoftwareFoundation.Python.3.12_3.12.2800.0_x64__qbz5n2kfra8p0\Lib\multiprocessing\util.py first seen with mtime 1740483574.3729186
DEBUG 2025-06-06 15:58:25,467 autoreload 21032 2356 File C:\PROJECTS\NEXTJS-SPACE\Lib\site-packages\django\db\migrations\operations\special.py first seen with mtime 1747644922.5266962
DEBUG 2025-06-06 15:58:25,467 autoreload 21032 2356 File C:\PROJECTS\NEXTJS-SPACE\Lib\site-packages\rest_framework\serializers.py first seen with mtime 1747644937.4999301
DEBUG 2025-06-06 15:58:25,467 autoreload 21032 2356 File C:\Program Files\WindowsApps\PythonSoftwareFoundation.Python.3.12_3.12.2800.0_x64__qbz5n2kfra8p0\Lib\csv.py first seen with mtime 1740483566.1209974
DEBUG 2025-06-06 15:58:25,467 autoreload 21032 2356 File C:\PROJECTS\NEXTJS-SPACE\Lib\site-packages\django\contrib\admin\views\__init__.py first seen with mtime 1747644916.5197713
DEBUG 2025-06-06 15:58:25,467 autoreload 21032 2356 File C:\PROJECTS\NEXTJS-SPACE\Lib\site-packages\django\contrib\contenttypes\__init__.py first seen with mtime 1747644917.5545144
DEBUG 2025-06-06 15:58:25,467 autoreload 21032 2356 File C:\Program Files\WindowsApps\PythonSoftwareFoundation.Python.3.12_3.12.2800.0_x64__qbz5n2kfra8p0\Lib\asyncio\format_helpers.py first seen with mtime 1740483565.644843
DEBUG 2025-06-06 15:58:25,467 autoreload 21032 2356 File C:\PROJECTS\NEXTJS-SPACE\Lib\site-packages\django\db\backends\postgresql\__init__.py first seen with mtime 1747644922.435865
DEBUG 2025-06-06 15:58:25,467 autoreload 21032 2356 File C:\Program Files\WindowsApps\PythonSoftwareFoundation.Python.3.12_3.12.2800.0_x64__qbz5n2kfra8p0\Lib\uuid.py first seen with mtime 1740483584.380378
DEBUG 2025-06-06 15:58:25,467 autoreload 21032 2356 File C:\PROJECTS\NEXTJS-SPACE\Lib\site-packages\urllib3\http2\probe.py first seen with mtime 1747829987.2505934
DEBUG 2025-06-06 15:58:25,467 autoreload 21032 2356 File C:\PROJECTS\NEXTJS-SPACE\Lib\site-packages\numpy\_core\_methods.py first seen with mtime 1747920843.864241
DEBUG 2025-06-06 15:58:25,467 autoreload 21032 2356 File C:\PROJECTS\NEXTJS-SPACE\Lib\site-packages\django\db\utils.py first seen with mtime 1747644922.31879
DEBUG 2025-06-06 15:58:25,467 autoreload 21032 2356 File C:\PROJECTS\backend\manage.py first seen with mtime 1747644735.6002786
DEBUG 2025-06-06 15:58:25,467 autoreload 21032 2356 File C:\PROJECTS\NEXTJS-SPACE\Lib\site-packages\django\utils\connection.py first seen with mtime 1747644923.2350986
DEBUG 2025-06-06 15:58:25,467 autoreload 21032 2356 File C:\PROJECTS\NEXTJS-SPACE\Lib\site-packages\django\db\models\functions\window.py first seen with mtime 1747644922.60995
DEBUG 2025-06-06 15:58:25,467 autoreload 21032 2356 File C:\PROJECTS\NEXTJS-SPACE\Lib\site-packages\requests\__version__.py first seen with mtime 1747829988.8248188
DEBUG 2025-06-06 15:58:25,467 autoreload 21032 2356 File C:\Program Files\WindowsApps\PythonSoftwareFoundation.Python.3.12_3.12.2800.0_x64__qbz5n2kfra8p0\Lib\collections\__init__.py first seen with mtime 1744180882.036044
DEBUG 2025-06-06 15:58:25,467 autoreload 21032 2356 File C:\PROJECTS\NEXTJS-SPACE\Lib\site-packages\django\contrib\messages\storage\__init__.py first seen with mtime 1747644919.6901634
DEBUG 2025-06-06 15:58:25,467 autoreload 21032 2356 File C:\PROJECTS\NEXTJS-SPACE\Lib\site-packages\django\utils\crypto.py first seen with mtime 1747644923.2398036
DEBUG 2025-06-06 15:58:25,467 autoreload 21032 2356 File C:\PROJECTS\NEXTJS-SPACE\Lib\site-packages\django\contrib\contenttypes\checks.py first seen with mtime 1747644917.5623786
DEBUG 2025-06-06 15:58:25,472 autoreload 21032 2356 File C:\PROJECTS\NEXTJS-SPACE\Lib\site-packages\kombu\common.py first seen with mtime 1747904801.523224
DEBUG 2025-06-06 15:58:25,472 autoreload 21032 2356 File C:\PROJECTS\NEXTJS-SPACE\Lib\site-packages\sqlparse\keywords.py first seen with mtime 1747644912.9522085
DEBUG 2025-06-06 15:58:25,472 autoreload 21032 2356 File C:\PROJECTS\NEXTJS-SPACE\Lib\site-packages\numpy\_core\getlimits.py first seen with mtime 1747920843.7138762
DEBUG 2025-06-06 15:58:25,472 autoreload 21032 2356 File C:\PROJECTS\NEXTJS-SPACE\Lib\site-packages\django\core\checks\compatibility\django_4_0.py first seen with mtime 1747644922.0028389
DEBUG 2025-06-06 15:58:25,472 autoreload 21032 2356 File C:\PROJECTS\NEXTJS-SPACE\Lib\site-packages\rest_framework\response.py first seen with mtime 1747644937.4899821
DEBUG 2025-06-06 15:58:25,472 autoreload 21032 2356 File C:\PROJECTS\NEXTJS-SPACE\Lib\site-packages\django\contrib\staticfiles\management\commands\__init__.py first seen with mtime 1747644921.866673
DEBUG 2025-06-06 15:58:25,472 autoreload 21032 2356 File C:\PROJECTS\NEXTJS-SPACE\Lib\site-packages\django\db\models\lookups.py first seen with mtime 1747644922.5498374
DEBUG 2025-06-06 15:58:25,474 autoreload 21032 2356 File C:\Program Files\WindowsApps\PythonSoftwareFoundation.Python.3.12_3.12.2800.0_x64__qbz5n2kfra8p0\Lib\zoneinfo\__init__.py first seen with mtime 1740483586.1406484
DEBUG 2025-06-06 15:58:25,474 autoreload 21032 2356 File C:\PROJECTS\NEXTJS-SPACE\Lib\site-packages\asgiref\local.py first seen with mtime 1747644913.8208086
DEBUG 2025-06-06 15:58:25,474 autoreload 21032 2356 File C:\PROJECTS\backend\api\apps.py first seen with mtime 1747644759.0568166
DEBUG 2025-06-06 15:58:25,474 autoreload 21032 2356 File C:\PROJECTS\NEXTJS-SPACE\Lib\site-packages\numpy\lib\npyio.py first seen with mtime 1747920841.8348904
DEBUG 2025-06-06 15:58:25,474 autoreload 21032 2356 File C:\Program Files\WindowsApps\PythonSoftwareFoundation.Python.3.12_3.12.2800.0_x64__qbz5n2kfra8p0\Lib\email\_header_value_parser.py first seen with mtime 1744180882.0828109
DEBUG 2025-06-06 15:58:25,474 autoreload 21032 2356 File C:\PROJECTS\NEXTJS-SPACE\Lib\site-packages\django\contrib\staticfiles\utils.py first seen with mtime 1747644921.860219
DEBUG 2025-06-06 15:58:25,475 autoreload 21032 2356 File C:\PROJECTS\NEXTJS-SPACE\Lib\site-packages\click\core.py first seen with mtime 1747904800.5401225
DEBUG 2025-06-06 15:58:25,475 autoreload 21032 2356 File C:\PROJECTS\NEXTJS-SPACE\Lib\site-packages\urllib3\http2\__init__.py first seen with mtime 1747829987.242428
DEBUG 2025-06-06 15:58:25,475 autoreload 21032 2356 File C:\PROJECTS\NEXTJS-SPACE\Lib\site-packages\corsheaders\middleware.py first seen with mtime 1747645208.9219613
DEBUG 2025-06-06 15:58:25,475 autoreload 21032 2356 File C:\PROJECTS\NEXTJS-SPACE\Lib\site-packages\django\core\checks\caches.py first seen with mtime 1747644921.9735992
DEBUG 2025-06-06 15:58:25,475 autoreload 21032 2356 File C:\PROJECTS\NEXTJS-SPACE\Lib\site-packages\django_filters\rest_framework\filterset.py first seen with mtime 1747652148.0564146
DEBUG 2025-06-06 15:58:25,475 autoreload 21032 2356 File C:\Program Files\WindowsApps\PythonSoftwareFoundation.Python.3.12_3.12.2800.0_x64__qbz5n2kfra8p0\DLLs\_overlapped.pyd first seen with mtime 1744180879.7094705
DEBUG 2025-06-06 15:58:25,475 autoreload 21032 2356 File C:\PROJECTS\NEXTJS-SPACE\Lib\site-packages\numpy\_typing\_nbit_base.py first seen with mtime 1747920844.7756357
DEBUG 2025-06-06 15:58:25,476 autoreload 21032 2356 File C:\PROJECTS\NEXTJS-SPACE\Lib\site-packages\django\db\models\functions\math.py first seen with mtime 1747644922.6002803
DEBUG 2025-06-06 15:58:25,476 autoreload 21032 2356 File C:\Program Files\WindowsApps\PythonSoftwareFoundation.Python.3.12_3.12.2800.0_x64__qbz5n2kfra8p0\Lib\keyword.py first seen with mtime 1740483572.8660157
DEBUG 2025-06-06 15:58:25,476 autoreload 21032 2356 File C:\Program Files\WindowsApps\PythonSoftwareFoundation.Python.3.12_3.12.2800.0_x64__qbz5n2kfra8p0\Lib\unittest\signals.py first seen with mtime 1740483584.205911
DEBUG 2025-06-06 15:58:25,476 autoreload 21032 2356 File C:\PROJECTS\NEXTJS-SPACE\Lib\site-packages\django\core\checks\security\csrf.py first seen with mtime 1747644922.011168
DEBUG 2025-06-06 15:58:25,476 autoreload 21032 2356 File C:\PROJECTS\NEXTJS-SPACE\Lib\site-packages\numpy\matrixlib\__init__.py first seen with mtime 1747920842.277758
DEBUG 2025-06-06 15:58:25,476 autoreload 21032 2356 File C:\PROJECTS\NEXTJS-SPACE\Lib\site-packages\urllib3\util\request.py first seen with mtime 1747829987.2670188
DEBUG 2025-06-06 15:58:25,477 autoreload 21032 2356 File C:\PROJECTS\NEXTJS-SPACE\Lib\site-packages\django\core\files\locks.py first seen with mtime 1747644922.0275834
DEBUG 2025-06-06 15:58:25,477 autoreload 21032 2356 File C:\PROJECTS\NEXTJS-SPACE\Lib\site-packages\django\core\management\sql.py first seen with mtime 1747644922.141128
DEBUG 2025-06-06 15:58:25,477 autoreload 21032 2356 File C:\PROJECTS\NEXTJS-SPACE\Lib\site-packages\django\db\models\constants.py first seen with mtime 1747644922.5301163
DEBUG 2025-06-06 15:58:25,477 autoreload 21032 2356 File C:\PROJECTS\NEXTJS-SPACE\Lib\site-packages\numpy\_core\numeric.py first seen with mtime 1747920843.7449026
DEBUG 2025-06-06 15:58:25,477 autoreload 21032 2356 File C:\PROJECTS\NEXTJS-SPACE\Lib\site-packages\numpy\_typing\_nested_sequence.py first seen with mtime 1747920844.7826836
DEBUG 2025-06-06 15:58:25,477 autoreload 21032 2356 File C:\PROJECTS\NEXTJS-SPACE\Lib\site-packages\django\core\files\storage\base.py first seen with mtime 1747644922.0595627
DEBUG 2025-06-06 15:58:25,477 autoreload 21032 2356 File C:\PROJECTS\NEXTJS-SPACE\Lib\site-packages\googlemaps\exceptions.py first seen with mtime 1747905130.0924764
DEBUG 2025-06-06 15:58:25,477 autoreload 21032 2356 File C:\PROJECTS\NEXTJS-SPACE\Lib\site-packages\django\contrib\messages\constants.py first seen with mtime 1747644919.6799116
DEBUG 2025-06-06 15:58:25,477 autoreload 21032 2356 File C:\PROJECTS\NEXTJS-SPACE\Lib\site-packages\django\contrib\admin\decorators.py first seen with mtime 1747644914.9498482
DEBUG 2025-06-06 15:58:25,477 autoreload 21032 2356 File C:\Program Files\WindowsApps\PythonSoftwareFoundation.Python.3.12_3.12.2800.0_x64__qbz5n2kfra8p0\Lib\typing.py first seen with mtime 1740483584.1941452
DEBUG 2025-06-06 15:58:25,477 autoreload 21032 2356 File C:\PROJECTS\NEXTJS-SPACE\Lib\site-packages\django\core\files\storage\memory.py first seen with mtime 1747644922.0720499
DEBUG 2025-06-06 15:58:25,477 autoreload 21032 2356 File C:\Program Files\WindowsApps\PythonSoftwareFoundation.Python.3.12_3.12.2800.0_x64__qbz5n2kfra8p0\Lib\urllib\request.py first seen with mtime 1740483584.3486655
DEBUG 2025-06-06 15:58:25,477 autoreload 21032 2356 File C:\PROJECTS\NEXTJS-SPACE\Lib\site-packages\dateutil\__init__.py first seen with mtime 1747904799.878845
DEBUG 2025-06-06 15:58:25,480 autoreload 21032 2356 File C:\Program Files\WindowsApps\PythonSoftwareFoundation.Python.3.12_3.12.2800.0_x64__qbz5n2kfra8p0\Lib\copyreg.py first seen with mtime 1740483566.105165
DEBUG 2025-06-06 15:58:25,480 autoreload 21032 2356 File C:\PROJECTS\NEXTJS-SPACE\Lib\site-packages\amqp\method_framing.py first seen with mtime 1747904801.0765326
DEBUG 2025-06-06 15:58:25,480 autoreload 21032 2356 File C:\PROJECTS\NEXTJS-SPACE\Lib\site-packages\django\db\__init__.py first seen with mtime 1747644922.3136294
DEBUG 2025-06-06 15:58:25,480 autoreload 21032 2356 File C:\PROJECTS\NEXTJS-SPACE\Lib\site-packages\django\db\backends\__init__.py first seen with mtime 1747644922.3200455
DEBUG 2025-06-06 15:58:25,480 autoreload 21032 2356 File C:\PROJECTS\NEXTJS-SPACE\Lib\site-packages\django\contrib\messages\apps.py first seen with mtime 1747644919.6799116
DEBUG 2025-06-06 15:58:25,480 autoreload 21032 2356 File C:\PROJECTS\NEXTJS-SPACE\Lib\site-packages\django\views\defaults.py first seen with mtime 1747644923.419798
DEBUG 2025-06-06 15:58:25,481 autoreload 21032 2356 File C:\Program Files\WindowsApps\PythonSoftwareFoundation.Python.3.12_3.12.2800.0_x64__qbz5n2kfra8p0\Lib\zipfile\_path\__init__.py first seen with mtime 1740483586.0929005
DEBUG 2025-06-06 15:58:25,481 autoreload 21032 2356 File C:\PROJECTS\NEXTJS-SPACE\Lib\site-packages\numpy\_core\shape_base.py first seen with mtime 1747920843.7793345
DEBUG 2025-06-06 15:58:25,481 autoreload 21032 2356 File C:\PROJECTS\NEXTJS-SPACE\Lib\site-packages\billiard\context.py first seen with mtime 1747904799.0649066
DEBUG 2025-06-06 15:58:25,481 autoreload 21032 2356 File C:\PROJECTS\NEXTJS-SPACE\Lib\site-packages\rest_framework\utils\urls.py first seen with mtime 1747644938.331357
DEBUG 2025-06-06 15:58:25,481 autoreload 21032 2356 File C:\PROJECTS\NEXTJS-SPACE\Lib\site-packages\django\test\client.py first seen with mtime 1747644923.1502125
DEBUG 2025-06-06 15:58:25,481 autoreload 21032 2356 File C:\PROJECTS\NEXTJS-SPACE\Lib\site-packages\dotenv\__init__.py first seen with mtime 1749218278.4429018
DEBUG 2025-06-06 15:58:25,482 autoreload 21032 2356 File C:\PROJECTS\NEXTJS-SPACE\Lib\site-packages\sqlparse\__init__.py first seen with mtime 1747644912.93654
DEBUG 2025-06-06 15:58:25,482 autoreload 21032 2356 File C:\PROJECTS\NEXTJS-SPACE\Lib\site-packages\django\db\models\sql\where.py first seen with mtime 1747644922.6366956
DEBUG 2025-06-06 15:58:25,482 autoreload 21032 2356 File C:\PROJECTS\NEXTJS-SPACE\Lib\site-packages\charset_normalizer\md__mypyc.cp312-win_amd64.pyd first seen with mtime 1747829988.4517486
DEBUG 2025-06-06 15:58:25,482 autoreload 21032 2356 File C:\PROJECTS\NEXTJS-SPACE\Lib\site-packages\django\db\models\fields\files.py first seen with mtime 1747644922.575835
DEBUG 2025-06-06 15:58:25,482 autoreload 21032 2356 File C:\PROJECTS\NEXTJS-SPACE\Lib\site-packages\django\middleware\csrf.py first seen with mtime 1747644923.0116026
DEBUG 2025-06-06 15:58:25,482 autoreload 21032 2356 File C:\PROJECTS\NEXTJS-SPACE\Lib\site-packages\rest_framework\negotiation.py first seen with mtime 1747644937.4630532
DEBUG 2025-06-06 15:58:25,482 autoreload 21032 2356 File C:\PROJECTS\NEXTJS-SPACE\Lib\site-packages\rest_framework\routers.py first seen with mtime 1747644937.4999301
DEBUG 2025-06-06 15:58:25,482 autoreload 21032 2356 File C:\PROJECTS\NEXTJS-SPACE\Lib\site-packages\django\test\__init__.py first seen with mtime 1747644923.1475637
DEBUG 2025-06-06 15:58:25,484 autoreload 21032 2356 File C:\PROJECTS\NEXTJS-SPACE\Lib\site-packages\psycopg2\_range.py first seen with mtime 1747644913.5055513
DEBUG 2025-06-06 15:58:25,484 autoreload 21032 2356 File C:\Program Files\WindowsApps\PythonSoftwareFoundation.Python.3.12_3.12.2800.0_x64__qbz5n2kfra8p0\Lib\email\generator.py first seen with mtime 1740483566.8078127
DEBUG 2025-06-06 15:58:25,484 autoreload 21032 2356 File C:\PROJECTS\NEXTJS-SPACE\Lib\site-packages\vine\utils.py first seen with mtime 1747904794.8411405
DEBUG 2025-06-06 15:58:25,484 autoreload 21032 2356 File C:\PROJECTS\NEXTJS-SPACE\Lib\site-packages\rest_framework\validators.py first seen with mtime 1747644937.5357525
DEBUG 2025-06-06 15:58:25,484 autoreload 21032 2356 File C:\PROJECTS\NEXTJS-SPACE\Lib\site-packages\django\http\request.py first seen with mtime 1747644922.9938593
DEBUG 2025-06-06 15:58:25,484 autoreload 21032 2356 File C:\PROJECTS\backend\api\urls.py first seen with mtime 1749131947.7177036
DEBUG 2025-06-06 15:58:25,484 autoreload 21032 2356 File C:\PROJECTS\NEXTJS-SPACE\Lib\site-packages\django\http\response.py first seen with mtime 1747644922.997974
DEBUG 2025-06-06 15:58:25,484 autoreload 21032 2356 File C:\PROJECTS\NEXTJS-SPACE\Lib\site-packages\rest_framework_simplejwt\exceptions.py first seen with mtime 1747645387.1185308
DEBUG 2025-06-06 15:58:25,484 autoreload 21032 2356 File C:\PROJECTS\NEXTJS-SPACE\Lib\site-packages\django\middleware\__init__.py first seen with mtime 1747644923.0000293
DEBUG 2025-06-06 15:58:25,484 autoreload 21032 2356 File C:\PROJECTS\NEXTJS-SPACE\Lib\site-packages\numpy\_core\function_base.py first seen with mtime 1747920843.6942053
DEBUG 2025-06-06 15:58:25,485 autoreload 21032 2356 File C:\Program Files\WindowsApps\PythonSoftwareFoundation.Python.3.12_3.12.2800.0_x64__qbz5n2kfra8p0\Lib\shutil.py first seen with mtime 1740483574.8004706
DEBUG 2025-06-06 15:58:25,485 autoreload 21032 2356 File C:\Program Files\WindowsApps\PythonSoftwareFoundation.Python.3.12_3.12.2800.0_x64__qbz5n2kfra8p0\Lib\re\_compiler.py first seen with mtime 1740483574.7210593
DEBUG 2025-06-06 15:58:25,485 autoreload 21032 2356 File C:\PROJECTS\NEXTJS-SPACE\Lib\site-packages\googlemaps\__init__.py first seen with mtime 1747905130.0692823
DEBUG 2025-06-06 15:58:25,485 autoreload 21032 2356 File C:\PROJECTS\NEXTJS-SPACE\Lib\site-packages\requests\_internal_utils.py first seen with mtime 1747829988.8279288
DEBUG 2025-06-06 15:58:25,485 autoreload 21032 2356 File C:\PROJECTS\NEXTJS-SPACE\Lib\site-packages\rest_framework\schemas\coreapi.py first seen with mtime 1747644937.8499756
DEBUG 2025-06-06 15:58:25,485 autoreload 21032 2356 File C:\PROJECTS\NEXTJS-SPACE\Lib\site-packages\django\core\handlers\asgi.py first seen with mtime 1747644922.083425
DEBUG 2025-06-06 15:58:25,486 autoreload 21032 2356 File C:\PROJECTS\NEXTJS-SPACE\Lib\site-packages\django\contrib\postgres\fields\array.py first seen with mtime 1747644919.736813
DEBUG 2025-06-06 15:58:25,486 autoreload 21032 2356 File C:\Program Files\WindowsApps\PythonSoftwareFoundation.Python.3.12_3.12.2800.0_x64__qbz5n2kfra8p0\Lib\importlib\resources\_adapters.py first seen with mtime 1740483572.677636
DEBUG 2025-06-06 15:58:25,486 autoreload 21032 2356 File C:\PROJECTS\NEXTJS-SPACE\Lib\site-packages\numpy\lib\_ufunclike_impl.py first seen with mtime 1747920841.9776194
DEBUG 2025-06-06 15:58:25,486 autoreload 21032 2356 File C:\PROJECTS\NEXTJS-SPACE\Lib\site-packages\rest_framework\utils\representation.py first seen with mtime 1747644938.3200116
DEBUG 2025-06-06 15:58:25,486 autoreload 21032 2356 File C:\PROJECTS\NEXTJS-SPACE\Lib\site-packages\django_filters\compat.py first seen with mtime 1747652147.9561005
DEBUG 2025-06-06 15:58:25,486 autoreload 21032 2356 File C:\PROJECTS\NEXTJS-SPACE\Lib\site-packages\rest_framework\status.py first seen with mtime 1747644937.5135067
DEBUG 2025-06-06 15:58:25,486 autoreload 21032 2356 File C:\Program Files\WindowsApps\PythonSoftwareFoundation.Python.3.12_3.12.2800.0_x64__qbz5n2kfra8p0\DLLs\_lzma.pyd first seen with mtime 1744180879.695452
DEBUG 2025-06-06 15:58:25,487 autoreload 21032 2356 File C:\PROJECTS\NEXTJS-SPACE\Lib\site-packages\django\templatetags\l10n.py first seen with mtime 1747644923.1303055
DEBUG 2025-06-06 15:58:25,487 autoreload 21032 2356 File C:\PROJECTS\NEXTJS-SPACE\Lib\site-packages\dateutil\tz\win.py first seen with mtime 1747904799.952851
DEBUG 2025-06-06 15:58:25,487 autoreload 21032 2356 File C:\PROJECTS\NEXTJS-SPACE\Lib\site-packages\vine\abstract.py first seen with mtime 1747904794.8301253
DEBUG 2025-06-06 15:58:25,487 autoreload 21032 2356 File C:\PROJECTS\NEXTJS-SPACE\Lib\site-packages\vine\promises.py first seen with mtime 1747904794.835518
DEBUG 2025-06-06 15:58:25,487 autoreload 21032 2356 File C:\PROJECTS\NEXTJS-SPACE\Lib\site-packages\rest_framework\templatetags\__init__.py first seen with mtime 1747644938.28124
DEBUG 2025-06-06 15:58:25,487 autoreload 21032 2356 File C:\PROJECTS\NEXTJS-SPACE\Lib\site-packages\django\core\files\storage\handler.py first seen with mtime 1747644922.0684752
DEBUG 2025-06-06 15:58:25,487 autoreload 21032 2356 File C:\Program Files\WindowsApps\PythonSoftwareFoundation.Python.3.12_3.12.2800.0_x64__qbz5n2kfra8p0\DLLs\_decimal.pyd first seen with mtime 1744180879.6299026
DEBUG 2025-06-06 15:58:25,487 autoreload 21032 2356 File C:\PROJECTS\NEXTJS-SPACE\Lib\site-packages\urllib3\util\ssl_match_hostname.py first seen with mtime 1747829987.2830522
DEBUG 2025-06-06 15:58:25,489 autoreload 21032 2356 File C:\PROJECTS\NEXTJS-SPACE\Lib\site-packages\django\contrib\auth\management\__init__.py first seen with mtime 1747644917.484395
DEBUG 2025-06-06 15:58:25,489 autoreload 21032 2356 File C:\PROJECTS\NEXTJS-SPACE\Lib\site-packages\django\template\defaultfilters.py first seen with mtime 1747644923.0610106
DEBUG 2025-06-06 15:58:25,489 autoreload 21032 2356 File C:\PROJECTS\NEXTJS-SPACE\Lib\site-packages\sqlparse\lexer.py first seen with mtime 1747644912.9522085
DEBUG 2025-06-06 15:58:25,489 autoreload 21032 2356 File C:\PROJECTS\NEXTJS-SPACE\Lib\site-packages\celery\utils\text.py first seen with mtime 1747904804.1979003
DEBUG 2025-06-06 15:58:25,489 autoreload 21032 2356 File C:\PROJECTS\NEXTJS-SPACE\Lib\site-packages\django\contrib\admin\options.py first seen with mtime 1747644914.963218
DEBUG 2025-06-06 15:58:25,489 autoreload 21032 2356 File C:\PROJECTS\NEXTJS-SPACE\Lib\site-packages\django\contrib\auth\base_user.py first seen with mtime 1747644917.059877
DEBUG 2025-06-06 15:58:25,489 autoreload 21032 2356 File C:\PROJECTS\NEXTJS-SPACE\Lib\site-packages\django\contrib\admin\templatetags\__init__.py first seen with mtime 1747644916.5066104
DEBUG 2025-06-06 15:58:25,490 autoreload 21032 2356 File C:\PROJECTS\NEXTJS-SPACE\Lib\site-packages\kombu\utils\imports.py first seen with mtime 1747904801.7453673
DEBUG 2025-06-06 15:58:25,490 autoreload 21032 2356 File C:\Program Files\WindowsApps\PythonSoftwareFoundation.Python.3.12_3.12.2800.0_x64__qbz5n2kfra8p0\Lib\wsgiref\headers.py first seen with mtime 1740483584.4913423
DEBUG 2025-06-06 15:58:25,490 autoreload 21032 2356 File C:\PROJECTS\NEXTJS-SPACE\Lib\site-packages\django\contrib\admin\checks.py first seen with mtime 1747644914.9498482
DEBUG 2025-06-06 15:58:25,490 autoreload 21032 2356 File C:\PROJECTS\NEXTJS-SPACE\Lib\site-packages\django\db\backends\base\client.py first seen with mtime 1747644922.3378766
DEBUG 2025-06-06 15:58:25,490 autoreload 21032 2356 File C:\Program Files\WindowsApps\PythonSoftwareFoundation.Python.3.12_3.12.2800.0_x64__qbz5n2kfra8p0\Lib\importlib\abc.py first seen with mtime 1740483572.5963585
DEBUG 2025-06-06 15:58:25,490 autoreload 21032 2356 File C:\PROJECTS\NEXTJS-SPACE\Lib\site-packages\django\middleware\security.py first seen with mtime 1747644923.030993
DEBUG 2025-06-06 15:58:25,490 autoreload 21032 2356 File C:\Program Files\WindowsApps\PythonSoftwareFoundation.Python.3.12_3.12.2800.0_x64__qbz5n2kfra8p0\Lib\zoneinfo\_common.py first seen with mtime 1740483586.1295826
DEBUG 2025-06-06 15:58:25,490 autoreload 21032 2356 File C:\PROJECTS\NEXTJS-SPACE\Lib\site-packages\googlemaps\timezone.py first seen with mtime 1747905130.1126788
DEBUG 2025-06-06 15:58:25,490 autoreload 21032 2356 File C:\PROJECTS\NEXTJS-SPACE\Lib\site-packages\django\contrib\staticfiles\apps.py first seen with mtime 1747644921.8305576
DEBUG 2025-06-06 15:58:25,490 autoreload 21032 2356 File C:\Program Files\WindowsApps\PythonSoftwareFoundation.Python.3.12_3.12.2800.0_x64__qbz5n2kfra8p0\Lib\importlib\metadata\_itertools.py first seen with mtime 1740483572.6121874
DEBUG 2025-06-06 15:58:25,490 autoreload 21032 2356 File C:\Program Files\WindowsApps\PythonSoftwareFoundation.Python.3.12_3.12.2800.0_x64__qbz5n2kfra8p0\Lib\xml\dom\NodeFilter.py first seen with mtime 1740483584.5866325
DEBUG 2025-06-06 15:58:25,490 autoreload 21032 2356 File C:\Program Files\WindowsApps\PythonSoftwareFoundation.Python.3.12_3.12.2800.0_x64__qbz5n2kfra8p0\Lib\linecache.py first seen with mtime 1740483573.374549
DEBUG 2025-06-06 15:58:25,490 autoreload 21032 2356 File C:\PROJECTS\NEXTJS-SPACE\Lib\site-packages\django\forms\__init__.py first seen with mtime 1747644922.6502094
DEBUG 2025-06-06 15:58:25,490 autoreload 21032 2356 File C:\PROJECTS\NEXTJS-SPACE\Lib\site-packages\django\conf\urls\__init__.py first seen with mtime 1747644914.930194
DEBUG 2025-06-06 15:58:25,490 autoreload 21032 2356 File C:\PROJECTS\NEXTJS-SPACE\Lib\site-packages\django\template\loaders\app_directories.py first seen with mtime 1747644923.1198988
DEBUG 2025-06-06 15:58:25,490 autoreload 21032 2356 File C:\PROJECTS\NEXTJS-SPACE\Lib\site-packages\django_filters\filterset.py first seen with mtime 1747652147.9763782
DEBUG 2025-06-06 15:58:25,492 autoreload 21032 2356 File C:\PROJECTS\NEXTJS-SPACE\Lib\site-packages\numpy\exceptions.py first seen with mtime 1747920841.0778308
DEBUG 2025-06-06 15:58:25,492 autoreload 21032 2356 File C:\PROJECTS\NEXTJS-SPACE\Lib\site-packages\django\contrib\messages\utils.py first seen with mtime 1747644919.6799116
DEBUG 2025-06-06 15:58:25,492 autoreload 21032 2356 File C:\PROJECTS\NEXTJS-SPACE\Lib\site-packages\django\views\decorators\common.py first seen with mtime 1747644923.4424555
DEBUG 2025-06-06 15:58:25,492 autoreload 21032 2356 File C:\PROJECTS\NEXTJS-SPACE\Lib\site-packages\urllib3\_base_connection.py first seen with mtime 1747829987.1554468
DEBUG 2025-06-06 15:58:25,493 autoreload 21032 2356 File C:\Program Files\WindowsApps\PythonSoftwareFoundation.Python.3.12_3.12.2800.0_x64__qbz5n2kfra8p0\DLLs\unicodedata.pyd first seen with mtime 1744180879.516518
DEBUG 2025-06-06 15:58:25,493 autoreload 21032 2356 File C:\Program Files\WindowsApps\PythonSoftwareFoundation.Python.3.12_3.12.2800.0_x64__qbz5n2kfra8p0\Lib\importlib\resources\_legacy.py first seen with mtime 1744180886.2919345
DEBUG 2025-06-06 15:58:25,493 autoreload 21032 2356 File C:\PROJECTS\NEXTJS-SPACE\Lib\site-packages\celery\local.py first seen with mtime 1747904803.7733674
DEBUG 2025-06-06 15:58:25,493 autoreload 21032 2356 File C:\PROJECTS\NEXTJS-SPACE\Lib\site-packages\django\utils\deprecation.py first seen with mtime 1747644923.2762346
DEBUG 2025-06-06 15:58:25,493 autoreload 21032 2356 File C:\Program Files\WindowsApps\PythonSoftwareFoundation.Python.3.12_3.12.2800.0_x64__qbz5n2kfra8p0\Lib\gettext.py first seen with mtime 1740483568.8085895
DEBUG 2025-06-06 15:58:25,493 autoreload 21032 2356 File C:\Program Files\WindowsApps\PythonSoftwareFoundation.Python.3.12_3.12.2800.0_x64__qbz5n2kfra8p0\Lib\base64.py first seen with mtime 1740483565.9933512
DEBUG 2025-06-06 15:58:25,493 autoreload 21032 2356 File C:\PROJECTS\NEXTJS-SPACE\Lib\site-packages\django\contrib\admin\templatetags\log.py first seen with mtime 1747644916.5197713
DEBUG 2025-06-06 15:58:25,493 autoreload 21032 2356 File C:\PROJECTS\NEXTJS-SPACE\Lib\site-packages\django\db\migrations\migration.py first seen with mtime 1747644922.5001876
DEBUG 2025-06-06 15:58:25,495 autoreload 21032 2356 File C:\PROJECTS\NEXTJS-SPACE\Lib\site-packages\idna\__init__.py first seen with mtime 1747829988.071617
DEBUG 2025-06-06 15:58:25,495 autoreload 21032 2356 File C:\PROJECTS\NEXTJS-SPACE\Lib\site-packages\requests\status_codes.py first seen with mtime 1747829988.8850563
DEBUG 2025-06-06 15:58:25,495 autoreload 21032 2356 File C:\PROJECTS\NEXTJS-SPACE\Lib\site-packages\requests\hooks.py first seen with mtime 1747829988.8673766
DEBUG 2025-06-06 15:58:25,495 autoreload 21032 2356 File C:\PROJECTS\NEXTJS-SPACE\Lib\site-packages\django\test\testcases.py first seen with mtime 1747644923.1610324
DEBUG 2025-06-06 15:58:25,495 autoreload 21032 2356 File C:\PROJECTS\NEXTJS-SPACE\Lib\site-packages\numpy\lib\_polynomial_impl.py first seen with mtime 1747920841.9476657
DEBUG 2025-06-06 15:58:25,495 autoreload 21032 2356 File C:\PROJECTS\NEXTJS-SPACE\Lib\site-packages\numpy\lib\_type_check_impl.py first seen with mtime 1747920841.9776194
DEBUG 2025-06-06 15:58:25,495 autoreload 21032 2356 File C:\PROJECTS\NEXTJS-SPACE\Lib\site-packages\django\utils\hashable.py first seen with mtime 1747644923.3002508
DEBUG 2025-06-06 15:58:25,496 autoreload 21032 2356 File C:\PROJECTS\NEXTJS-SPACE\Lib\site-packages\numpy\dtypes.py first seen with mtime 1747920841.0677142
DEBUG 2025-06-06 15:58:25,496 autoreload 21032 2356 File C:\PROJECTS\NEXTJS-SPACE\Lib\site-packages\googlemaps\roads.py first seen with mtime 1747905130.1105685
DEBUG 2025-06-06 15:58:25,496 autoreload 21032 2356 File C:\PROJECTS\NEXTJS-SPACE\Lib\site-packages\urllib3\connection.py first seen with mtime 1747829987.1718888
DEBUG 2025-06-06 15:58:25,496 autoreload 21032 2356 File C:\PROJECTS\NEXTJS-SPACE\Lib\site-packages\django\core\signals.py first seen with mtime 1747644921.8958125
DEBUG 2025-06-06 15:58:25,496 autoreload 21032 2356 File C:\PROJECTS\NEXTJS-SPACE\Lib\site-packages\sqlparse\engine\__init__.py first seen with mtime 1747644912.9657495
DEBUG 2025-06-06 15:58:25,496 autoreload 21032 2356 File C:\Program Files\WindowsApps\PythonSoftwareFoundation.Python.3.12_3.12.2800.0_x64__qbz5n2kfra8p0\Lib\re\__init__.py first seen with mtime 1740483574.7370086
DEBUG 2025-06-06 15:58:25,497 autoreload 21032 2356 File C:\PROJECTS\NEXTJS-SPACE\Lib\site-packages\charset_normalizer\md.cp312-win_amd64.pyd first seen with mtime 1747829988.4393215
DEBUG 2025-06-06 15:58:25,497 autoreload 21032 2356 File C:\PROJECTS\NEXTJS-SPACE\Lib\site-packages\django\db\models\sql\subqueries.py first seen with mtime 1747644922.6323845
DEBUG 2025-06-06 15:58:25,497 autoreload 21032 2356 File C:\PROJECTS\NEXTJS-SPACE\Lib\site-packages\kombu\pools.py first seen with mtime 1747904801.5633767
DEBUG 2025-06-06 15:58:25,497 autoreload 21032 2356 File C:\Program Files\WindowsApps\PythonSoftwareFoundation.Python.3.12_3.12.2800.0_x64__qbz5n2kfra8p0\Lib\unittest\__init__.py first seen with mtime 1740483584.2260406
DEBUG 2025-06-06 15:58:25,498 autoreload 21032 2356 File C:\PROJECTS\NEXTJS-SPACE\Lib\site-packages\dateutil\_version.py first seen with mtime 1747904799.887347
DEBUG 2025-06-06 15:58:25,498 autoreload 21032 2356 File C:\PROJECTS\NEXTJS-SPACE\Lib\site-packages\django\contrib\postgres\forms\array.py first seen with mtime 1747644919.7517161
DEBUG 2025-06-06 15:58:25,498 autoreload 21032 2356 File C:\PROJECTS\NEXTJS-SPACE\Lib\site-packages\django\contrib\sites\requests.py first seen with mtime 1747644921.263283
DEBUG 2025-06-06 15:58:25,498 autoreload 21032 2356 File C:\PROJECTS\NEXTJS-SPACE\Lib\site-packages\django\contrib\auth\password_validation.py first seen with mtime 1747644917.1075733
DEBUG 2025-06-06 15:58:25,498 autoreload 21032 2356 File C:\PROJECTS\backend\api\views.py first seen with mtime 1749134646.6351953
DEBUG 2025-06-06 15:58:25,498 autoreload 21032 2356 File C:\PROJECTS\NEXTJS-SPACE\Lib\site-packages\PIL\__init__.py first seen with mtime 1747645869.7670543
DEBUG 2025-06-06 15:58:25,498 autoreload 21032 2356 File C:\PROJECTS\NEXTJS-SPACE\Lib\site-packages\urllib3\response.py first seen with mtime 1747829987.2005188
DEBUG 2025-06-06 15:58:25,498 autoreload 21032 2356 File C:\PROJECTS\NEXTJS-SPACE\Lib\site-packages\PIL\_typing.py first seen with mtime 1747645869.8503077
DEBUG 2025-06-06 15:58:25,498 autoreload 21032 2356 File C:\PROJECTS\NEXTJS-SPACE\Lib\site-packages\django\core\checks\security\sessions.py first seen with mtime 1747644922.0144017
DEBUG 2025-06-06 15:58:25,498 autoreload 21032 2356 File C:\PROJECTS\NEXTJS-SPACE\Lib\site-packages\django\db\models\functions\datetime.py first seen with mtime 1747644922.6002803
DEBUG 2025-06-06 15:58:25,498 autoreload 21032 2356 File C:\PROJECTS\NEXTJS-SPACE\Lib\site-packages\django\views\decorators\cache.py first seen with mtime 1747644923.4350922
DEBUG 2025-06-06 15:58:25,498 autoreload 21032 2356 File C:\PROJECTS\NEXTJS-SPACE\Lib\site-packages\django\utils\translation\reloader.py first seen with mtime 1747644923.3943326
DEBUG 2025-06-06 15:58:25,498 autoreload 21032 2356 File C:\PROJECTS\NEXTJS-SPACE\Lib\site-packages\requests\models.py first seen with mtime 1747829988.8673766
DEBUG 2025-06-06 15:58:25,498 autoreload 21032 2356 File C:\PROJECTS\NEXTJS-SPACE\Lib\site-packages\django\core\files\storage\filesystem.py first seen with mtime 1747644922.063952
DEBUG 2025-06-06 15:58:25,498 autoreload 21032 2356 File C:\PROJECTS\NEXTJS-SPACE\Lib\site-packages\rest_framework\schemas\generators.py first seen with mtime 1747644937.8540077
DEBUG 2025-06-06 15:58:25,498 autoreload 21032 2356 File C:\Program Files\WindowsApps\PythonSoftwareFoundation.Python.3.12_3.12.2800.0_x64__qbz5n2kfra8p0\Lib\urllib\error.py first seen with mtime 1740483584.339499
DEBUG 2025-06-06 15:58:25,498 autoreload 21032 2356 File C:\PROJECTS\NEXTJS-SPACE\Lib\site-packages\billiard\exceptions.py first seen with mtime 1747904799.074857
DEBUG 2025-06-06 15:58:25,498 autoreload 21032 2356 File C:\PROJECTS\NEXTJS-SPACE\Lib\site-packages\django\urls\utils.py first seen with mtime 1747644923.1899607
DEBUG 2025-06-06 15:58:25,498 autoreload 21032 2356 File C:\PROJECTS\NEXTJS-SPACE\Lib\site-packages\amqp\basic_message.py first seen with mtime 1747904801.0569701
DEBUG 2025-06-06 15:58:25,498 autoreload 21032 2356 File C:\Program Files\WindowsApps\PythonSoftwareFoundation.Python.3.12_3.12.2800.0_x64__qbz5n2kfra8p0\Lib\multiprocessing\context.py first seen with mtime 1740483573.72092
DEBUG 2025-06-06 15:58:25,498 autoreload 21032 2356 File C:\PROJECTS\NEXTJS-SPACE\Lib\site-packages\django\core\cache\backends\base.py first seen with mtime 1747644921.9298127
DEBUG 2025-06-06 15:58:25,498 autoreload 21032 2356 File C:\PROJECTS\NEXTJS-SPACE\Lib\site-packages\kombu\utils\encoding.py first seen with mtime 1747904801.7352805
DEBUG 2025-06-06 15:58:25,498 autoreload 21032 2356 File C:\PROJECTS\NEXTJS-SPACE\Lib\site-packages\django\core\serializers\python.py first seen with mtime 1747644922.2946372
DEBUG 2025-06-06 15:58:25,502 autoreload 21032 2356 File C:\PROJECTS\NEXTJS-SPACE\Lib\site-packages\django\conf\global_settings.py first seen with mtime 1747644914.081678
DEBUG 2025-06-06 15:58:25,502 autoreload 21032 2356 File C:\Program Files\WindowsApps\PythonSoftwareFoundation.Python.3.12_3.12.2800.0_x64__qbz5n2kfra8p0\Lib\json\encoder.py first seen with mtime 1744180886.3313591
DEBUG 2025-06-06 15:58:25,502 autoreload 21032 2356 File C:\PROJECTS\NEXTJS-SPACE\Lib\site-packages\bs4\css.py first seen with mtime 1747906836.5553255
DEBUG 2025-06-06 15:58:25,502 autoreload 21032 2356 File C:\Program Files\WindowsApps\PythonSoftwareFoundation.Python.3.12_3.12.2800.0_x64__qbz5n2kfra8p0\Lib\asyncio\taskgroups.py first seen with mtime 1740483565.6804519
DEBUG 2025-06-06 15:58:25,502 autoreload 21032 2356 File C:\PROJECTS\NEXTJS-SPACE\Lib\site-packages\django\dispatch\__init__.py first seen with mtime 1747644922.641627
DEBUG 2025-06-06 15:58:25,502 autoreload 21032 2356 File C:\PROJECTS\NEXTJS-SPACE\Lib\site-packages\rest_framework_simplejwt\utils.py first seen with mtime 1747645387.1344793
DEBUG 2025-06-06 15:58:25,503 autoreload 21032 2356 File C:\PROJECTS\NEXTJS-SPACE\Lib\site-packages\django\contrib\admin\apps.py first seen with mtime 1747644914.9459507
DEBUG 2025-06-06 15:58:25,503 autoreload 21032 2356 File C:\PROJECTS\NEXTJS-SPACE\Lib\site-packages\requests\auth.py first seen with mtime 1747829988.8388395
DEBUG 2025-06-06 15:58:25,503 autoreload 21032 2356 File C:\Program Files\WindowsApps\PythonSoftwareFoundation.Python.3.12_3.12.2800.0_x64__qbz5n2kfra8p0\Lib\importlib\resources\__init__.py first seen with mtime 1744180886.2941513
DEBUG 2025-06-06 15:58:25,503 autoreload 21032 2356 File C:\PROJECTS\NEXTJS-SPACE\Lib\site-packages\sqlparse\sql.py first seen with mtime 1747644912.9559407
DEBUG 2025-06-06 15:58:25,503 autoreload 21032 2356 File C:\PROJECTS\NEXTJS-SPACE\Lib\site-packages\django\db\models\query.py first seen with mtime 1747644922.5591714
DEBUG 2025-06-06 15:58:25,503 autoreload 21032 2356 File C:\PROJECTS\NEXTJS-SPACE\Lib\site-packages\sqlparse\formatter.py first seen with mtime 1747644912.9452157
DEBUG 2025-06-06 15:58:25,504 autoreload 21032 2356 File C:\PROJECTS\NEXTJS-SPACE\Lib\site-packages\django\core\__init__.py first seen with mtime 1747644921.887848
DEBUG 2025-06-06 15:58:25,504 autoreload 21032 2356 File C:\PROJECTS\NEXTJS-SPACE\Lib\site-packages\django\db\models\expressions.py first seen with mtime 1747644922.5459218
DEBUG 2025-06-06 15:58:25,504 autoreload 21032 2356 File C:\PROJECTS\NEXTJS-SPACE\Lib\site-packages\sqlparse\cli.py first seen with mtime 1747644912.9399123
DEBUG 2025-06-06 15:58:25,504 autoreload 21032 2356 File C:\PROJECTS\NEXTJS-SPACE\Lib\site-packages\googlemaps\maps.py first seen with mtime 1747905130.0993192
DEBUG 2025-06-06 15:58:25,504 autoreload 21032 2356 File C:\PROJECTS\NEXTJS-SPACE\Lib\site-packages\django\db\backends\postgresql\operations.py first seen with mtime 1747644922.4534106
DEBUG 2025-06-06 15:58:25,504 autoreload 21032 2356 File C:\Program Files\WindowsApps\PythonSoftwareFoundation.Python.3.12_3.12.2800.0_x64__qbz5n2kfra8p0\Lib\struct.py first seen with mtime 1740483582.813316
DEBUG 2025-06-06 15:58:25,504 autoreload 21032 2356 File C:\Program Files\WindowsApps\PythonSoftwareFoundation.Python.3.12_3.12.2800.0_x64__qbz5n2kfra8p0\DLLs\_queue.pyd first seen with mtime 1744180879.7136908
DEBUG 2025-06-06 15:58:25,505 autoreload 21032 2356 File C:\PROJECTS\NEXTJS-SPACE\Lib\site-packages\urllib3\_request_methods.py first seen with mtime 1747829987.1554468
DEBUG 2025-06-06 15:58:25,505 autoreload 21032 2356 File C:\PROJECTS\NEXTJS-SPACE\Lib\site-packages\rest_framework\reverse.py first seen with mtime 1747644937.4921818
DEBUG 2025-06-06 15:58:25,505 autoreload 21032 2356 File C:\PROJECTS\NEXTJS-SPACE\Lib\site-packages\sqlparse\filters\aligned_indent.py first seen with mtime 1747644912.9836655
DEBUG 2025-06-06 15:58:25,505 autoreload 21032 2356 File C:\PROJECTS\NEXTJS-SPACE\Lib\site-packages\django\contrib\admin\filters.py first seen with mtime 1747644914.9498482
DEBUG 2025-06-06 15:58:25,505 autoreload 21032 2356 File C:\PROJECTS\NEXTJS-SPACE\Lib\site-packages\django_filters\exceptions.py first seen with mtime 1747652147.9663947
DEBUG 2025-06-06 15:58:25,505 autoreload 21032 2356 File C:\PROJECTS\NEXTJS-SPACE\Lib\site-packages\django\contrib\contenttypes\management\__init__.py first seen with mtime 1747644917.921387
DEBUG 2025-06-06 15:58:25,505 autoreload 21032 2356 File C:\PROJECTS\NEXTJS-SPACE\Lib\site-packages\numpy\_typing\_char_codes.py first seen with mtime 1747920844.7516959
DEBUG 2025-06-06 15:58:25,506 autoreload 21032 2356 File C:\Program Files\WindowsApps\PythonSoftwareFoundation.Python.3.12_3.12.2800.0_x64__qbz5n2kfra8p0\Lib\importlib\metadata\_adapters.py first seen with mtime 1740483572.5963585
DEBUG 2025-06-06 15:58:25,506 autoreload 21032 2356 File C:\Program Files\WindowsApps\PythonSoftwareFoundation.Python.3.12_3.12.2800.0_x64__qbz5n2kfra8p0\Lib\html\entities.py first seen with mtime 1740483568.8244436
DEBUG 2025-06-06 15:58:25,506 autoreload 21032 2356 File C:\PROJECTS\backend\backend\settings.py first seen with mtime 1749218296.21684
DEBUG 2025-06-06 15:58:25,506 autoreload 21032 2356 File C:\Program Files\WindowsApps\PythonSoftwareFoundation.Python.3.12_3.12.2800.0_x64__qbz5n2kfra8p0\Lib\threading.py first seen with mtime 1740483582.8259523
DEBUG 2025-06-06 15:58:25,506 autoreload 21032 2356 File C:\PROJECTS\NEXTJS-SPACE\Lib\site-packages\billiard\util.py first seen with mtime 1747904799.1623583
DEBUG 2025-06-06 15:58:25,506 autoreload 21032 2356 File C:\PROJECTS\NEXTJS-SPACE\Lib\site-packages\django\template\loaders\__init__.py first seen with mtime 1747644923.1098561
DEBUG 2025-06-06 15:58:25,506 autoreload 21032 2356 File C:\PROJECTS\NEXTJS-SPACE\Lib\site-packages\django\core\checks\async_checks.py first seen with mtime 1747644921.9703424
DEBUG 2025-06-06 15:58:25,507 autoreload 21032 2356 File C:\Program Files\WindowsApps\PythonSoftwareFoundation.Python.3.12_3.12.2800.0_x64__qbz5n2kfra8p0\Lib\sysconfig.py first seen with mtime 1744180891.326373
DEBUG 2025-06-06 15:58:25,507 autoreload 21032 2356 File C:\PROJECTS\NEXTJS-SPACE\Lib\site-packages\numpy\_core\_ufunc_config.py first seen with mtime 1747920844.0340762
DEBUG 2025-06-06 15:58:25,507 autoreload 21032 2356 File C:\Program Files\WindowsApps\PythonSoftwareFoundation.Python.3.12_3.12.2800.0_x64__qbz5n2kfra8p0\DLLs\_hashlib.pyd first seen with mtime 1744180879.667673
DEBUG 2025-06-06 15:58:25,507 autoreload 21032 2356 File C:\PROJECTS\NEXTJS-SPACE\Lib\site-packages\django\utils\autoreload.py first seen with mtime 1747644923.2165585
DEBUG 2025-06-06 15:58:25,507 autoreload 21032 2356 File C:\PROJECTS\NEXTJS-SPACE\Lib\site-packages\django\core\files\base.py first seen with mtime 1747644922.0208142
DEBUG 2025-06-06 15:58:25,507 autoreload 21032 2356 File C:\PROJECTS\NEXTJS-SPACE\Lib\site-packages\rest_framework\parsers.py first seen with mtime 1747644937.4701357
DEBUG 2025-06-06 15:58:25,507 autoreload 21032 2356 File C:\PROJECTS\NEXTJS-SPACE\Lib\site-packages\django\utils\datastructures.py first seen with mtime 1747644923.2458634
DEBUG 2025-06-06 15:58:25,507 autoreload 21032 2356 File C:\PROJECTS\NEXTJS-SPACE\Lib\site-packages\django\forms\renderers.py first seen with mtime 1747644922.6701217
DEBUG 2025-06-06 15:58:25,507 autoreload 21032 2356 File C:\PROJECTS\NEXTJS-SPACE\Lib\site-packages\django\contrib\postgres\fields\__init__.py first seen with mtime 1747644919.7341943
DEBUG 2025-06-06 15:58:25,507 autoreload 21032 2356 File C:\PROJECTS\NEXTJS-SPACE\Lib\site-packages\soupsieve\css_parser.py first seen with mtime 1747906829.0397365
DEBUG 2025-06-06 15:58:25,507 autoreload 21032 2356 File C:\Program Files\WindowsApps\PythonSoftwareFoundation.Python.3.12_3.12.2800.0_x64__qbz5n2kfra8p0\Lib\warnings.py first seen with mtime 1744180891.423747
DEBUG 2025-06-06 15:58:25,507 autoreload 21032 2356 File C:\PROJECTS\NEXTJS-SPACE\Lib\site-packages\django\contrib\admindocs\__init__.py first seen with mtime 1747644916.530347
DEBUG 2025-06-06 15:58:25,507 autoreload 21032 2356 File C:\PROJECTS\NEXTJS-SPACE\Lib\site-packages\urllib3\exceptions.py first seen with mtime 1747829987.180622
DEBUG 2025-06-06 15:58:25,507 autoreload 21032 2356 File C:\PROJECTS\NEXTJS-SPACE\Lib\site-packages\kombu\serialization.py first seen with mtime 1747904801.5689108
DEBUG 2025-06-06 15:58:25,507 autoreload 21032 2356 File C:\PROJECTS\NEXTJS-SPACE\Lib\site-packages\django\core\management\commands\runserver.py first seen with mtime 1747644922.2385273
DEBUG 2025-06-06 15:58:25,507 autoreload 21032 2356 File C:\Program Files\WindowsApps\PythonSoftwareFoundation.Python.3.12_3.12.2800.0_x64__qbz5n2kfra8p0\Lib\asyncio\tasks.py first seen with mtime 1740483565.6804519
DEBUG 2025-06-06 15:58:25,507 autoreload 21032 2356 File C:\PROJECTS\NEXTJS-SPACE\Lib\site-packages\django\db\backends\postgresql\psycopg_any.py first seen with mtime 1747644922.454454
DEBUG 2025-06-06 15:58:25,507 autoreload 21032 2356 File C:\Program Files\WindowsApps\PythonSoftwareFoundation.Python.3.12_3.12.2800.0_x64__qbz5n2kfra8p0\Lib\encodings\__init__.py first seen with mtime 1740483567.1908367
DEBUG 2025-06-06 15:58:25,507 autoreload 21032 2356 File C:\PROJECTS\NEXTJS-SPACE\Lib\site-packages\requests\packages.py first seen with mtime 1747829988.8673766
DEBUG 2025-06-06 15:58:25,507 autoreload 21032 2356 File C:\Program Files\WindowsApps\PythonSoftwareFoundation.Python.3.12_3.12.2800.0_x64__qbz5n2kfra8p0\Lib\urllib\__init__.py first seen with mtime 1744180872.5821161
DEBUG 2025-06-06 15:58:25,507 autoreload 21032 2356 File C:\Program Files\WindowsApps\PythonSoftwareFoundation.Python.3.12_3.12.2800.0_x64__qbz5n2kfra8p0\Lib\asyncio\timeouts.py first seen with mtime 1740483565.6841817
DEBUG 2025-06-06 15:58:25,507 autoreload 21032 2356 File C:\PROJECTS\NEXTJS-SPACE\Lib\site-packages\django\core\checks\templates.py first seen with mtime 1747644921.9919746
DEBUG 2025-06-06 15:58:25,507 autoreload 21032 2356 File C:\PROJECTS\NEXTJS-SPACE\Lib\site-packages\vine\synchronization.py first seen with mtime 1747904794.83909
DEBUG 2025-06-06 15:58:25,507 autoreload 21032 2356 File C:\Program Files\WindowsApps\PythonSoftwareFoundation.Python.3.12_3.12.2800.0_x64__qbz5n2kfra8p0\DLLs\_socket.pyd first seen with mtime 1744180879.7190135
DEBUG 2025-06-06 15:58:25,507 autoreload 21032 2356 File C:\PROJECTS\NEXTJS-SPACE\Lib\site-packages\urllib3\__init__.py first seen with mtime 1747829987.1503923
DEBUG 2025-06-06 15:58:25,507 autoreload 21032 2356 File C:\PROJECTS\NEXTJS-SPACE\Lib\site-packages\django\core\handlers\base.py first seen with mtime 1747644922.085444
DEBUG 2025-06-06 15:58:25,507 autoreload 21032 2356 File C:\PROJECTS\NEXTJS-SPACE\Lib\site-packages\django\contrib\postgres\validators.py first seen with mtime 1747644919.7199798
DEBUG 2025-06-06 15:58:25,512 autoreload 21032 2356 File C:\PROJECTS\NEXTJS-SPACE\Lib\site-packages\numpy\lib\_twodim_base_impl.py first seen with mtime 1747920841.9721055
DEBUG 2025-06-06 15:58:25,512 autoreload 21032 2356 File C:\PROJECTS\NEXTJS-SPACE\Lib\site-packages\django\db\models\fields\generated.py first seen with mtime 1747644922.579165
DEBUG 2025-06-06 15:58:25,512 autoreload 21032 2356 File C:\PROJECTS\NEXTJS-SPACE\Lib\site-packages\django\contrib\admindocs\views.py first seen with mtime 1747644916.5499847
DEBUG 2025-06-06 15:58:25,513 autoreload 21032 2356 File C:\PROJECTS\NEXTJS-SPACE\Lib\site-packages\django\shortcuts.py first seen with mtime 1747644914.07367
DEBUG 2025-06-06 15:58:25,513 autoreload 21032 2356 File C:\PROJECTS\NEXTJS-SPACE\Lib\site-packages\amqp\serialization.py first seen with mtime 1747904801.091228
DEBUG 2025-06-06 15:58:25,513 autoreload 21032 2356 File C:\Program Files\WindowsApps\PythonSoftwareFoundation.Python.3.12_3.12.2800.0_x64__qbz5n2kfra8p0\Lib\ctypes\_endian.py first seen with mtime 1740483566.1525283
DEBUG 2025-06-06 15:58:25,513 autoreload 21032 2356 File C:\PROJECTS\NEXTJS-SPACE\Lib\site-packages\django\middleware\cache.py first seen with mtime 1747644923.0000293
DEBUG 2025-06-06 15:58:25,513 autoreload 21032 2356 File C:\Program Files\WindowsApps\PythonSoftwareFoundation.Python.3.12_3.12.2800.0_x64__qbz5n2kfra8p0\Lib\pkgutil.py first seen with mtime 1740483574.5622914
DEBUG 2025-06-06 15:58:25,514 autoreload 21032 2356 File C:\PROJECTS\NEXTJS-SPACE\Lib\site-packages\django\test\utils.py first seen with mtime 1747644923.1610324
DEBUG 2025-06-06 15:58:25,514 autoreload 21032 2356 File C:\PROJECTS\NEXTJS-SPACE\Lib\site-packages\amqp\utils.py first seen with mtime 1747904801.1078608
DEBUG 2025-06-06 15:58:25,514 autoreload 21032 2356 File C:\PROJECTS\NEXTJS-SPACE\Lib\site-packages\django\db\models\fields\__init__.py first seen with mtime 1747644922.5698588
DEBUG 2025-06-06 15:58:25,514 autoreload 21032 2356 File C:\PROJECTS\NEXTJS-SPACE\Lib\site-packages\django\template\loaders\cached.py first seen with mtime 1747644923.1248078
DEBUG 2025-06-06 15:58:25,515 autoreload 21032 2356 File C:\PROJECTS\NEXTJS-SPACE\Lib\site-packages\django\db\models\functions\json.py first seen with mtime 1747644922.6002803
DEBUG 2025-06-06 15:58:25,515 autoreload 21032 2356 File C:\PROJECTS\NEXTJS-SPACE\Lib\site-packages\django\contrib\postgres\fields\utils.py first seen with mtime 1747644919.748205
DEBUG 2025-06-06 15:58:25,515 autoreload 21032 2356 File C:\PROJECTS\NEXTJS-SPACE\Lib\site-packages\django\utils\dates.py first seen with mtime 1747644923.2612617
DEBUG 2025-06-06 15:58:25,515 autoreload 21032 2356 File C:\PROJECTS\NEXTJS-SPACE\Lib\site-packages\psycopg2\extras.py first seen with mtime 1747644913.5187376
DEBUG 2025-06-06 15:58:25,515 autoreload 21032 2356 File C:\PROJECTS\NEXTJS-SPACE\Lib\site-packages\django\core\serializers\__init__.py first seen with mtime 1747644922.2818978
DEBUG 2025-06-06 15:58:25,515 autoreload 21032 2356 File C:\PROJECTS\NEXTJS-SPACE\Lib\site-packages\numpy\_typing\_shape.py first seen with mtime 1747920844.7923522
DEBUG 2025-06-06 15:58:25,515 autoreload 21032 2356 File C:\PROJECTS\NEXTJS-SPACE\Lib\site-packages\click\termui.py first seen with mtime 1747904800.5775242
DEBUG 2025-06-06 15:58:25,515 autoreload 21032 2356 File C:\PROJECTS\NEXTJS-SPACE\Lib\site-packages\rest_framework\utils\humanize_datetime.py first seen with mtime 1747644938.3067572
DEBUG 2025-06-06 15:58:25,517 autoreload 21032 2356 File C:\PROJECTS\NEXTJS-SPACE\Lib\site-packages\django\template\autoreload.py first seen with mtime 1747644923.039978
DEBUG 2025-06-06 15:58:25,517 autoreload 21032 2356 File C:\Program Files\WindowsApps\PythonSoftwareFoundation.Python.3.12_3.12.2800.0_x64__qbz5n2kfra8p0\Lib\wsgiref\util.py first seen with mtime 1740483584.5075204
DEBUG 2025-06-06 15:58:25,517 autoreload 21032 2356 File C:\PROJECTS\NEXTJS-SPACE\Lib\site-packages\django\db\models\functions\__init__.py first seen with mtime 1747644922.6002803
DEBUG 2025-06-06 15:58:25,517 autoreload 21032 2356 File C:\PROJECTS\NEXTJS-SPACE\Lib\site-packages\numpy\lib\_index_tricks_impl.py first seen with mtime 1747920841.925359
DEBUG 2025-06-06 15:58:25,517 autoreload 21032 2356 File C:\PROJECTS\NEXTJS-SPACE\Lib\site-packages\django\core\files\move.py first seen with mtime 1747644922.03129
DEBUG 2025-06-06 15:58:25,517 autoreload 21032 2356 File C:\PROJECTS\NEXTJS-SPACE\Lib\site-packages\django\dispatch\dispatcher.py first seen with mtime 1747644922.6453161
DEBUG 2025-06-06 15:58:25,517 autoreload 21032 2356 File C:\Program Files\WindowsApps\PythonSoftwareFoundation.Python.3.12_3.12.2800.0_x64__qbz5n2kfra8p0\Lib\asyncio\base_subprocess.py first seen with mtime 1740483565.644843
DEBUG 2025-06-06 15:58:25,517 autoreload 21032 2356 File C:\Program Files\WindowsApps\PythonSoftwareFoundation.Python.3.12_3.12.2800.0_x64__qbz5n2kfra8p0\Lib\asyncio\base_tasks.py first seen with mtime 1740483565.644843
DEBUG 2025-06-06 15:58:25,517 autoreload 21032 2356 File C:\PROJECTS\NEXTJS-SPACE\Lib\site-packages\rest_framework\schemas\views.py first seen with mtime 1747644937.8702438
DEBUG 2025-06-06 15:58:25,517 autoreload 21032 2356 File C:\PROJECTS\NEXTJS-SPACE\Lib\site-packages\django\db\backends\base\creation.py first seen with mtime 1747644922.3398836
DEBUG 2025-06-06 15:58:25,517 autoreload 21032 2356 File C:\PROJECTS\NEXTJS-SPACE\Lib\site-packages\numpy\lib\_stride_tricks_impl.py first seen with mtime 1747920841.967839
DEBUG 2025-06-06 15:58:25,517 autoreload 21032 2356 File C:\PROJECTS\NEXTJS-SPACE\Lib\site-packages\click\utils.py first seen with mtime 1747904800.5875802
DEBUG 2025-06-06 15:58:25,517 autoreload 21032 2356 File C:\PROJECTS\NEXTJS-SPACE\Lib\site-packages\rest_framework_simplejwt\token_blacklist\models.py first seen with mtime 1747645387.2762032
DEBUG 2025-06-06 15:58:25,517 autoreload 21032 2356 File C:\Program Files\WindowsApps\PythonSoftwareFoundation.Python.3.12_3.12.2800.0_x64__qbz5n2kfra8p0\Lib\pprint.py first seen with mtime 1740483574.5622914
DEBUG 2025-06-06 15:58:25,517 autoreload 21032 2356 File C:\PROJECTS\NEXTJS-SPACE\Lib\site-packages\colorama\ansi.py first seen with mtime 1747904798.723582
DEBUG 2025-06-06 15:58:25,517 autoreload 21032 2356 File C:\PROJECTS\NEXTJS-SPACE\Lib\site-packages\kombu\clocks.py first seen with mtime 1747904801.5204978
DEBUG 2025-06-06 15:58:25,517 autoreload 21032 2356 File C:\PROJECTS\NEXTJS-SPACE\Lib\site-packages\numpy\_utils\_convertions.py first seen with mtime 1747920844.8133247
DEBUG 2025-06-06 15:58:25,517 autoreload 21032 2356 File C:\PROJECTS\NEXTJS-SPACE\Lib\site-packages\django\templatetags\i18n.py first seen with mtime 1747644923.1303055
DEBUG 2025-06-06 15:58:25,517 autoreload 21032 2356 File C:\PROJECTS\NEXTJS-SPACE\Lib\site-packages\django\forms\forms.py first seen with mtime 1747644922.6604476
DEBUG 2025-06-06 15:58:25,517 autoreload 21032 2356 File C:\PROJECTS\NEXTJS-SPACE\Lib\site-packages\celery\utils\dispatch\signal.py first seen with mtime 1747904804.211011
DEBUG 2025-06-06 15:58:25,517 autoreload 21032 2356 File C:\PROJECTS\NEXTJS-SPACE\Lib\site-packages\sqlparse\filters\__init__.py first seen with mtime 1747644912.9801762
DEBUG 2025-06-06 15:58:25,517 autoreload 21032 2356 File C:\PROJECTS\NEXTJS-SPACE\Lib\site-packages\rest_framework\utils\field_mapping.py first seen with mtime 1747644938.2973788
DEBUG 2025-06-06 15:58:25,517 autoreload 21032 2356 File C:\PROJECTS\NEXTJS-SPACE\Lib\site-packages\django\db\backends\postgresql\base.py first seen with mtime 1747644922.4378736
DEBUG 2025-06-06 15:58:25,517 autoreload 21032 2356 File C:\PROJECTS\NEXTJS-SPACE\Lib\site-packages\rest_framework\mixins.py first seen with mtime 1747644937.4569516
DEBUG 2025-06-06 15:58:25,517 autoreload 21032 2356 File C:\Program Files\WindowsApps\PythonSoftwareFoundation.Python.3.12_3.12.2800.0_x64__qbz5n2kfra8p0\Lib\stringprep.py first seen with mtime 1740483582.811846
DEBUG 2025-06-06 15:58:25,517 autoreload 21032 2356 File C:\Program Files\WindowsApps\PythonSoftwareFoundation.Python.3.12_3.12.2800.0_x64__qbz5n2kfra8p0\DLLs\_zoneinfo.pyd first seen with mtime 1744180881.8207939
DEBUG 2025-06-06 15:58:25,517 autoreload 21032 2356 File C:\PROJECTS\NEXTJS-SPACE\Lib\site-packages\dateutil\tz\tz.py first seen with mtime 1747904799.9477086
DEBUG 2025-06-06 15:58:25,517 autoreload 21032 2356 File C:\PROJECTS\NEXTJS-SPACE\Lib\site-packages\urllib3\util\response.py first seen with mtime 1747829987.2670188
DEBUG 2025-06-06 15:58:25,517 autoreload 21032 2356 File C:\PROJECTS\NEXTJS-SPACE\Lib\site-packages\urllib3\util\url.py first seen with mtime 1747829987.2841291
DEBUG 2025-06-06 15:58:25,517 autoreload 21032 2356 File C:\PROJECTS\NEXTJS-SPACE\Lib\site-packages\django\conf\__init__.py first seen with mtime 1747644914.0804968
DEBUG 2025-06-06 15:58:25,517 autoreload 21032 2356 File C:\PROJECTS\NEXTJS-SPACE\Lib\site-packages\numpy\_core\einsumfunc.py first seen with mtime 1747920843.6679769
DEBUG 2025-06-06 15:58:25,522 autoreload 21032 2356 File C:\PROJECTS\NEXTJS-SPACE\Lib\site-packages\numpy\lib\_arraysetops_impl.py first seen with mtime 1747920841.8775718
DEBUG 2025-06-06 15:58:25,522 autoreload 21032 2356 File C:\PROJECTS\NEXTJS-SPACE\Lib\site-packages\bs4\element.py first seen with mtime 1747906836.5698354
DEBUG 2025-06-06 15:58:25,522 autoreload 21032 2356 File C:\PROJECTS\NEXTJS-SPACE\Lib\site-packages\googlemaps\directions.py first seen with mtime 1747905130.0803766
DEBUG 2025-06-06 15:58:25,522 autoreload 21032 2356 File C:\PROJECTS\NEXTJS-SPACE\Lib\site-packages\django\core\checks\security\base.py first seen with mtime 1747644922.0087943
DEBUG 2025-06-06 15:58:25,522 autoreload 21032 2356 File C:\Program Files\WindowsApps\PythonSoftwareFoundation.Python.3.12_3.12.2800.0_x64__qbz5n2kfra8p0\Lib\email\encoders.py first seen with mtime 1740483566.2797267
DEBUG 2025-06-06 15:58:25,522 autoreload 21032 2356 File C:\Program Files\WindowsApps\PythonSoftwareFoundation.Python.3.12_3.12.2800.0_x64__qbz5n2kfra8p0\Lib\copy.py first seen with mtime 1740483566.105165
DEBUG 2025-06-06 15:58:25,522 autoreload 21032 2356 File C:\PROJECTS\NEXTJS-SPACE\Lib\site-packages\PIL\_version.py first seen with mtime 1747645869.854793
DEBUG 2025-06-06 15:58:25,522 autoreload 21032 2356 File C:\PROJECTS\NEXTJS-SPACE\Lib\site-packages\numpy\_core\numerictypes.py first seen with mtime 1747920843.7504754
DEBUG 2025-06-06 15:58:25,522 autoreload 21032 2356 File C:\PROJECTS\NEXTJS-SPACE\Lib\site-packages\django\contrib\auth\signals.py first seen with mtime 1747644917.1100833
DEBUG 2025-06-06 15:58:25,523 autoreload 21032 2356 File C:\PROJECTS\NEXTJS-SPACE\Lib\site-packages\psycopg2\__init__.py first seen with mtime 1747644913.4532676
DEBUG 2025-06-06 15:58:25,523 autoreload 21032 2356 File C:\Program Files\WindowsApps\PythonSoftwareFoundation.Python.3.12_3.12.2800.0_x64__qbz5n2kfra8p0\Lib\xml\__init__.py first seen with mtime 1740483586.0929005
DEBUG 2025-06-06 15:58:25,523 autoreload 21032 2356 File C:\PROJECTS\NEXTJS-SPACE\Lib\site-packages\kombu\utils\url.py first seen with mtime 1747904801.7691593
DEBUG 2025-06-06 15:58:25,523 autoreload 21032 2356 File C:\PROJECTS\NEXTJS-SPACE\Lib\site-packages\django\core\signing.py first seen with mtime 1747644921.8986564
DEBUG 2025-06-06 15:58:25,523 autoreload 21032 2356 File C:\Program Files\WindowsApps\PythonSoftwareFoundation.Python.3.12_3.12.2800.0_x64__qbz5n2kfra8p0\Lib\types.py first seen with mtime 1740483584.1941452
DEBUG 2025-06-06 15:58:25,523 autoreload 21032 2356 File C:\PROJECTS\NEXTJS-SPACE\Lib\site-packages\PIL\_util.py first seen with mtime 1747645869.8524518
DEBUG 2025-06-06 15:58:25,524 autoreload 21032 2356 File C:\PROJECTS\NEXTJS-SPACE\Lib\site-packages\dateutil\_common.py first seen with mtime 1747904799.8822303
DEBUG 2025-06-06 15:58:25,524 autoreload 21032 2356 File C:\PROJECTS\NEXTJS-SPACE\Lib\site-packages\django\utils\cache.py first seen with mtime 1747644923.220041
DEBUG 2025-06-06 15:58:25,524 autoreload 21032 2356 File C:\PROJECTS\NEXTJS-SPACE\Lib\site-packages\django\contrib\messages\__init__.py first seen with mtime 1747644919.669804
DEBUG 2025-06-06 15:58:25,524 autoreload 21032 2356 File C:\PROJECTS\NEXTJS-SPACE\Lib\site-packages\django\contrib\sessions\apps.py first seen with mtime 1747644920.638083
DEBUG 2025-06-06 15:58:25,524 autoreload 21032 2356 File C:\Program Files\WindowsApps\PythonSoftwareFoundation.Python.3.12_3.12.2800.0_x64__qbz5n2kfra8p0\Lib\email\_encoded_words.py first seen with mtime 1740483566.8440988
DEBUG 2025-06-06 15:58:25,524 autoreload 21032 2356 File C:\PROJECTS\NEXTJS-SPACE\Lib\site-packages\rest_framework\settings.py first seen with mtime 1747644937.509096
DEBUG 2025-06-06 15:58:25,524 autoreload 21032 2356 File C:\Program Files\WindowsApps\PythonSoftwareFoundation.Python.3.12_3.12.2800.0_x64__qbz5n2kfra8p0\Lib\asyncio\streams.py first seen with mtime 1740483565.67649
DEBUG 2025-06-06 15:58:25,525 autoreload 21032 2356 File C:\PROJECTS\NEXTJS-SPACE\Lib\site-packages\numpy\lib\array_utils.py first seen with mtime 1747920841.8022697
DEBUG 2025-06-06 15:58:25,525 autoreload 21032 2356 File C:\PROJECTS\NEXTJS-SPACE\Lib\site-packages\asgiref\current_thread_executor.py first seen with mtime 1747644913.8177245
DEBUG 2025-06-06 15:58:25,525 autoreload 21032 2356 File C:\PROJECTS\NEXTJS-SPACE\Lib\site-packages\django\db\models\functions\text.py first seen with mtime 1747644922.60995
DEBUG 2025-06-06 15:58:25,525 autoreload 21032 2356 File C:\Program Files\WindowsApps\PythonSoftwareFoundation.Python.3.12_3.12.2800.0_x64__qbz5n2kfra8p0\Lib\wsgiref\__init__.py first seen with mtime 1740483584.5075204
DEBUG 2025-06-06 15:58:25,525 autoreload 21032 2356 File C:\Program Files\WindowsApps\PythonSoftwareFoundation.Python.3.12_3.12.2800.0_x64__qbz5n2kfra8p0\Lib\json\scanner.py first seen with mtime 1740483572.8378065
DEBUG 2025-06-06 15:58:25,525 autoreload 21032 2356 File C:\PROJECTS\NEXTJS-SPACE\Lib\site-packages\bs4\builder\__init__.py first seen with mtime 1747906836.5899682
DEBUG 2025-06-06 15:58:25,525 autoreload 21032 2356 File C:\PROJECTS\NEXTJS-SPACE\Lib\site-packages\numpy\lib\__init__.py first seen with mtime 1747920841.9976225
DEBUG 2025-06-06 15:58:25,526 autoreload 21032 2356 File C:\PROJECTS\NEXTJS-SPACE\Lib\site-packages\numpy\_core\_dtype.py first seen with mtime 1747920843.8260176
DEBUG 2025-06-06 15:58:25,526 autoreload 21032 2356 File C:\Program Files\WindowsApps\PythonSoftwareFoundation.Python.3.12_3.12.2800.0_x64__qbz5n2kfra8p0\Lib\email\utils.py first seen with mtime 1740483566.8440988
DEBUG 2025-06-06 15:58:25,526 autoreload 21032 2356 File C:\PROJECTS\NEXTJS-SPACE\Lib\site-packages\requests\sessions.py first seen with mtime 1747829988.8829706
DEBUG 2025-06-06 15:58:25,526 autoreload 21032 2356 File C:\PROJECTS\NEXTJS-SPACE\Lib\site-packages\celery\utils\serialization.py first seen with mtime 1747904804.1887805
DEBUG 2025-06-06 15:58:25,526 autoreload 21032 2356 File C:\PROJECTS\NEXTJS-SPACE\Lib\site-packages\django\contrib\sessions\middleware.py first seen with mtime 1747644920.6453304
DEBUG 2025-06-06 15:58:25,526 autoreload 21032 2356 File C:\PROJECTS\NEXTJS-SPACE\Lib\site-packages\django_filters\rest_framework\__init__.py first seen with mtime 1747652148.0564146
DEBUG 2025-06-06 15:58:25,527 autoreload 21032 2356 File C:\PROJECTS\NEXTJS-SPACE\Lib\site-packages\django\db\backends\postgresql\compiler.py first seen with mtime 1747644922.4423754
DEBUG 2025-06-06 15:58:25,527 autoreload 21032 2356 File C:\Program Files\WindowsApps\PythonSoftwareFoundation.Python.3.12_3.12.2800.0_x64__qbz5n2kfra8p0\Lib\ctypes\wintypes.py first seen with mtime 1740483566.142778
DEBUG 2025-06-06 15:58:25,527 autoreload 21032 2356 File C:\PROJECTS\NEXTJS-SPACE\Lib\site-packages\django_filters\widgets.py first seen with mtime 1747652147.9810364
DEBUG 2025-06-06 15:58:25,527 autoreload 21032 2356 File C:\Program Files\WindowsApps\PythonSoftwareFoundation.Python.3.12_3.12.2800.0_x64__qbz5n2kfra8p0\Lib\numbers.py first seen with mtime 1740483574.5369787
DEBUG 2025-06-06 15:58:25,530 autoreload 21032 2356 File C:\PROJECTS\NEXTJS-SPACE\Lib\site-packages\sqlparse\filters\right_margin.py first seen with mtime 1747644912.9940095
DEBUG 2025-06-06 15:58:25,530 autoreload 21032 2356 File C:\PROJECTS\NEXTJS-SPACE\Lib\site-packages\django\utils\timesince.py first seen with mtime 1747644923.3632188
DEBUG 2025-06-06 15:58:25,530 autoreload 21032 2356 File C:\PROJECTS\NEXTJS-SPACE\Lib\site-packages\numpy\_core\fromnumeric.py first seen with mtime 1747920843.6783764
DEBUG 2025-06-06 15:58:25,530 autoreload 21032 2356 File C:\PROJECTS\NEXTJS-SPACE\Lib\site-packages\django\db\models\constraints.py first seen with mtime 1747644922.5398161
DEBUG 2025-06-06 15:58:25,531 autoreload 21032 2356 File C:\PROJECTS\NEXTJS-SPACE\Lib\site-packages\numpy\_utils\__init__.py first seen with mtime 1747920844.8441453
DEBUG 2025-06-06 15:58:25,531 autoreload 21032 2356 File C:\PROJECTS\NEXTJS-SPACE\Lib\site-packages\django\urls\converters.py first seen with mtime 1747644923.1802518
DEBUG 2025-06-06 15:58:25,531 autoreload 21032 2356 File C:\PROJECTS\NEXTJS-SPACE\Lib\site-packages\django\db\models\sql\constants.py first seen with mtime 1747644922.620066
DEBUG 2025-06-06 15:58:25,531 autoreload 21032 2356 File C:\PROJECTS\NEXTJS-SPACE\Lib\site-packages\django\db\backends\signals.py first seen with mtime 1747644922.3259149
DEBUG 2025-06-06 15:58:25,531 autoreload 21032 2356 File C:\PROJECTS\NEXTJS-SPACE\Lib\site-packages\celery\app\defaults.py first seen with mtime 1747904803.8114166
DEBUG 2025-06-06 15:58:25,531 autoreload 21032 2356 File C:\PROJECTS\NEXTJS-SPACE\Lib\site-packages\numpy\_core\overrides.py first seen with mtime 1747920843.7595768
DEBUG 2025-06-06 15:58:25,531 autoreload 21032 2356 File C:\Program Files\WindowsApps\PythonSoftwareFoundation.Python.3.12_3.12.2800.0_x64__qbz5n2kfra8p0\Lib\calendar.py first seen with mtime 1740483566.0094194
DEBUG 2025-06-06 15:58:25,531 autoreload 21032 2356 File C:\PROJECTS\NEXTJS-SPACE\Lib\site-packages\django\templatetags\__init__.py first seen with mtime 1747644923.1303055
DEBUG 2025-06-06 15:58:25,532 autoreload 21032 2356 File C:\Program Files\WindowsApps\PythonSoftwareFoundation.Python.3.12_3.12.2800.0_x64__qbz5n2kfra8p0\Lib\contextvars.py first seen with mtime 1740483566.105165
DEBUG 2025-06-06 15:58:25,532 autoreload 21032 2356 File C:\PROJECTS\NEXTJS-SPACE\Lib\site-packages\numpy\__config__.py first seen with mtime 1747920841.1276224
DEBUG 2025-06-06 15:58:25,532 autoreload 21032 2356 File C:\PROJECTS\NEXTJS-SPACE\Lib\site-packages\django\db\models\fields\proxy.py first seen with mtime 1747644922.5825086
DEBUG 2025-06-06 15:58:25,532 autoreload 21032 2356 File C:\Program Files\WindowsApps\PythonSoftwareFoundation.Python.3.12_3.12.2800.0_x64__qbz5n2kfra8p0\Lib\collections\abc.py first seen with mtime 1740483566.0411284
DEBUG 2025-06-06 15:58:25,533 autoreload 21032 2356 File C:\PROJECTS\NEXTJS-SPACE\Lib\site-packages\numpy\lib\_datasource.py first seen with mtime 1747920841.898894
DEBUG 2025-06-06 15:58:25,533 autoreload 21032 2356 File C:\PROJECTS\NEXTJS-SPACE\Lib\site-packages\rest_framework\utils\html.py first seen with mtime 1747644938.3034978
DEBUG 2025-06-06 15:58:25,534 autoreload 21032 2356 File C:\PROJECTS\NEXTJS-SPACE\Lib\site-packages\colorama\win32.py first seen with mtime 1747904798.7351198
DEBUG 2025-06-06 15:58:25,534 autoreload 21032 2356 File C:\PROJECTS\NEXTJS-SPACE\Lib\site-packages\django\contrib\admin\exceptions.py first seen with mtime 1747644914.9498482
DEBUG 2025-06-06 15:58:25,534 autoreload 21032 2356 File C:\PROJECTS\NEXTJS-SPACE\Lib\site-packages\celery\utils\time.py first seen with mtime 1747904804.2031822
DEBUG 2025-06-06 15:58:25,534 autoreload 21032 2356 File C:\PROJECTS\NEXTJS-SPACE\Lib\site-packages\django\utils\formats.py first seen with mtime 1747644923.2967296
DEBUG 2025-06-06 15:58:25,534 autoreload 21032 2356 File C:\PROJECTS\NEXTJS-SPACE\Lib\site-packages\idna\package_data.py first seen with mtime 1747829988.087778
DEBUG 2025-06-06 15:58:25,534 autoreload 21032 2356 File C:\PROJECTS\NEXTJS-SPACE\Lib\site-packages\django\db\models\fields\related_descriptors.py first seen with mtime 1747644922.5897748
DEBUG 2025-06-06 15:58:25,534 autoreload 21032 2356 File C:\PROJECTS\NEXTJS-SPACE\Lib\site-packages\googlemaps\client.py first seen with mtime 1747905130.07568
DEBUG 2025-06-06 15:58:25,535 autoreload 21032 2356 File C:\PROJECTS\NEXTJS-SPACE\Lib\site-packages\django\core\paginator.py first seen with mtime 1747644921.893576
DEBUG 2025-06-06 15:58:25,535 autoreload 21032 2356 File C:\PROJECTS\NEXTJS-SPACE\Lib\site-packages\django\db\models\fields\json.py first seen with mtime 1747644922.5825086
DEBUG 2025-06-06 15:58:25,535 autoreload 21032 2356 File C:\PROJECTS\NEXTJS-SPACE\Lib\site-packages\kombu\utils\collections.py first seen with mtime 1747904801.726839
DEBUG 2025-06-06 15:58:25,535 autoreload 21032 2356 File C:\PROJECTS\NEXTJS-SPACE\Lib\site-packages\django\template\context.py first seen with mtime 1747644923.0515597
DEBUG 2025-06-06 15:58:25,535 autoreload 21032 2356 File C:\PROJECTS\NEXTJS-SPACE\Lib\site-packages\soupsieve\util.py first seen with mtime 1747906829.0549624
DEBUG 2025-06-06 15:58:25,535 autoreload 21032 2356 File C:\PROJECTS\NEXTJS-SPACE\Lib\site-packages\bs4\_deprecation.py first seen with mtime 1747906836.539727
DEBUG 2025-06-06 15:58:25,536 autoreload 21032 2356 File C:\PROJECTS\backend\api\models.py first seen with mtime 1748860493.814313
DEBUG 2025-06-06 15:58:25,536 autoreload 21032 2356 File C:\PROJECTS\NEXTJS-SPACE\Lib\site-packages\kombu\utils\div.py first seen with mtime 1747904801.733163
DEBUG 2025-06-06 15:58:25,536 autoreload 21032 2356 File C:\Program Files\WindowsApps\PythonSoftwareFoundation.Python.3.12_3.12.2800.0_x64__qbz5n2kfra8p0\Lib\token.py first seen with mtime 1740483584.0158072
DEBUG 2025-06-06 15:58:25,536 autoreload 21032 2356 File C:\PROJECTS\NEXTJS-SPACE\Lib\site-packages\django\views\generic\detail.py first seen with mtime 1747644923.4624481
DEBUG 2025-06-06 15:58:25,536 autoreload 21032 2356 File C:\PROJECTS\NEXTJS-SPACE\Lib\site-packages\django\db\models\utils.py first seen with mtime 1747644922.5629826
DEBUG 2025-06-06 15:58:25,536 autoreload 21032 2356 File C:\PROJECTS\NEXTJS-SPACE\Lib\site-packages\kombu\utils\uuid.py first seen with mtime 1747904801.7714796
DEBUG 2025-06-06 15:58:25,536 autoreload 21032 2356 File C:\PROJECTS\NEXTJS-SPACE\Lib\site-packages\amqp\exceptions.py first seen with mtime 1747904801.0728784
DEBUG 2025-06-06 15:58:25,537 autoreload 21032 2356 File C:\PROJECTS\NEXTJS-SPACE\Lib\site-packages\urllib3\util\timeout.py first seen with mtime 1747829987.2841291
DEBUG 2025-06-06 15:58:25,537 autoreload 21032 2356 File C:\PROJECTS\NEXTJS-SPACE\Lib\site-packages\django\db\models\base.py first seen with mtime 1747644922.5301163
DEBUG 2025-06-06 15:58:25,537 autoreload 21032 2356 File C:\PROJECTS\NEXTJS-SPACE\Lib\site-packages\urllib3\util\ssl_.py first seen with mtime 1747829987.2670188
DEBUG 2025-06-06 15:58:25,537 autoreload 21032 2356 File C:\PROJECTS\NEXTJS-SPACE\Lib\site-packages\django\contrib\admin\__init__.py first seen with mtime 1747644914.9459507
DEBUG 2025-06-06 15:58:25,537 autoreload 21032 2356 File C:\PROJECTS\NEXTJS-SPACE\Lib\site-packages\numpy\_core\_asarray.py first seen with mtime 1747920843.82003
DEBUG 2025-06-06 15:58:25,537 autoreload 21032 2356 File C:\PROJECTS\NEXTJS-SPACE\Lib\site-packages\colorama\__init__.py first seen with mtime 1747904798.7207415
DEBUG 2025-06-06 15:58:25,538 autoreload 21032 2356 File C:\PROJECTS\NEXTJS-SPACE\Lib\site-packages\rest_framework\fields.py first seen with mtime 1747644937.4335775
DEBUG 2025-06-06 15:58:25,538 autoreload 21032 2356 File C:\PROJECTS\NEXTJS-SPACE\Lib\site-packages\django\templatetags\static.py first seen with mtime 1747644923.1402154
DEBUG 2025-06-06 15:58:25,538 autoreload 21032 2356 File C:\PROJECTS\NEXTJS-SPACE\Lib\site-packages\django\db\models\fields\related_lookups.py first seen with mtime 1747644922.5929716
DEBUG 2025-06-06 15:58:25,538 autoreload 21032 2356 File C:\PROJECTS\NEXTJS-SPACE\Lib\site-packages\django\db\backends\postgresql\introspection.py first seen with mtime 1747644922.4504044
DEBUG 2025-06-06 15:58:25,538 autoreload 21032 2356 File C:\PROJECTS\NEXTJS-SPACE\Lib\site-packages\bs4\__init__.py first seen with mtime 1747906836.539727
DEBUG 2025-06-06 15:58:25,538 autoreload 21032 2356 File C:\PROJECTS\NEXTJS-SPACE\Lib\site-packages\django\contrib\auth\backends.py first seen with mtime 1747644917.059877
DEBUG 2025-06-06 15:58:25,538 autoreload 21032 2356 File C:\PROJECTS\NEXTJS-SPACE\Lib\site-packages\django\core\files\storage\mixins.py first seen with mtime 1747644922.0773594
DEBUG 2025-06-06 15:58:25,539 autoreload 21032 2356 File C:\PROJECTS\NEXTJS-SPACE\Lib\site-packages\rest_framework\pagination.py first seen with mtime 1747644937.4662297
DEBUG 2025-06-06 15:58:25,539 autoreload 21032 2356 File C:\PROJECTS\NEXTJS-SPACE\Lib\site-packages\googlemaps\addressvalidation.py first seen with mtime 1747905130.0692823
DEBUG 2025-06-06 15:58:25,539 autoreload 21032 2356 File C:\Program Files\WindowsApps\PythonSoftwareFoundation.Python.3.12_3.12.2800.0_x64__qbz5n2kfra8p0\Lib\asyncio\events.py first seen with mtime 1740483565.644843
DEBUG 2025-06-06 15:58:25,539 autoreload 21032 2356 File C:\PROJECTS\NEXTJS-SPACE\Lib\site-packages\numpy\lib\_iotools.py first seen with mtime 1747920841.9294295
DEBUG 2025-06-06 15:58:25,539 autoreload 21032 2356 File C:\PROJECTS\NEXTJS-SPACE\Lib\site-packages\urllib3\util\connection.py first seen with mtime 1747829987.2596369
DEBUG 2025-06-06 15:58:25,539 autoreload 21032 2356 File C:\Program Files\WindowsApps\PythonSoftwareFoundation.Python.3.12_3.12.2800.0_x64__qbz5n2kfra8p0\Lib\tempfile.py first seen with mtime 1744180891.3295753
DEBUG 2025-06-06 15:58:25,539 autoreload 21032 2356 File C:\PROJECTS\NEXTJS-SPACE\Lib\site-packages\urllib3\util\util.py first seen with mtime 1747829987.2841291
DEBUG 2025-06-06 15:58:25,539 autoreload 21032 2356 File C:\PROJECTS\NEXTJS-SPACE\Lib\site-packages\django\db\backends\base\operations.py first seen with mtime 1747644922.351048
DEBUG 2025-06-06 15:58:25,539 autoreload 21032 2356 File C:\PROJECTS\NEXTJS-SPACE\Lib\site-packages\kombu\resource.py first seen with mtime 1747904801.566029
DEBUG 2025-06-06 15:58:25,539 autoreload 21032 2356 File C:\PROJECTS\NEXTJS-SPACE\Lib\site-packages\kombu\exceptions.py first seen with mtime 1747904801.540387
DEBUG 2025-06-06 15:58:25,539 autoreload 21032 2356 File C:\Program Files\WindowsApps\PythonSoftwareFoundation.Python.3.12_3.12.2800.0_x64__qbz5n2kfra8p0\Lib\datetime.py first seen with mtime 1740483566.200426
DEBUG 2025-06-06 15:58:25,539 autoreload 21032 2356 File C:\PROJECTS\NEXTJS-SPACE\Lib\site-packages\psycopg2\sql.py first seen with mtime 1747644913.5277448
DEBUG 2025-06-06 15:58:25,539 autoreload 21032 2356 File C:\Program Files\WindowsApps\PythonSoftwareFoundation.Python.3.12_3.12.2800.0_x64__qbz5n2kfra8p0\Lib\email\message.py first seen with mtime 1740483566.8144846
DEBUG 2025-06-06 15:58:25,539 autoreload 21032 2356 File C:\PROJECTS\NEXTJS-SPACE\Lib\site-packages\requests\utils.py first seen with mtime 1747829988.8905883
DEBUG 2025-06-06 15:58:25,539 autoreload 21032 2356 File C:\Program Files\WindowsApps\PythonSoftwareFoundation.Python.3.12_3.12.2800.0_x64__qbz5n2kfra8p0\Lib\lzma.py first seen with mtime 1740483573.5198064
DEBUG 2025-06-06 15:58:25,539 autoreload 21032 2356 File C:\PROJECTS\NEXTJS-SPACE\Lib\site-packages\numpy\_core\_add_newdocs.py first seen with mtime 1747920843.804052
DEBUG 2025-06-06 15:58:25,539 autoreload 21032 2356 File C:\PROJECTS\NEXTJS-SPACE\Lib\site-packages\idna\idnadata.py first seen with mtime 1747829988.0829127
DEBUG 2025-06-06 15:58:25,542 autoreload 21032 2356 File C:\Program Files\WindowsApps\PythonSoftwareFoundation.Python.3.12_3.12.2800.0_x64__qbz5n2kfra8p0\Lib\unittest\loader.py first seen with mtime 1740483584.205911
DEBUG 2025-06-06 15:58:25,542 autoreload 21032 2356 File C:\PROJECTS\NEXTJS-SPACE\Lib\site-packages\requests\certs.py first seen with mtime 1747829988.8435304
DEBUG 2025-06-06 15:58:25,542 autoreload 21032 2356 File C:\PROJECTS\NEXTJS-SPACE\Lib\site-packages\dotenv\main.py first seen with mtime 1749218278.4568574
DEBUG 2025-06-06 15:58:25,542 autoreload 21032 2356 File C:\PROJECTS\NEXTJS-SPACE\Lib\site-packages\rest_framework_simplejwt\settings.py first seen with mtime 1747645387.1270635
DEBUG 2025-06-06 15:58:25,542 autoreload 21032 2356 File C:\PROJECTS\NEXTJS-SPACE\Lib\site-packages\click\decorators.py first seen with mtime 1747904800.5449247
DEBUG 2025-06-06 15:58:25,542 autoreload 21032 2356 File C:\Program Files\WindowsApps\PythonSoftwareFoundation.Python.3.12_3.12.2800.0_x64__qbz5n2kfra8p0\Lib\xml\dom\minidom.py first seen with mtime 1740483584.5866325
DEBUG 2025-06-06 15:58:25,542 autoreload 21032 2356 File C:\Program Files\WindowsApps\PythonSoftwareFoundation.Python.3.12_3.12.2800.0_x64__qbz5n2kfra8p0\Lib\zoneinfo\_tzpath.py first seen with mtime 1740483586.1295826
DEBUG 2025-06-06 15:58:25,542 autoreload 21032 2356 File C:\PROJECTS\NEXTJS-SPACE\Lib\site-packages\numpy\lib\introspect.py first seen with mtime 1747920841.8192875
DEBUG 2025-06-06 15:58:25,543 autoreload 21032 2356 File C:\Program Files\WindowsApps\PythonSoftwareFoundation.Python.3.12_3.12.2800.0_x64__qbz5n2kfra8p0\Lib\mimetypes.py first seen with mtime 1744180886.3941665
DEBUG 2025-06-06 15:58:25,543 autoreload 21032 2356 File C:\PROJECTS\NEXTJS-SPACE\Lib\site-packages\numpy\_distributor_init.py first seen with mtime 1747920841.1077054
DEBUG 2025-06-06 15:58:25,544 autoreload 21032 2356 File C:\PROJECTS\NEXTJS-SPACE\Lib\site-packages\django\db\models\fields\mixins.py first seen with mtime 1747644922.5825086
DEBUG 2025-06-06 15:58:25,544 autoreload 21032 2356 File C:\PROJECTS\NEXTJS-SPACE\Lib\site-packages\django\utils\_os.py first seen with mtime 1747644923.199948
DEBUG 2025-06-06 15:58:25,544 autoreload 21032 2356 File C:\PROJECTS\NEXTJS-SPACE\Lib\site-packages\django\contrib\postgres\forms\hstore.py first seen with mtime 1747644919.754185
DEBUG 2025-06-06 15:58:25,544 autoreload 21032 2356 File C:\PROJECTS\backend\backend\__init__.py first seen with mtime 1747644735.6398065
DEBUG 2025-06-06 15:58:25,544 autoreload 21032 2356 File C:\PROJECTS\NEXTJS-SPACE\Lib\site-packages\django\utils\tree.py first seen with mtime 1747644923.3763602
DEBUG 2025-06-06 15:58:25,545 autoreload 21032 2356 File C:\PROJECTS\NEXTJS-SPACE\Lib\site-packages\celery\utils\dispatch\__init__.py first seen with mtime 1747904804.2089262
DEBUG 2025-06-06 15:58:25,545 autoreload 21032 2356 File C:\PROJECTS\NEXTJS-SPACE\Lib\site-packages\django\db\models\sql\compiler.py first seen with mtime 1747644922.620066
DEBUG 2025-06-06 15:58:25,545 autoreload 21032 2356 File C:\PROJECTS\NEXTJS-SPACE\Lib\site-packages\django\db\backends\base\introspection.py first seen with mtime 1747644922.3464777
DEBUG 2025-06-06 15:58:25,545 autoreload 21032 2356 File C:\PROJECTS\NEXTJS-SPACE\Lib\site-packages\django\utils\text.py first seen with mtime 1747644923.3632188
DEBUG 2025-06-06 15:58:25,545 autoreload 21032 2356 File C:\PROJECTS\NEXTJS-SPACE\Lib\site-packages\django\db\backends\postgresql\creation.py first seen with mtime 1747644922.4445584
DEBUG 2025-06-06 15:58:25,545 autoreload 21032 2356 File C:\PROJECTS\NEXTJS-SPACE\Lib\site-packages\celery\app\registry.py first seen with mtime 1747904803.8199139
DEBUG 2025-06-06 15:58:25,546 autoreload 21032 2356 File C:\PROJECTS\NEXTJS-SPACE\Lib\site-packages\corsheaders\__init__.py first seen with mtime 1747645208.904585
DEBUG 2025-06-06 15:58:25,546 autoreload 21032 2356 File C:\Program Files\WindowsApps\PythonSoftwareFoundation.Python.3.12_3.12.2800.0_x64__qbz5n2kfra8p0\Lib\unittest\runner.py first seen with mtime 1740483584.205911
DEBUG 2025-06-06 15:58:25,546 autoreload 21032 2356 File C:\PROJECTS\NEXTJS-SPACE\Lib\site-packages\numpy\_core\_multiarray_umath.cp312-win_amd64.pyd first seen with mtime 1747920843.9456253
DEBUG 2025-06-06 15:58:25,546 autoreload 21032 2356 File C:\PROJECTS\NEXTJS-SPACE\Lib\site-packages\celery\utils\annotations.py first seen with mtime 1747904804.154707
DEBUG 2025-06-06 15:58:25,546 autoreload 21032 2356 File C:\PROJECTS\NEXTJS-SPACE\Lib\site-packages\bs4\filter.py first seen with mtime 1747906836.5750425
DEBUG 2025-06-06 15:58:25,546 autoreload 21032 2356 File C:\Program Files\WindowsApps\PythonSoftwareFoundation.Python.3.12_3.12.2800.0_x64__qbz5n2kfra8p0\Lib\decimal.py first seen with mtime 1740483566.2321627
DEBUG 2025-06-06 15:58:25,547 autoreload 21032 2356 File C:\PROJECTS\NEXTJS-SPACE\Lib\site-packages\django\db\models\deletion.py first seen with mtime 1747644922.5398161
DEBUG 2025-06-06 15:58:25,547 autoreload 21032 2356 File C:\PROJECTS\NEXTJS-SPACE\Lib\site-packages\numpy\_core\multiarray.py first seen with mtime 1747920843.734766
DEBUG 2025-06-06 15:58:25,547 autoreload 21032 2356 File C:\PROJECTS\NEXTJS-SPACE\Lib\site-packages\numpy\_utils\_inspect.py first seen with mtime 1747920844.8200872
DEBUG 2025-06-06 15:58:25,547 autoreload 21032 2356 File C:\PROJECTS\NEXTJS-SPACE\Lib\site-packages\rest_framework\utils\breadcrumbs.py first seen with mtime 1747644938.2903135
DEBUG 2025-06-06 15:58:25,548 autoreload 21032 2356 File C:\PROJECTS\NEXTJS-SPACE\Lib\site-packages\numpy\_expired_attrs_2_0.py first seen with mtime 1747920841.1077054
DEBUG 2025-06-06 15:58:25,548 autoreload 21032 2356 File C:\PROJECTS\NEXTJS-SPACE\Lib\site-packages\six.py first seen with mtime 1747904794.9934123
DEBUG 2025-06-06 15:58:25,548 autoreload 21032 2356 File C:\PROJECTS\NEXTJS-SPACE\Lib\site-packages\rest_framework\authentication.py first seen with mtime 1747644937.4123027
DEBUG 2025-06-06 15:58:25,548 autoreload 21032 2356 File C:\PROJECTS\NEXTJS-SPACE\Lib\site-packages\rest_framework\exceptions.py first seen with mtime 1747644937.4335775
DEBUG 2025-06-06 15:58:25,548 autoreload 21032 2356 File C:\PROJECTS\NEXTJS-SPACE\Lib\site-packages\django\contrib\staticfiles\handlers.py first seen with mtime 1747644921.8458304
DEBUG 2025-06-06 15:58:25,548 autoreload 21032 2356 File C:\Program Files\WindowsApps\PythonSoftwareFoundation.Python.3.12_3.12.2800.0_x64__qbz5n2kfra8p0\Lib\importlib\resources\abc.py first seen with mtime 1740483572.675622
DEBUG 2025-06-06 15:58:25,548 autoreload 21032 2356 File C:\PROJECTS\NEXTJS-SPACE\Lib\site-packages\rest_framework_simplejwt\token_blacklist\__init__.py first seen with mtime 1747645387.270561
DEBUG 2025-06-06 15:58:25,548 autoreload 21032 2356 File C:\Program Files\WindowsApps\PythonSoftwareFoundation.Python.3.12_3.12.2800.0_x64__qbz5n2kfra8p0\Lib\opcode.py first seen with mtime 1740483574.5369787
DEBUG 2025-06-06 15:58:25,548 autoreload 21032 2356 File C:\PROJECTS\NEXTJS-SPACE\Lib\site-packages\numpy\_core\records.py first seen with mtime 1747920843.7718856
DEBUG 2025-06-06 15:58:25,548 autoreload 21032 2356 File C:\PROJECTS\NEXTJS-SPACE\Lib\site-packages\numpy\lib\scimath.py first seen with mtime 1747920841.847861
DEBUG 2025-06-06 15:58:25,548 autoreload 21032 2356 File C:\PROJECTS\NEXTJS-SPACE\Lib\site-packages\django\db\backends\base\schema.py first seen with mtime 1747644922.356068
DEBUG 2025-06-06 15:58:25,548 autoreload 21032 2356 File C:\PROJECTS\NEXTJS-SPACE\Lib\site-packages\celery\__init__.py first seen with mtime 1747904803.75352
DEBUG 2025-06-06 15:58:25,548 autoreload 21032 2356 File C:\PROJECTS\NEXTJS-SPACE\Lib\site-packages\django\db\models\fields\related.py first seen with mtime 1747644922.5825086
DEBUG 2025-06-06 15:58:25,548 autoreload 21032 2356 File C:\PROJECTS\NEXTJS-SPACE\Lib\site-packages\django\contrib\auth\tokens.py first seen with mtime 1747644917.1100833
DEBUG 2025-06-06 15:58:25,548 autoreload 21032 2356 File C:\PROJECTS\NEXTJS-SPACE\Lib\site-packages\kombu\utils\json.py first seen with mtime 1747904801.7480395
DEBUG 2025-06-06 15:58:25,548 autoreload 21032 2356 File C:\Program Files\WindowsApps\PythonSoftwareFoundation.Python.3.12_3.12.2800.0_x64__qbz5n2kfra8p0\Lib\re\_constants.py first seen with mtime 1740483574.7370086
DEBUG 2025-06-06 15:58:25,548 autoreload 21032 2356 File C:\Program Files\WindowsApps\PythonSoftwareFoundation.Python.3.12_3.12.2800.0_x64__qbz5n2kfra8p0\Lib\unittest\main.py first seen with mtime 1740483584.205911
DEBUG 2025-06-06 15:58:25,548 autoreload 21032 2356 File C:\PROJECTS\NEXTJS-SPACE\Lib\site-packages\django\core\mail\__init__.py first seen with mtime 1747644922.0938172
DEBUG 2025-06-06 15:58:25,548 autoreload 21032 2356 File C:\PROJECTS\NEXTJS-SPACE\Lib\site-packages\click\_compat.py first seen with mtime 1747904800.519089
DEBUG 2025-06-06 15:58:25,548 autoreload 21032 2356 File C:\PROJECTS\NEXTJS-SPACE\Lib\site-packages\django_filters\constants.py first seen with mtime 1747652147.965079
DEBUG 2025-06-06 15:58:25,548 autoreload 21032 2356 File C:\PROJECTS\NEXTJS-SPACE\Lib\site-packages\django\template\__init__.py first seen with mtime 1747644923.030993
DEBUG 2025-06-06 15:58:25,548 autoreload 21032 2356 File C:\Program Files\WindowsApps\PythonSoftwareFoundation.Python.3.12_3.12.2800.0_x64__qbz5n2kfra8p0\Lib\graphlib.py first seen with mtime 1744180886.1497133
DEBUG 2025-06-06 15:58:25,548 autoreload 21032 2356 File C:\PROJECTS\NEXTJS-SPACE\Lib\site-packages\requests\compat.py first seen with mtime 1747829988.8497705
DEBUG 2025-06-06 15:58:25,548 autoreload 21032 2356 File C:\PROJECTS\NEXTJS-SPACE\Lib\site-packages\charset_normalizer\api.py first seen with mtime 1747829988.4343796
DEBUG 2025-06-06 15:58:25,548 autoreload 21032 2356 File C:\PROJECTS\NEXTJS-SPACE\Lib\site-packages\numpy\_typing\_ufunc.py first seen with mtime 1747920844.7977104
DEBUG 2025-06-06 15:58:25,552 autoreload 21032 2356 File C:\PROJECTS\NEXTJS-SPACE\Lib\site-packages\rest_framework\utils\timezone.py first seen with mtime 1747644938.327694
DEBUG 2025-06-06 15:58:25,552 autoreload 21032 2356 File C:\PROJECTS\NEXTJS-SPACE\Lib\site-packages\celery\utils\nodenames.py first seen with mtime 1747904804.176727
DEBUG 2025-06-06 15:58:25,552 autoreload 21032 2356 File C:\PROJECTS\NEXTJS-SPACE\Lib\site-packages\django\urls\__init__.py first seen with mtime 1747644923.1702359
DEBUG 2025-06-06 15:58:25,552 autoreload 21032 2356 File C:\PROJECTS\NEXTJS-SPACE\Lib\site-packages\numpy\_typing\_dtype_like.py first seen with mtime 1747920844.7610686
DEBUG 2025-06-06 15:58:25,552 autoreload 21032 2356 File C:\Program Files\WindowsApps\PythonSoftwareFoundation.Python.3.12_3.12.2800.0_x64__qbz5n2kfra8p0\Lib\urllib\parse.py first seen with mtime 1740483584.339499
DEBUG 2025-06-06 15:58:25,552 autoreload 21032 2356 File C:\PROJECTS\NEXTJS-SPACE\Lib\site-packages\numpy\linalg\__init__.py first seen with mtime 1747920842.12764
DEBUG 2025-06-06 15:58:25,553 autoreload 21032 2356 File C:\PROJECTS\NEXTJS-SPACE\Lib\site-packages\sqlparse\engine\grouping.py first seen with mtime 1747644912.970018
DEBUG 2025-06-06 15:58:25,553 autoreload 21032 2356 File C:\PROJECTS\NEXTJS-SPACE\Lib\site-packages\django\db\migrations\operations\__init__.py first seen with mtime 1747644922.511603
DEBUG 2025-06-06 15:58:25,554 autoreload 21032 2356 File C:\PROJECTS\NEXTJS-SPACE\Lib\site-packages\django\contrib\admin\views\decorators.py first seen with mtime 1747644916.5197713
DEBUG 2025-06-06 15:58:25,554 autoreload 21032 2356 File C:\PROJECTS\NEXTJS-SPACE\Lib\site-packages\django\db\migrations\exceptions.py first seen with mtime 1747644922.4899738
DEBUG 2025-06-06 15:58:25,554 autoreload 21032 2356 File C:\PROJECTS\NEXTJS-SPACE\Lib\site-packages\django\core\management\color.py first seen with mtime 1747644922.137799
DEBUG 2025-06-06 15:58:25,554 autoreload 21032 2356 File C:\Program Files\WindowsApps\PythonSoftwareFoundation.Python.3.12_3.12.2800.0_x64__qbz5n2kfra8p0\Lib\html\parser.py first seen with mtime 1740483568.840268
DEBUG 2025-06-06 15:58:25,554 autoreload 21032 2356 File C:\PROJECTS\NEXTJS-SPACE\Lib\site-packages\django\contrib\contenttypes\forms.py first seen with mtime 1747644917.5669856
DEBUG 2025-06-06 15:58:25,554 autoreload 21032 2356 File C:\Program Files\WindowsApps\PythonSoftwareFoundation.Python.3.12_3.12.2800.0_x64__qbz5n2kfra8p0\Lib\email\mime\nonmultipart.py first seen with mtime 1740483566.8217113
DEBUG 2025-06-06 15:58:25,555 autoreload 21032 2356 File C:\PROJECTS\NEXTJS-SPACE\Lib\site-packages\amqp\__init__.py first seen with mtime 1747904801.0467627
DEBUG 2025-06-06 15:58:25,555 autoreload 21032 2356 File C:\PROJECTS\NEXTJS-SPACE\Lib\site-packages\celery\utils\functional.py first seen with mtime 1747904804.164629
DEBUG 2025-06-06 15:58:25,555 autoreload 21032 2356 File C:\PROJECTS\NEXTJS-SPACE\Lib\site-packages\django\forms\fields.py first seen with mtime 1747644922.6554842
DEBUG 2025-06-06 15:58:25,555 autoreload 21032 2356 File C:\Program Files\WindowsApps\PythonSoftwareFoundation.Python.3.12_3.12.2800.0_x64__qbz5n2kfra8p0\Lib\importlib\__init__.py first seen with mtime 1740483572.7773378
DEBUG 2025-06-06 15:58:25,555 autoreload 21032 2356 File C:\PROJECTS\NEXTJS-SPACE\Lib\site-packages\django\contrib\contenttypes\admin.py first seen with mtime 1747644917.5576823
DEBUG 2025-06-06 15:58:25,555 autoreload 21032 2356 File C:\PROJECTS\NEXTJS-SPACE\Lib\site-packages\urllib3\filepost.py first seen with mtime 1747829987.1882231
DEBUG 2025-06-06 15:58:25,555 autoreload 21032 2356 File C:\Program Files\WindowsApps\PythonSoftwareFoundation.Python.3.12_3.12.2800.0_x64__qbz5n2kfra8p0\Lib\bisect.py first seen with mtime 1740483566.0094194
DEBUG 2025-06-06 15:58:25,556 autoreload 21032 2356 File C:\Program Files\WindowsApps\PythonSoftwareFoundation.Python.3.12_3.12.2800.0_x64__qbz5n2kfra8p0\Lib\xml\dom\xmlbuilder.py first seen with mtime 1740483584.593264
DEBUG 2025-06-06 15:58:25,556 autoreload 21032 2356 File C:\Program Files\WindowsApps\PythonSoftwareFoundation.Python.3.12_3.12.2800.0_x64__qbz5n2kfra8p0\Lib\importlib\_abc.py first seen with mtime 1740483572.7703967
DEBUG 2025-06-06 15:58:25,556 autoreload 21032 2356 File C:\PROJECTS\NEXTJS-SPACE\Lib\site-packages\celery\utils\threads.py first seen with mtime 1747904804.2005427
DEBUG 2025-06-06 15:58:25,556 autoreload 21032 2356 File C:\Program Files\WindowsApps\PythonSoftwareFoundation.Python.3.12_3.12.2800.0_x64__qbz5n2kfra8p0\Lib\asyncio\trsock.py first seen with mtime 1740483565.6841817
DEBUG 2025-06-06 15:58:25,556 autoreload 21032 2356 File C:\PROJECTS\NEXTJS-SPACE\Lib\site-packages\soupsieve\css_match.py first seen with mtime 1747906829.03608
DEBUG 2025-06-06 15:58:25,556 autoreload 21032 2356 File C:\Program Files\WindowsApps\PythonSoftwareFoundation.Python.3.12_3.12.2800.0_x64__qbz5n2kfra8p0\DLLs\_asyncio.pyd first seen with mtime 1744180879.5855832
DEBUG 2025-06-06 15:58:25,556 autoreload 21032 2356 File C:\PROJECTS\NEXTJS-SPACE\Lib\site-packages\amqp\transport.py first seen with mtime 1747904801.1017632
DEBUG 2025-06-06 15:58:25,556 autoreload 21032 2356 File C:\PROJECTS\NEXTJS-SPACE\Lib\site-packages\click\formatting.py first seen with mtime 1747904800.5582037
DEBUG 2025-06-06 15:58:25,557 autoreload 21032 2356 File C:\PROJECTS\NEXTJS-SPACE\Lib\site-packages\celery\app\base.py first seen with mtime 1747904803.8035185
DEBUG 2025-06-06 15:58:25,557 autoreload 21032 2356 File C:\PROJECTS\NEXTJS-SPACE\Lib\site-packages\django\core\files\storage\__init__.py first seen with mtime 1747644922.053495
DEBUG 2025-06-06 15:58:25,557 autoreload 21032 2356 File C:\PROJECTS\NEXTJS-SPACE\Lib\site-packages\django\utils\module_loading.py first seen with mtime 1747644923.339886
DEBUG 2025-06-06 15:58:25,557 autoreload 21032 2356 File C:\PROJECTS\NEXTJS-SPACE\Lib\site-packages\urllib3\_version.py first seen with mtime 1747829987.1677248
DEBUG 2025-06-06 15:58:25,557 autoreload 21032 2356 File C:\PROJECTS\NEXTJS-SPACE\Lib\site-packages\django\contrib\admin\sites.py first seen with mtime 1747644914.963218
DEBUG 2025-06-06 15:58:25,557 autoreload 21032 2356 File C:\Program Files\WindowsApps\PythonSoftwareFoundation.Python.3.12_3.12.2800.0_x64__qbz5n2kfra8p0\Lib\xml\dom\minicompat.py first seen with mtime 1740483584.5866325
DEBUG 2025-06-06 15:58:25,557 autoreload 21032 2356 File C:\PROJECTS\NEXTJS-SPACE\Lib\site-packages\rest_framework\compat.py first seen with mtime 1747644937.4201655
DEBUG 2025-06-06 15:58:25,557 autoreload 21032 2356 File C:\PROJECTS\NEXTJS-SPACE\Lib\site-packages\rest_framework\apps.py first seen with mtime 1747644937.4083002
DEBUG 2025-06-06 15:58:25,557 autoreload 21032 2356 File C:\PROJECTS\NEXTJS-SPACE\Lib\site-packages\django\db\migrations\utils.py first seen with mtime 1747644922.511603
DEBUG 2025-06-06 15:58:25,557 autoreload 21032 2356 File C:\PROJECTS\NEXTJS-SPACE\Lib\site-packages\django\urls\exceptions.py first seen with mtime 1747644923.1802518
DEBUG 2025-06-06 15:58:25,557 autoreload 21032 2356 File C:\Program Files\WindowsApps\PythonSoftwareFoundation.Python.3.12_3.12.2800.0_x64__qbz5n2kfra8p0\Lib\wsgiref\handlers.py first seen with mtime 1740483584.4913423
DEBUG 2025-06-06 15:58:25,557 autoreload 21032 2356 File C:\Program Files\WindowsApps\PythonSoftwareFoundation.Python.3.12_3.12.2800.0_x64__qbz5n2kfra8p0\Lib\unittest\case.py first seen with mtime 1740483584.205911
DEBUG 2025-06-06 15:58:25,557 autoreload 21032 2356 File C:\PROJECTS\NEXTJS-SPACE\Lib\site-packages\django\contrib\auth\__init__.py first seen with mtime 1747644917.0500927
DEBUG 2025-06-06 15:58:25,557 autoreload 21032 2356 File C:\PROJECTS\NEXTJS-SPACE\Lib\site-packages\rest_framework_simplejwt\__init__.py first seen with mtime 1747645387.1108243
DEBUG 2025-06-06 15:58:25,557 autoreload 21032 2356 File C:\PROJECTS\NEXTJS-SPACE\Lib\site-packages\django\utils\translation\trans_real.py first seen with mtime 1747644923.403036
DEBUG 2025-06-06 15:58:25,557 autoreload 21032 2356 File C:\Program Files\WindowsApps\PythonSoftwareFoundation.Python.3.12_3.12.2800.0_x64__qbz5n2kfra8p0\Lib\importlib\readers.py first seen with mtime 1740483572.6686196
DEBUG 2025-06-06 15:58:25,557 autoreload 21032 2356 File C:\PROJECTS\NEXTJS-SPACE\Lib\site-packages\django\contrib\admin\templatetags\admin_modify.py first seen with mtime 1747644916.511183
DEBUG 2025-06-06 15:58:25,557 autoreload 21032 2356 File C:\Program Files\WindowsApps\PythonSoftwareFoundation.Python.3.12_3.12.2800.0_x64__qbz5n2kfra8p0\Lib\asyncio\queues.py first seen with mtime 1740483565.6608353
DEBUG 2025-06-06 15:58:25,557 autoreload 21032 2356 File C:\PROJECTS\NEXTJS-SPACE\Lib\site-packages\rest_framework_simplejwt\models.py first seen with mtime 1747645387.1201217
DEBUG 2025-06-06 15:58:25,557 autoreload 21032 2356 File C:\PROJECTS\NEXTJS-SPACE\Lib\site-packages\django\urls\base.py first seen with mtime 1747644923.1702359
DEBUG 2025-06-06 15:58:25,557 autoreload 21032 2356 File C:\Program Files\WindowsApps\PythonSoftwareFoundation.Python.3.12_3.12.2800.0_x64__qbz5n2kfra8p0\Lib\asyncio\mixins.py first seen with mtime 1740483565.6608353
DEBUG 2025-06-06 15:58:25,557 autoreload 21032 2356 File C:\PROJECTS\NEXTJS-SPACE\Lib\site-packages\urllib3\util\__init__.py first seen with mtime 1747829987.2554202
DEBUG 2025-06-06 15:58:25,557 autoreload 21032 2356 File C:\PROJECTS\NEXTJS-SPACE\Lib\site-packages\rest_framework\utils\__init__.py first seen with mtime 1747644938.2864978
DEBUG 2025-06-06 15:58:25,557 autoreload 21032 2356 File C:\PROJECTS\NEXTJS-SPACE\Lib\site-packages\django\views\debug.py first seen with mtime 1747644923.4115188
DEBUG 2025-06-06 15:58:25,557 autoreload 21032 2356 File C:\PROJECTS\NEXTJS-SPACE\Lib\site-packages\numpy\lib\_arraypad_impl.py first seen with mtime 1747920841.867536
DEBUG 2025-06-06 15:58:25,557 autoreload 21032 2356 File C:\PROJECTS\NEXTJS-SPACE\Lib\site-packages\django\contrib\postgres\forms\__init__.py first seen with mtime 1747644919.7502105
DEBUG 2025-06-06 15:58:25,557 autoreload 21032 2356 File C:\Program Files\WindowsApps\PythonSoftwareFoundation.Python.3.12_3.12.2800.0_x64__qbz5n2kfra8p0\Lib\locale.py first seen with mtime 1740483573.374549
DEBUG 2025-06-06 15:58:25,557 autoreload 21032 2356 File C:\PROJECTS\NEXTJS-SPACE\Lib\site-packages\rest_framework\utils\mediatypes.py first seen with mtime 1747644938.3126466
DEBUG 2025-06-06 15:58:25,557 autoreload 21032 2356 File C:\PROJECTS\NEXTJS-SPACE\Lib\site-packages\rest_framework\generics.py first seen with mtime 1747644937.4430974
DEBUG 2025-06-06 15:58:25,557 autoreload 21032 2356 File C:\Program Files\WindowsApps\PythonSoftwareFoundation.Python.3.12_3.12.2800.0_x64__qbz5n2kfra8p0\Lib\subprocess.py first seen with mtime 1744180891.322322
DEBUG 2025-06-06 15:58:25,557 autoreload 21032 2356 File C:\PROJECTS\NEXTJS-SPACE\Lib\site-packages\django\contrib\staticfiles\management\commands\runserver.py first seen with mtime 1747644921.8771658
DEBUG 2025-06-06 15:58:25,557 autoreload 21032 2356 File C:\PROJECTS\NEXTJS-SPACE\Lib\site-packages\django\core\checks\files.py first seen with mtime 1747644921.9820726
DEBUG 2025-06-06 15:58:25,557 autoreload 21032 2356 File C:\PROJECTS\NEXTJS-SPACE\Lib\site-packages\click\__init__.py first seen with mtime 1747904800.512496
DEBUG 2025-06-06 15:58:25,557 autoreload 21032 2356 File C:\PROJECTS\NEXTJS-SPACE\Lib\site-packages\soupsieve\__init__.py first seen with mtime 1747906829.0279214
DEBUG 2025-06-06 15:58:25,557 autoreload 21032 2356 File C:\Program Files\WindowsApps\PythonSoftwareFoundation.Python.3.12_3.12.2800.0_x64__qbz5n2kfra8p0\Lib\http\cookies.py first seen with mtime 1740483568.8719034
DEBUG 2025-06-06 15:58:25,557 autoreload 21032 2356 File C:\PROJECTS\NEXTJS-SPACE\Lib\site-packages\django\conf\urls\static.py first seen with mtime 1747644914.9399629
DEBUG 2025-06-06 15:58:25,557 autoreload 21032 2356 File C:\PROJECTS\NEXTJS-SPACE\Lib\site-packages\django\db\backends\base\validation.py first seen with mtime 1747644922.3565428
DEBUG 2025-06-06 15:58:25,562 autoreload 21032 2356 File C:\PROJECTS\NEXTJS-SPACE\Lib\site-packages\django\core\files\uploadhandler.py first seen with mtime 1747644922.0458307
DEBUG 2025-06-06 15:58:25,562 autoreload 21032 2356 File C:\PROJECTS\NEXTJS-SPACE\Lib\site-packages\django\db\backends\ddl_references.py first seen with mtime 1747644922.3200455
DEBUG 2025-06-06 15:58:25,562 autoreload 21032 2356 File C:\Program Files\WindowsApps\PythonSoftwareFoundation.Python.3.12_3.12.2800.0_x64__qbz5n2kfra8p0\Lib\html\__init__.py first seen with mtime 1740483568.8419902
DEBUG 2025-06-06 15:58:25,563 autoreload 21032 2356 File C:\PROJECTS\NEXTJS-SPACE\Lib\site-packages\django\db\models\sql\__init__.py first seen with mtime 1747644922.60995
DEBUG 2025-06-06 15:58:25,563 autoreload 21032 2356 File C:\Program Files\WindowsApps\PythonSoftwareFoundation.Python.3.12_3.12.2800.0_x64__qbz5n2kfra8p0\Lib\http\cookiejar.py first seen with mtime 1740483568.8580508
DEBUG 2025-06-06 15:58:25,563 autoreload 21032 2356 File C:\PROJECTS\NEXTJS-SPACE\Lib\site-packages\kombu\log.py first seen with mtime 1747904801.543391
DEBUG 2025-06-06 15:58:25,563 autoreload 21032 2356 File C:\PROJECTS\NEXTJS-SPACE\Lib\site-packages\celery\schedules.py first seen with mtime 1747904803.7824178
DEBUG 2025-06-06 15:58:25,563 autoreload 21032 2356 File C:\PROJECTS\NEXTJS-SPACE\Lib\site-packages\django\contrib\contenttypes\models.py first seen with mtime 1747644917.5691319
DEBUG 2025-06-06 15:58:25,563 autoreload 21032 2356 File C:\Program Files\WindowsApps\PythonSoftwareFoundation.Python.3.12_3.12.2800.0_x64__qbz5n2kfra8p0\Lib\argparse.py first seen with mtime 1740483565.6377354
DEBUG 2025-06-06 15:58:25,564 autoreload 21032 2356 File C:\PROJECTS\NEXTJS-SPACE\Lib\site-packages\kombu\utils\functional.py first seen with mtime 1747904801.7428682
DEBUG 2025-06-06 15:58:25,564 autoreload 21032 2356 File C:\PROJECTS\NEXTJS-SPACE\Lib\site-packages\django\template\loader.py first seen with mtime 1747644923.0800695
DEBUG 2025-06-06 15:58:25,564 autoreload 21032 2356 File C:\Program Files\WindowsApps\PythonSoftwareFoundation.Python.3.12_3.12.2800.0_x64__qbz5n2kfra8p0\Lib\heapq.py first seen with mtime 1740483568.8244436
DEBUG 2025-06-06 15:58:25,564 autoreload 21032 2356 File C:\PROJECTS\NEXTJS-SPACE\Lib\site-packages\sqlparse\filters\others.py first seen with mtime 1747644912.9867616
DEBUG 2025-06-06 15:58:25,565 autoreload 21032 2356 File C:\PROJECTS\NEXTJS-SPACE\Lib\site-packages\django\db\models\functions\mixins.py first seen with mtime 1747644922.60995
DEBUG 2025-06-06 15:58:25,565 autoreload 21032 2356 File C:\Program Files\WindowsApps\PythonSoftwareFoundation.Python.3.12_3.12.2800.0_x64__qbz5n2kfra8p0\Lib\pathlib.py first seen with mtime 1740483574.5474064
DEBUG 2025-06-06 15:58:25,565 autoreload 21032 2356 File C:\PROJECTS\NEXTJS-SPACE\Lib\site-packages\django\contrib\sites\__init__.py first seen with mtime 1747644921.2312891
DEBUG 2025-06-06 15:58:25,565 autoreload 21032 2356 File C:\PROJECTS\NEXTJS-SPACE\Lib\site-packages\django\contrib\postgres\fields\hstore.py first seen with mtime 1747644919.739993
DEBUG 2025-06-06 15:58:25,565 autoreload 21032 2356 File C:\PROJECTS\NEXTJS-SPACE\Lib\site-packages\django\contrib\admindocs\utils.py first seen with mtime 1747644916.5499847
DEBUG 2025-06-06 15:58:25,565 autoreload 21032 2356 File C:\PROJECTS\NEXTJS-SPACE\Lib\site-packages\django_filters\filters.py first seen with mtime 1747652147.9732156
DEBUG 2025-06-06 15:58:25,566 autoreload 21032 2356 File C:\PROJECTS\NEXTJS-SPACE\Lib\site-packages\numpy\lib\mixins.py first seen with mtime 1747920841.8237593
DEBUG 2025-06-06 15:58:25,566 autoreload 21032 2356 File C:\PROJECTS\NEXTJS-SPACE\Lib\site-packages\django\core\cache\backends\filebased.py first seen with mtime 1747644921.9484303
DEBUG 2025-06-06 15:58:25,566 autoreload 21032 2356 File C:\Program Files\WindowsApps\PythonSoftwareFoundation.Python.3.12_3.12.2800.0_x64__qbz5n2kfra8p0\Lib\zipfile\__init__.py first seen with mtime 1744180891.428961
DEBUG 2025-06-06 15:58:25,566 autoreload 21032 2356 File C:\PROJECTS\NEXTJS-SPACE\Lib\site-packages\requests\structures.py first seen with mtime 1747829988.8870711
DEBUG 2025-06-06 15:58:25,566 autoreload 21032 2356 File C:\Program Files\WindowsApps\PythonSoftwareFoundation.Python.3.12_3.12.2800.0_x64__qbz5n2kfra8p0\DLLs\select.pyd first seen with mtime 1744180879.271422
DEBUG 2025-06-06 15:58:25,566 autoreload 21032 2356 File C:\Program Files\WindowsApps\PythonSoftwareFoundation.Python.3.12_3.12.2800.0_x64__qbz5n2kfra8p0\Lib\_markupbase.py first seen with mtime 1740483586.2040734
DEBUG 2025-06-06 15:58:25,566 autoreload 21032 2356 File C:\PROJECTS\NEXTJS-SPACE\Lib\site-packages\rest_framework_simplejwt\authentication.py first seen with mtime 1747645387.1141877
DEBUG 2025-06-06 15:58:25,567 autoreload 21032 2356 File C:\PROJECTS\NEXTJS-SPACE\Lib\site-packages\django\utils\timezone.py first seen with mtime 1747644923.3699162
DEBUG 2025-06-06 15:58:25,567 autoreload 21032 2356 File C:\Program Files\WindowsApps\PythonSoftwareFoundation.Python.3.12_3.12.2800.0_x64__qbz5n2kfra8p0\DLLs\_uuid.pyd first seen with mtime 1744180881.812826
DEBUG 2025-06-06 15:58:25,567 autoreload 21032 2356 File C:\PROJECTS\NEXTJS-SPACE\Lib\site-packages\numpy\_core\_type_aliases.py first seen with mtime 1747920844.0254269
DEBUG 2025-06-06 15:58:25,567 autoreload 21032 2356 File C:\PROJECTS\NEXTJS-SPACE\Lib\site-packages\rest_framework\schemas\openapi.py first seen with mtime 1747644937.862891
DEBUG 2025-06-06 15:58:25,567 autoreload 21032 2356 File C:\Program Files\WindowsApps\PythonSoftwareFoundation.Python.3.12_3.12.2800.0_x64__qbz5n2kfra8p0\Lib\getpass.py first seen with mtime 1740483568.8085895
DEBUG 2025-06-06 15:58:25,567 autoreload 21032 2356 File C:\PROJECTS\NEXTJS-SPACE\Lib\site-packages\celery\utils\__init__.py first seen with mtime 1747904804.1489072
DEBUG 2025-06-06 15:58:25,567 autoreload 21032 2356 File C:\PROJECTS\NEXTJS-SPACE\Lib\site-packages\dotenv\variables.py first seen with mtime 1749218278.466598
DEBUG 2025-06-06 15:58:25,567 autoreload 21032 2356 File C:\PROJECTS\NEXTJS-SPACE\Lib\site-packages\django\core\cache\utils.py first seen with mtime 1747644921.9198298
DEBUG 2025-06-06 15:58:25,567 autoreload 21032 2356 File C:\Program Files\WindowsApps\PythonSoftwareFoundation.Python.3.12_3.12.2800.0_x64__qbz5n2kfra8p0\Lib\email\mime\message.py first seen with mtime 1740483566.820193
DEBUG 2025-06-06 15:58:25,567 autoreload 21032 2356 File C:\PROJECTS\NEXTJS-SPACE\Lib\site-packages\django\core\files\__init__.py first seen with mtime 1747644922.0178208
DEBUG 2025-06-06 15:58:25,567 autoreload 21032 2356 File C:\PROJECTS\NEXTJS-SPACE\Lib\site-packages\django\db\models\query_utils.py first seen with mtime 1747644922.5629826
DEBUG 2025-06-06 15:58:25,567 autoreload 21032 2356 File C:\PROJECTS\NEXTJS-SPACE\Lib\site-packages\numpy\lib\_arrayterator_impl.py first seen with mtime 1747920841.8875594
DEBUG 2025-06-06 15:58:25,567 autoreload 21032 2356 File C:\PROJECTS\NEXTJS-SPACE\Lib\site-packages\rest_framework\views.py first seen with mtime 1747644937.5436337
DEBUG 2025-06-06 15:58:25,567 autoreload 21032 2356 File C:\PROJECTS\NEXTJS-SPACE\Lib\site-packages\django\utils\dateformat.py first seen with mtime 1747644923.2508097
DEBUG 2025-06-06 15:58:25,567 autoreload 21032 2356 File C:\PROJECTS\NEXTJS-SPACE\Lib\site-packages\rest_framework\checks.py first seen with mtime 1747644937.4123027
DEBUG 2025-06-06 15:58:25,567 autoreload 21032 2356 File C:\PROJECTS\NEXTJS-SPACE\Lib\site-packages\django\template\loaders\base.py first seen with mtime 1747644923.1198988
DEBUG 2025-06-06 15:58:25,567 autoreload 21032 2356 File C:\PROJECTS\NEXTJS-SPACE\Lib\site-packages\django\contrib\auth\decorators.py first seen with mtime 1747644917.0937226
DEBUG 2025-06-06 15:58:25,567 autoreload 21032 2356 File C:\PROJECTS\NEXTJS-SPACE\Lib\site-packages\django\core\checks\urls.py first seen with mtime 1747644921.9972582
DEBUG 2025-06-06 15:58:25,567 autoreload 21032 2356 File C:\Program Files\WindowsApps\PythonSoftwareFoundation.Python.3.12_3.12.2800.0_x64__qbz5n2kfra8p0\Lib\nturl2path.py first seen with mtime 1740483574.5369787
DEBUG 2025-06-06 15:58:25,567 autoreload 21032 2356 File C:\PROJECTS\NEXTJS-SPACE\Lib\site-packages\django\middleware\http.py first seen with mtime 1747644923.020204
DEBUG 2025-06-06 15:58:25,567 autoreload 21032 2356 File C:\PROJECTS\NEXTJS-SPACE\Lib\site-packages\django\db\backends\postgresql\features.py first seen with mtime 1747644922.4471283
DEBUG 2025-06-06 15:58:25,567 autoreload 21032 2356 File C:\PROJECTS\NEXTJS-SPACE\Lib\site-packages\django\db\models\__init__.py first seen with mtime 1747644922.5301163
DEBUG 2025-06-06 15:58:25,567 autoreload 21032 2356 File C:\PROJECTS\NEXTJS-SPACE\Lib\site-packages\django_filters\__init__.py first seen with mtime 1747652147.9561005
DEBUG 2025-06-06 15:58:25,567 autoreload 21032 2356 File C:\PROJECTS\NEXTJS-SPACE\Lib\site-packages\celery\app\annotations.py first seen with mtime 1747904803.7957578
DEBUG 2025-06-06 15:58:25,567 autoreload 21032 2356 File C:\PROJECTS\NEXTJS-SPACE\Lib\site-packages\django\core\files\images.py first seen with mtime 1747644922.0228336
DEBUG 2025-06-06 15:58:25,567 autoreload 21032 2356 File C:\Program Files\WindowsApps\PythonSoftwareFoundation.Python.3.12_3.12.2800.0_x64__qbz5n2kfra8p0\Lib\importlib\metadata\_meta.py first seen with mtime 1740483572.6121874
DEBUG 2025-06-06 15:58:25,567 autoreload 21032 2356 File C:\PROJECTS\NEXTJS-SPACE\Lib\site-packages\googlemaps\geolocation.py first seen with mtime 1747905130.0993192
DEBUG 2025-06-06 15:58:25,567 autoreload 21032 2356 File C:\PROJECTS\NEXTJS-SPACE\Lib\site-packages\django\core\cache\backends\__init__.py first seen with mtime 1747644921.9228995
DEBUG 2025-06-06 15:58:25,567 autoreload 21032 2356 File C:\PROJECTS\NEXTJS-SPACE\Lib\site-packages\sqlparse\filters\reindent.py first seen with mtime 1747644912.992362
DEBUG 2025-06-06 15:58:25,567 autoreload 21032 2356 File C:\Program Files\WindowsApps\PythonSoftwareFoundation.Python.3.12_3.12.2800.0_x64__qbz5n2kfra8p0\Lib\unittest\util.py first seen with mtime 1740483584.2218156
DEBUG 2025-06-06 15:58:25,567 autoreload 21032 2356 File C:\Program Files\WindowsApps\PythonSoftwareFoundation.Python.3.12_3.12.2800.0_x64__qbz5n2kfra8p0\Lib\email\_policybase.py first seen with mtime 1740483566.8583634
DEBUG 2025-06-06 15:58:25,567 autoreload 21032 2356 File C:\PROJECTS\NEXTJS-SPACE\Lib\site-packages\billiard\__init__.py first seen with mtime 1747904799.0390742
DEBUG 2025-06-06 15:58:25,572 autoreload 21032 2356 File C:\PROJECTS\NEXTJS-SPACE\Lib\site-packages\dateutil\tz\__init__.py first seen with mtime 1747904799.936813
DEBUG 2025-06-06 15:58:25,572 autoreload 21032 2356 File C:\PROJECTS\NEXTJS-SPACE\Lib\site-packages\celery\platforms.py first seen with mtime 1747904803.775433
DEBUG 2025-06-06 15:58:25,572 autoreload 21032 2356 File C:\PROJECTS\NEXTJS-SPACE\Lib\site-packages\numpy\_core\_string_helpers.py first seen with mtime 1747920844.008955
DEBUG 2025-06-06 15:58:25,572 autoreload 21032 2356 File C:\PROJECTS\NEXTJS-SPACE\Lib\site-packages\numpy\lib\_array_utils_impl.py first seen with mtime 1747920841.8919272
DEBUG 2025-06-06 15:58:25,572 autoreload 21032 2356 File C:\PROJECTS\NEXTJS-SPACE\Lib\site-packages\django\contrib\postgres\fields\ranges.py first seen with mtime 1747644919.739993
DEBUG 2025-06-06 15:58:25,573 autoreload 21032 2356 File C:\Program Files\WindowsApps\PythonSoftwareFoundation.Python.3.12_3.12.2800.0_x64__qbz5n2kfra8p0\Lib\ipaddress.py first seen with mtime 1740483572.8345022
DEBUG 2025-06-06 15:58:25,573 autoreload 21032 2356 File C:\PROJECTS\NEXTJS-SPACE\Lib\site-packages\django\contrib\auth\validators.py first seen with mtime 1747644917.1148334
DEBUG 2025-06-06 15:58:25,573 autoreload 21032 2356 File C:\PROJECTS\NEXTJS-SPACE\Lib\site-packages\django\contrib\postgres\utils.py first seen with mtime 1747644919.7199798
DEBUG 2025-06-06 15:58:25,573 autoreload 21032 2356 File C:\PROJECTS\NEXTJS-SPACE\Lib\site-packages\bs4\exceptions.py first seen with mtime 1747906836.5750425
DEBUG 2025-06-06 15:58:25,573 autoreload 21032 2356 File C:\PROJECTS\NEXTJS-SPACE\Lib\site-packages\celery\utils\term.py first seen with mtime 1747904804.1937175
DEBUG 2025-06-06 15:58:25,573 autoreload 21032 2356 File C:\PROJECTS\NEXTJS-SPACE\Lib\site-packages\django_filters\fields.py first seen with mtime 1747652147.9697862
DEBUG 2025-06-06 15:58:25,573 autoreload 21032 2356 File C:\PROJECTS\NEXTJS-SPACE\Lib\site-packages\requests\cookies.py first seen with mtime 1747829988.850383
DEBUG 2025-06-06 15:58:25,573 autoreload 21032 2356 File C:\PROJECTS\NEXTJS-SPACE\Lib\site-packages\django\db\models\options.py first seen with mtime 1747644922.5498374
DEBUG 2025-06-06 15:58:25,573 autoreload 21032 2356 File C:\Program Files\WindowsApps\PythonSoftwareFoundation.Python.3.12_3.12.2800.0_x64__qbz5n2kfra8p0\Lib\unittest\mock.py first seen with mtime 1740483584.205911
DEBUG 2025-06-06 15:58:25,574 autoreload 21032 2356 File C:\Program Files\WindowsApps\PythonSoftwareFoundation.Python.3.12_3.12.2800.0_x64__qbz5n2kfra8p0\Lib\string.py first seen with mtime 1740483582.810018
DEBUG 2025-06-06 15:58:25,574 autoreload 21032 2356 File C:\PROJECTS\NEXTJS-SPACE\Lib\site-packages\vine\__init__.py first seen with mtime 1747904794.827396
DEBUG 2025-06-06 15:58:25,574 autoreload 21032 2356 File C:\PROJECTS\NEXTJS-SPACE\Lib\site-packages\django\template\base.py first seen with mtime 1747644923.0468197
DEBUG 2025-06-06 15:58:25,574 autoreload 21032 2356 File C:\Program Files\WindowsApps\PythonSoftwareFoundation.Python.3.12_3.12.2800.0_x64__qbz5n2kfra8p0\Lib\http\server.py first seen with mtime 1744180886.1588192
DEBUG 2025-06-06 15:58:25,574 autoreload 21032 2356 File C:\PROJECTS\NEXTJS-SPACE\Lib\site-packages\numpy\_core\_internal.py first seen with mtime 1747920843.8502507
DEBUG 2025-06-06 15:58:25,574 autoreload 21032 2356 File C:\PROJECTS\NEXTJS-SPACE\Lib\site-packages\django\http\__init__.py first seen with mtime 1747644922.9790506
DEBUG 2025-06-06 15:58:25,574 autoreload 21032 2356 File C:\Program Files\WindowsApps\PythonSoftwareFoundation.Python.3.12_3.12.2800.0_x64__qbz5n2kfra8p0\Lib\socket.py first seen with mtime 1740483582.76218
DEBUG 2025-06-06 15:58:25,575 autoreload 21032 2356 File C:\PROJECTS\NEXTJS-SPACE\Lib\site-packages\django\core\serializers\json.py first seen with mtime 1747644922.2881777
DEBUG 2025-06-06 15:58:25,575 autoreload 21032 2356 File C:\PROJECTS\NEXTJS-SPACE\Lib\site-packages\dateutil\relativedelta.py first seen with mtime 1747904799.896947
DEBUG 2025-06-06 15:58:25,575 autoreload 21032 2356 File C:\PROJECTS\NEXTJS-SPACE\Lib\site-packages\numpy\matrixlib\defmatrix.py first seen with mtime 1747920842.2626653
DEBUG 2025-06-06 15:58:25,575 autoreload 21032 2356 File C:\Program Files\WindowsApps\PythonSoftwareFoundation.Python.3.12_3.12.2800.0_x64__qbz5n2kfra8p0\Lib\unittest\result.py first seen with mtime 1740483584.205911
DEBUG 2025-06-06 15:58:25,575 autoreload 21032 2356 File C:\Program Files\WindowsApps\PythonSoftwareFoundation.Python.3.12_3.12.2800.0_x64__qbz5n2kfra8p0\Lib\email\base64mime.py first seen with mtime 1740483566.263892
DEBUG 2025-06-06 15:58:25,575 autoreload 21032 2356 File C:\PROJECTS\NEXTJS-SPACE\Lib\site-packages\googlemaps\distance_matrix.py first seen with mtime 1747905130.0803766
DEBUG 2025-06-06 15:58:25,575 autoreload 21032 2356 File C:\PROJECTS\NEXTJS-SPACE\Lib\site-packages\numpy\lib\_histograms_impl.py first seen with mtime 1747920841.9176958
DEBUG 2025-06-06 15:58:25,576 autoreload 21032 2356 File C:\PROJECTS\NEXTJS-SPACE\Lib\site-packages\kombu\messaging.py first seen with mtime 1747904801.554311
DEBUG 2025-06-06 15:58:25,576 autoreload 21032 2356 File C:\PROJECTS\NEXTJS-SPACE\Lib\site-packages\dotenv\parser.py first seen with mtime 1749218278.4568574
DEBUG 2025-06-06 15:58:25,576 autoreload 21032 2356 File C:\Program Files\WindowsApps\PythonSoftwareFoundation.Python.3.12_3.12.2800.0_x64__qbz5n2kfra8p0\Lib\json\__init__.py first seen with mtime 1740483572.8378065
DEBUG 2025-06-06 15:58:25,576 autoreload 21032 2356 File C:\PROJECTS\NEXTJS-SPACE\Lib\site-packages\django_filters\rest_framework\filters.py first seen with mtime 1747652148.0564146
DEBUG 2025-06-06 15:58:25,576 autoreload 21032 2356 File C:\PROJECTS\NEXTJS-SPACE\Lib\site-packages\django\template\backends\django.py first seen with mtime 1747644923.0998194
DEBUG 2025-06-06 15:58:25,576 autoreload 21032 2356 File C:\PROJECTS\NEXTJS-SPACE\Lib\site-packages\PIL\_binary.py first seen with mtime 1747645869.772113
DEBUG 2025-06-06 15:58:25,576 autoreload 21032 2356 File C:\PROJECTS\NEXTJS-SPACE\Lib\site-packages\django\contrib\contenttypes\views.py first seen with mtime 1747644917.5735762
DEBUG 2025-06-06 15:58:25,577 autoreload 21032 2356 File C:\PROJECTS\NEXTJS-SPACE\Lib\site-packages\django\contrib\auth\forms.py first seen with mtime 1747644917.099801
DEBUG 2025-06-06 15:58:25,577 autoreload 21032 2356 File C:\PROJECTS\NEXTJS-SPACE\Lib\site-packages\django\core\management\__init__.py first seen with mtime 1747644922.1312928
DEBUG 2025-06-06 15:58:25,577 autoreload 21032 2356 File C:\PROJECTS\NEXTJS-SPACE\Lib\site-packages\click\types.py first seen with mtime 1747904800.5854447
DEBUG 2025-06-06 15:58:25,578 autoreload 21032 2356 File C:\PROJECTS\NEXTJS-SPACE\Lib\site-packages\numpy\_array_api_info.py first seen with mtime 1747920841.0977526
DEBUG 2025-06-06 15:58:25,578 autoreload 21032 2356 File C:\PROJECTS\NEXTJS-SPACE\Lib\site-packages\django\templatetags\tz.py first seen with mtime 1747644923.1442094
DEBUG 2025-06-06 15:58:25,578 autoreload 21032 2356 File C:\PROJECTS\NEXTJS-SPACE\Lib\site-packages\typing_extensions.py first seen with mtime 1747906828.8198657
DEBUG 2025-06-06 15:58:25,578 autoreload 21032 2356 File C:\PROJECTS\NEXTJS-SPACE\Lib\site-packages\django\contrib\admin\views\main.py first seen with mtime 1747644916.530347
DEBUG 2025-06-06 15:58:25,578 autoreload 21032 2356 File C:\PROJECTS\NEXTJS-SPACE\Lib\site-packages\django\contrib\admin\models.py first seen with mtime 1747644914.9600234
DEBUG 2025-06-06 15:58:25,578 autoreload 21032 2356 File C:\PROJECTS\NEXTJS-SPACE\Lib\site-packages\django\contrib\staticfiles\management\__init__.py first seen with mtime 1747644921.8644347
DEBUG 2025-06-06 15:58:25,578 autoreload 21032 2356 File C:\PROJECTS\NEXTJS-SPACE\Lib\site-packages\django\db\migrations\operations\fields.py first seen with mtime 1747644922.51978
DEBUG 2025-06-06 15:58:25,578 autoreload 21032 2356 File C:\Program Files\WindowsApps\PythonSoftwareFoundation.Python.3.12_3.12.2800.0_x64__qbz5n2kfra8p0\Lib\asyncio\futures.py first seen with mtime 1740483565.644843
DEBUG 2025-06-06 15:58:25,578 autoreload 21032 2356 File C:\PROJECTS\NEXTJS-SPACE\Lib\site-packages\kombu\utils\__init__.py first seen with mtime 1747904801.7227676
DEBUG 2025-06-06 15:58:25,578 autoreload 21032 2356 File C:\PROJECTS\NEXTJS-SPACE\Lib\site-packages\bs4\_typing.py first seen with mtime 1747906836.5478418
DEBUG 2025-06-06 15:58:25,580 autoreload 21032 2356 File C:\PROJECTS\NEXTJS-SPACE\Lib\site-packages\django\contrib\admin\utils.py first seen with mtime 1747644914.963218
DEBUG 2025-06-06 15:58:25,580 autoreload 21032 2356 File C:\PROJECTS\NEXTJS-SPACE\Lib\site-packages\charset_normalizer\cd.py first seen with mtime 1747829988.4373114
DEBUG 2025-06-06 15:58:25,580 autoreload 21032 2356 File C:\PROJECTS\NEXTJS-SPACE\Lib\site-packages\numpy\_core\_dtype_ctypes.py first seen with mtime 1747920843.8326042
DEBUG 2025-06-06 15:58:25,580 autoreload 21032 2356 File C:\PROJECTS\NEXTJS-SPACE\Lib\site-packages\django\views\generic\dates.py first seen with mtime 1747644923.4624481
DEBUG 2025-06-06 15:58:25,580 autoreload 21032 2356 File C:\PROJECTS\NEXTJS-SPACE\Lib\site-packages\numpy\lib\_nanfunctions_impl.py first seen with mtime 1747920841.9375918
DEBUG 2025-06-06 15:58:25,580 autoreload 21032 2356 File C:\PROJECTS\NEXTJS-SPACE\Lib\site-packages\numpy\_core\_exceptions.py first seen with mtime 1747920843.8376648
DEBUG 2025-06-06 15:58:25,580 autoreload 21032 2356 File C:\PROJECTS\NEXTJS-SPACE\Lib\site-packages\django\forms\utils.py first seen with mtime 1747644922.6701217
DEBUG 2025-06-06 15:58:25,581 autoreload 21032 2356 File C:\PROJECTS\NEXTJS-SPACE\Lib\site-packages\django\db\backends\base\__init__.py first seen with mtime 1747644922.3314016
DEBUG 2025-06-06 15:58:25,581 autoreload 21032 2356 File C:\PROJECTS\NEXTJS-SPACE\Lib\site-packages\django\contrib\admin\views\autocomplete.py first seen with mtime 1747644916.5197713
DEBUG 2025-06-06 15:58:25,581 autoreload 21032 2356 File C:\Program Files\WindowsApps\PythonSoftwareFoundation.Python.3.12_3.12.2800.0_x64__qbz5n2kfra8p0\Lib\xml\dom\__init__.py first seen with mtime 1740483584.593264
DEBUG 2025-06-06 15:58:25,581 autoreload 21032 2356 File C:\PROJECTS\NEXTJS-SPACE\Lib\site-packages\sqlparse\tokens.py first seen with mtime 1747644912.9599767
DEBUG 2025-06-06 15:58:25,581 autoreload 21032 2356 File C:\PROJECTS\NEXTJS-SPACE\Lib\site-packages\django\core\checks\commands.py first seen with mtime 1747644921.976747
DEBUG 2025-06-06 15:58:25,581 autoreload 21032 2356 File C:\PROJECTS\NEXTJS-SPACE\Lib\site-packages\django\core\validators.py first seen with mtime 1747644921.9037921
DEBUG 2025-06-06 15:58:25,581 autoreload 21032 2356 File C:\Program Files\WindowsApps\PythonSoftwareFoundation.Python.3.12_3.12.2800.0_x64__qbz5n2kfra8p0\Lib\email\header.py first seen with mtime 1740483566.8094683
DEBUG 2025-06-06 15:58:25,581 autoreload 21032 2356 File C:\PROJECTS\NEXTJS-SPACE\Lib\site-packages\django\db\models\functions\comparison.py first seen with mtime 1747644922.6002803
DEBUG 2025-06-06 15:58:25,582 autoreload 21032 2356 File C:\PROJECTS\NEXTJS-SPACE\Lib\site-packages\django\db\models\sql\datastructures.py first seen with mtime 1747644922.620066
DEBUG 2025-06-06 15:58:25,582 autoreload 21032 2356 File C:\PROJECTS\NEXTJS-SPACE\Lib\site-packages\urllib3\util\proxy.py first seen with mtime 1747829987.2630303
DEBUG 2025-06-06 15:58:25,582 autoreload 21032 2356 File C:\PROJECTS\NEXTJS-SPACE\Lib\site-packages\numpy\_typing\_nbit.py first seen with mtime 1747920844.771773
DEBUG 2025-06-06 15:58:25,582 autoreload 21032 2356 File C:\PROJECTS\NEXTJS-SPACE\Lib\site-packages\bs4\builder\_htmlparser.py first seen with mtime 1747906836.5999002
DEBUG 2025-06-06 15:58:25,583 autoreload 21032 2356 File C:\Program Files\WindowsApps\PythonSoftwareFoundation.Python.3.12_3.12.2800.0_x64__qbz5n2kfra8p0\Lib\ctypes\__init__.py first seen with mtime 1740483566.1525283
DEBUG 2025-06-06 15:58:25,583 autoreload 21032 2356 File C:\PROJECTS\NEXTJS-SPACE\Lib\site-packages\django\forms\widgets.py first seen with mtime 1747644922.6701217
DEBUG 2025-06-06 15:58:25,583 autoreload 21032 2356 File C:\PROJECTS\NEXTJS-SPACE\Lib\site-packages\certifi\core.py first seen with mtime 1747829988.7256012
DEBUG 2025-06-06 15:58:25,583 autoreload 21032 2356 File C:\Program Files\WindowsApps\PythonSoftwareFoundation.Python.3.12_3.12.2800.0_x64__qbz5n2kfra8p0\Lib\random.py first seen with mtime 1744180886.511644
DEBUG 2025-06-06 15:58:25,583 autoreload 21032 2356 File C:\PROJECTS\NEXTJS-SPACE\Lib\site-packages\django\core\checks\__init__.py first seen with mtime 1747644921.967095
DEBUG 2025-06-06 15:58:25,583 autoreload 21032 2356 File C:\PROJECTS\NEXTJS-SPACE\Lib\site-packages\django\template\exceptions.py first seen with mtime 1747644923.0698173
DEBUG 2025-06-06 15:58:25,583 autoreload 21032 2356 File C:\PROJECTS\NEXTJS-SPACE\Lib\site-packages\requests\__init__.py first seen with mtime 1747829988.8228033
DEBUG 2025-06-06 15:58:25,583 autoreload 21032 2356 File C:\PROJECTS\NEXTJS-SPACE\Lib\site-packages\urllib3\connectionpool.py first seen with mtime 1747829987.177174
DEBUG 2025-06-06 15:58:25,584 autoreload 21032 2356 File C:\Program Files\WindowsApps\PythonSoftwareFoundation.Python.3.12_3.12.2800.0_x64__qbz5n2kfra8p0\Lib\socketserver.py first seen with mtime 1740483582.76218
DEBUG 2025-06-06 15:58:25,584 autoreload 21032 2356 File C:\PROJECTS\NEXTJS-SPACE\Lib\site-packages\django\db\models\enums.py first seen with mtime 1747644922.5447628
DEBUG 2025-06-06 15:58:25,584 autoreload 21032 2356 File C:\PROJECTS\NEXTJS-SPACE\Lib\site-packages\celery\app\backends.py first seen with mtime 1747904803.801514
DEBUG 2025-06-06 15:58:25,584 autoreload 21032 2356 File C:\PROJECTS\NEXTJS-SPACE\Lib\site-packages\click\parser.py first seen with mtime 1747904800.5683727
DEBUG 2025-06-06 15:58:25,584 autoreload 21032 2356 File C:\PROJECTS\NEXTJS-SPACE\Lib\site-packages\django\forms\models.py first seen with mtime 1747644922.6604476
DEBUG 2025-06-06 15:58:25,584 autoreload 21032 2356 File C:\PROJECTS\NEXTJS-SPACE\Lib\site-packages\rest_framework\relations.py first seen with mtime 1747644937.479931
DEBUG 2025-06-06 15:58:25,584 autoreload 21032 2356 File C:\Program Files\WindowsApps\PythonSoftwareFoundation.Python.3.12_3.12.2800.0_x64__qbz5n2kfra8p0\Lib\asyncio\selector_events.py first seen with mtime 1740483565.6608353
DEBUG 2025-06-06 15:58:25,585 autoreload 21032 2356 File C:\Program Files\WindowsApps\PythonSoftwareFoundation.Python.3.12_3.12.2800.0_x64__qbz5n2kfra8p0\Lib\asyncio\constants.py first seen with mtime 1740483565.644843
DEBUG 2025-06-06 15:58:25,585 autoreload 21032 2356 File C:\PROJECTS\NEXTJS-SPACE\Lib\site-packages\googlemaps\geocoding.py first seen with mtime 1747905130.0954876
DEBUG 2025-06-06 15:58:25,585 autoreload 21032 2356 File C:\Program Files\WindowsApps\PythonSoftwareFoundation.Python.3.12_3.12.2800.0_x64__qbz5n2kfra8p0\Lib\asyncio\base_futures.py first seen with mtime 1740483565.644843
DEBUG 2025-06-06 15:58:25,585 autoreload 21032 2356 File C:\PROJECTS\NEXTJS-SPACE\Lib\site-packages\psycopg2\errors.py first seen with mtime 1747644913.5110443
DEBUG 2025-06-06 15:58:25,585 autoreload 21032 2356 File C:\PROJECTS\NEXTJS-SPACE\Lib\site-packages\PIL\TiffTags.py first seen with mtime 1747645869.7527215
DEBUG 2025-06-06 15:58:25,585 autoreload 21032 2356 File C:\PROJECTS\NEXTJS-SPACE\Lib\site-packages\rest_framework\urlpatterns.py first seen with mtime 1747644937.5265057
DEBUG 2025-06-06 15:58:25,585 autoreload 21032 2356 File C:\Program Files\WindowsApps\PythonSoftwareFoundation.Python.3.12_3.12.2800.0_x64__qbz5n2kfra8p0\Lib\selectors.py first seen with mtime 1740483574.8004706
DEBUG 2025-06-06 15:58:25,586 autoreload 21032 2356 File C:\PROJECTS\NEXTJS-SPACE\Lib\site-packages\django\db\migrations\operations\base.py first seen with mtime 1747644922.51978
DEBUG 2025-06-06 15:58:25,586 autoreload 21032 2356 File C:\PROJECTS\NEXTJS-SPACE\Lib\site-packages\numpy\_typing\__init__.py first seen with mtime 1747920844.800117
DEBUG 2025-06-06 15:58:25,586 autoreload 21032 2356 File C:\PROJECTS\NEXTJS-SPACE\Lib\site-packages\amqp\spec.py first seen with mtime 1747904801.0944557
DEBUG 2025-06-06 15:58:25,586 autoreload 21032 2356 File C:\Program Files\WindowsApps\PythonSoftwareFoundation.Python.3.12_3.12.2800.0_x64__qbz5n2kfra8p0\Lib\urllib\response.py first seen with mtime 1740483584.3486655
DEBUG 2025-06-06 15:58:25,586 autoreload 21032 2356 File C:\PROJECTS\NEXTJS-SPACE\Lib\site-packages\requests\exceptions.py first seen with mtime 1747829988.8579268
DEBUG 2025-06-06 15:58:25,586 autoreload 21032 2356 File C:\PROJECTS\NEXTJS-SPACE\Lib\site-packages\django\views\generic\list.py first seen with mtime 1747644923.4699817
DEBUG 2025-06-06 15:58:25,586 autoreload 21032 2356 File C:\PROJECTS\NEXTJS-SPACE\Lib\site-packages\django\db\models\fields\tuple_lookups.py first seen with mtime 1747644922.5929716
DEBUG 2025-06-06 15:58:25,587 autoreload 21032 2356 File C:\PROJECTS\NEXTJS-SPACE\Lib\site-packages\kombu\utils\compat.py first seen with mtime 1747904801.7288687
DEBUG 2025-06-06 15:58:25,587 autoreload 21032 2356 File C:\Program Files\WindowsApps\PythonSoftwareFoundation.Python.3.12_3.12.2800.0_x64__qbz5n2kfra8p0\Lib\http\__init__.py first seen with mtime 1740483568.8759673
DEBUG 2025-06-06 15:58:25,587 autoreload 21032 2356 File C:\Program Files\WindowsApps\PythonSoftwareFoundation.Python.3.12_3.12.2800.0_x64__qbz5n2kfra8p0\Lib\email\mime\multipart.py first seen with mtime 1740483566.821011
DEBUG 2025-06-06 15:58:25,587 autoreload 21032 2356 File C:\Program Files\WindowsApps\PythonSoftwareFoundation.Python.3.12_3.12.2800.0_x64__qbz5n2kfra8p0\Lib\email\quoprimime.py first seen with mtime 1740483566.8440988
DEBUG 2025-06-06 15:58:25,587 autoreload 21032 2356 File C:\PROJECTS\NEXTJS-SPACE\Lib\site-packages\billiard\compat.py first seen with mtime 1747904799.055735
DEBUG 2025-06-06 15:58:25,587 autoreload 21032 2356 File C:\Program Files\WindowsApps\PythonSoftwareFoundation.Python.3.12_3.12.2800.0_x64__qbz5n2kfra8p0\Lib\_weakrefset.py first seen with mtime 1740483586.2516484
DEBUG 2025-06-06 15:58:25,587 autoreload 21032 2356 File C:\PROJECTS\NEXTJS-SPACE\Lib\site-packages\rest_framework\metadata.py first seen with mtime 1747644937.4499605
DEBUG 2025-06-06 15:58:25,587 autoreload 21032 2356 File C:\Program Files\WindowsApps\PythonSoftwareFoundation.Python.3.12_3.12.2800.0_x64__qbz5n2kfra8p0\Lib\email\contentmanager.py first seen with mtime 1740483566.263892
DEBUG 2025-06-06 15:58:25,587 autoreload 21032 2356 File C:\Program Files\WindowsApps\PythonSoftwareFoundation.Python.3.12_3.12.2800.0_x64__qbz5n2kfra8p0\Lib\email\__init__.py first seen with mtime 1740483566.8583634
DEBUG 2025-06-06 15:58:25,587 autoreload 21032 2356 File C:\PROJECTS\NEXTJS-SPACE\Lib\site-packages\django\forms\formsets.py first seen with mtime 1747644922.6604476
DEBUG 2025-06-06 15:58:25,587 autoreload 21032 2356 File C:\Program Files\WindowsApps\PythonSoftwareFoundation.Python.3.12_3.12.2800.0_x64__qbz5n2kfra8p0\Lib\email\headerregistry.py first seen with mtime 1740483566.8114848
DEBUG 2025-06-06 15:58:25,587 autoreload 21032 2356 File C:\PROJECTS\NEXTJS-SPACE\Lib\site-packages\dateutil\tz\_factories.py first seen with mtime 1747904799.943918
DEBUG 2025-06-06 15:58:25,587 autoreload 21032 2356 File C:\PROJECTS\NEXTJS-SPACE\Lib\site-packages\django\template\utils.py first seen with mtime 1747644923.0927842
DEBUG 2025-06-06 15:58:25,587 autoreload 21032 2356 File C:\PROJECTS\NEXTJS-SPACE\Lib\site-packages\idna\core.py first seen with mtime 1747829988.0792391
DEBUG 2025-06-06 15:58:25,587 autoreload 21032 2356 File C:\PROJECTS\NEXTJS-SPACE\Lib\site-packages\django\db\transaction.py first seen with mtime 1747644922.315688
DEBUG 2025-06-06 15:58:25,587 autoreload 21032 2356 File C:\PROJECTS\backend\api\services\fuel_price_service.py first seen with mtime 1748846799.0075247
DEBUG 2025-06-06 15:58:25,587 autoreload 21032 2356 File C:\PROJECTS\NEXTJS-SPACE\Lib\site-packages\psycopg2\_ipaddress.py first seen with mtime 1747644913.4565957
DEBUG 2025-06-06 15:58:25,587 autoreload 21032 2356 File C:\PROJECTS\NEXTJS-SPACE\Lib\site-packages\django\apps\registry.py first seen with mtime 1747644914.0779316
DEBUG 2025-06-06 15:58:25,587 autoreload 21032 2356 File C:\PROJECTS\NEXTJS-SPACE\Lib\site-packages\rest_framework\templates\rest_framework first seen with mtime 1747644938.2355926
DEBUG 2025-06-06 15:58:25,587 autoreload 21032 2356 File C:\PROJECTS\NEXTJS-SPACE\Lib\site-packages\rest_framework\templates\rest_framework\admin first seen with mtime 1747644938.0630958
DEBUG 2025-06-06 15:58:25,587 autoreload 21032 2356 File C:\PROJECTS\NEXTJS-SPACE\Lib\site-packages\rest_framework\templates\rest_framework\admin.html first seen with mtime 1747644938.0327566
DEBUG 2025-06-06 15:58:25,587 autoreload 21032 2356 File C:\PROJECTS\NEXTJS-SPACE\Lib\site-packages\rest_framework\templates\rest_framework\api.html first seen with mtime 1747644938.0349288
DEBUG 2025-06-06 15:58:25,587 autoreload 21032 2356 File C:\PROJECTS\NEXTJS-SPACE\Lib\site-packages\rest_framework\templates\rest_framework\base.html first seen with mtime 1747644938.038337
DEBUG 2025-06-06 15:58:25,587 autoreload 21032 2356 File C:\PROJECTS\NEXTJS-SPACE\Lib\site-packages\rest_framework\templates\rest_framework\docs first seen with mtime 1747644938.0946963
DEBUG 2025-06-06 15:58:25,592 autoreload 21032 2356 File C:\PROJECTS\NEXTJS-SPACE\Lib\site-packages\rest_framework\templates\rest_framework\filters first seen with mtime 1747644938.1201105
DEBUG 2025-06-06 15:58:25,592 autoreload 21032 2356 File C:\PROJECTS\NEXTJS-SPACE\Lib\site-packages\rest_framework\templates\rest_framework\horizontal first seen with mtime 1747644938.1507566
DEBUG 2025-06-06 15:58:25,592 autoreload 21032 2356 File C:\PROJECTS\NEXTJS-SPACE\Lib\site-packages\rest_framework\templates\rest_framework\inline first seen with mtime 1747644938.2192545
DEBUG 2025-06-06 15:58:25,592 autoreload 21032 2356 File C:\PROJECTS\NEXTJS-SPACE\Lib\site-packages\rest_framework\templates\rest_framework\login.html first seen with mtime 1747644938.0418954
DEBUG 2025-06-06 15:58:25,593 autoreload 21032 2356 File C:\PROJECTS\NEXTJS-SPACE\Lib\site-packages\rest_framework\templates\rest_framework\login_base.html first seen with mtime 1747644938.0448744
DEBUG 2025-06-06 15:58:25,593 autoreload 21032 2356 File C:\PROJECTS\NEXTJS-SPACE\Lib\site-packages\rest_framework\templates\rest_framework\pagination first seen with mtime 1747644938.2298026
DEBUG 2025-06-06 15:58:25,593 autoreload 21032 2356 File C:\PROJECTS\NEXTJS-SPACE\Lib\site-packages\rest_framework\templates\rest_framework\raw_data_form.html first seen with mtime 1747644938.046937
DEBUG 2025-06-06 15:58:25,593 autoreload 21032 2356 File C:\PROJECTS\NEXTJS-SPACE\Lib\site-packages\rest_framework\templates\rest_framework\schema.js first seen with mtime 1747644938.050236
DEBUG 2025-06-06 15:58:25,593 autoreload 21032 2356 File C:\PROJECTS\NEXTJS-SPACE\Lib\site-packages\rest_framework\templates\rest_framework\vertical first seen with mtime 1747644938.2777145
DEBUG 2025-06-06 15:58:25,594 autoreload 21032 2356 File C:\PROJECTS\NEXTJS-SPACE\Lib\site-packages\rest_framework\templates\rest_framework\admin\detail.html first seen with mtime 1747644938.0535872
DEBUG 2025-06-06 15:58:25,594 autoreload 21032 2356 File C:\PROJECTS\NEXTJS-SPACE\Lib\site-packages\rest_framework\templates\rest_framework\admin\dict_value.html first seen with mtime 1747644938.0567758
DEBUG 2025-06-06 15:58:25,594 autoreload 21032 2356 File C:\PROJECTS\NEXTJS-SPACE\Lib\site-packages\rest_framework\templates\rest_framework\admin\list.html first seen with mtime 1747644938.0602982
DEBUG 2025-06-06 15:58:25,594 autoreload 21032 2356 File C:\PROJECTS\NEXTJS-SPACE\Lib\site-packages\rest_framework\templates\rest_framework\admin\list_value.html first seen with mtime 1747644938.0630958
DEBUG 2025-06-06 15:58:25,594 autoreload 21032 2356 File C:\PROJECTS\NEXTJS-SPACE\Lib\site-packages\rest_framework\templates\rest_framework\admin\simple_list_value.html first seen with mtime 1747644938.0656626
DEBUG 2025-06-06 15:58:25,595 autoreload 21032 2356 File C:\PROJECTS\NEXTJS-SPACE\Lib\site-packages\rest_framework\templates\rest_framework\docs\auth first seen with mtime 1747644938.0911148
DEBUG 2025-06-06 15:58:25,595 autoreload 21032 2356 File C:\PROJECTS\NEXTJS-SPACE\Lib\site-packages\rest_framework\templates\rest_framework\docs\document.html first seen with mtime 1747644938.068705
DEBUG 2025-06-06 15:58:25,595 autoreload 21032 2356 File C:\PROJECTS\NEXTJS-SPACE\Lib\site-packages\rest_framework\templates\rest_framework\docs\error.html first seen with mtime 1747644938.0722678
DEBUG 2025-06-06 15:58:25,595 autoreload 21032 2356 File C:\PROJECTS\NEXTJS-SPACE\Lib\site-packages\rest_framework\templates\rest_framework\docs\index.html first seen with mtime 1747644938.0754037
DEBUG 2025-06-06 15:58:25,595 autoreload 21032 2356 File C:\PROJECTS\NEXTJS-SPACE\Lib\site-packages\rest_framework\templates\rest_framework\docs\interact.html first seen with mtime 1747644938.0788703
DEBUG 2025-06-06 15:58:25,595 autoreload 21032 2356 File C:\PROJECTS\NEXTJS-SPACE\Lib\site-packages\rest_framework\templates\rest_framework\docs\langs first seen with mtime 1747644938.112362
DEBUG 2025-06-06 15:58:25,596 autoreload 21032 2356 File C:\PROJECTS\NEXTJS-SPACE\Lib\site-packages\rest_framework\templates\rest_framework\docs\link.html first seen with mtime 1747644938.0823421
DEBUG 2025-06-06 15:58:25,596 autoreload 21032 2356 File C:\PROJECTS\NEXTJS-SPACE\Lib\site-packages\rest_framework\templates\rest_framework\docs\sidebar.html first seen with mtime 1747644938.085553
DEBUG 2025-06-06 15:58:25,596 autoreload 21032 2356 File C:\PROJECTS\NEXTJS-SPACE\Lib\site-packages\rest_framework\templates\rest_framework\filters\base.html first seen with mtime 1747644938.11713
DEBUG 2025-06-06 15:58:25,596 autoreload 21032 2356 File C:\PROJECTS\NEXTJS-SPACE\Lib\site-packages\rest_framework\templates\rest_framework\filters\ordering.html first seen with mtime 1747644938.11713
DEBUG 2025-06-06 15:58:25,596 autoreload 21032 2356 File C:\PROJECTS\NEXTJS-SPACE\Lib\site-packages\rest_framework\templates\rest_framework\filters\search.html first seen with mtime 1747644938.1201105
DEBUG 2025-06-06 15:58:25,597 autoreload 21032 2356 File C:\PROJECTS\NEXTJS-SPACE\Lib\site-packages\rest_framework\templates\rest_framework\horizontal\checkbox.html first seen with mtime 1747644938.1201105
DEBUG 2025-06-06 15:58:25,597 autoreload 21032 2356 File C:\PROJECTS\NEXTJS-SPACE\Lib\site-packages\rest_framework\templates\rest_framework\horizontal\checkbox_multiple.html first seen with mtime 1747644938.126363
DEBUG 2025-06-06 15:58:25,597 autoreload 21032 2356 File C:\PROJECTS\NEXTJS-SPACE\Lib\site-packages\rest_framework\templates\rest_framework\horizontal\dict_field.html first seen with mtime 1747644938.13058
DEBUG 2025-06-06 15:58:25,598 autoreload 21032 2356 File C:\PROJECTS\NEXTJS-SPACE\Lib\site-packages\rest_framework\templates\rest_framework\horizontal\fieldset.html first seen with mtime 1747644938.1319602
DEBUG 2025-06-06 15:58:25,598 autoreload 21032 2356 File C:\PROJECTS\NEXTJS-SPACE\Lib\site-packages\rest_framework\templates\rest_framework\horizontal\form.html first seen with mtime 1747644938.1319602
DEBUG 2025-06-06 15:58:25,598 autoreload 21032 2356 File C:\PROJECTS\NEXTJS-SPACE\Lib\site-packages\rest_framework\templates\rest_framework\horizontal\input.html first seen with mtime 1747644938.1319602
DEBUG 2025-06-06 15:58:25,598 autoreload 21032 2356 File C:\PROJECTS\NEXTJS-SPACE\Lib\site-packages\rest_framework\templates\rest_framework\horizontal\list_field.html first seen with mtime 1747644938.1397836
DEBUG 2025-06-06 15:58:25,598 autoreload 21032 2356 File C:\PROJECTS\NEXTJS-SPACE\Lib\site-packages\rest_framework\templates\rest_framework\horizontal\list_fieldset.html first seen with mtime 1747644938.1462283
DEBUG 2025-06-06 15:58:25,598 autoreload 21032 2356 File C:\PROJECTS\NEXTJS-SPACE\Lib\site-packages\rest_framework\templates\rest_framework\horizontal\radio.html first seen with mtime 1747644938.1483665
DEBUG 2025-06-06 15:58:25,598 autoreload 21032 2356 File C:\PROJECTS\NEXTJS-SPACE\Lib\site-packages\rest_framework\templates\rest_framework\horizontal\select.html first seen with mtime 1747644938.1507566
DEBUG 2025-06-06 15:58:25,598 autoreload 21032 2356 File C:\PROJECTS\NEXTJS-SPACE\Lib\site-packages\rest_framework\templates\rest_framework\horizontal\select_multiple.html first seen with mtime 1747644938.1507566
DEBUG 2025-06-06 15:58:25,598 autoreload 21032 2356 File C:\PROJECTS\NEXTJS-SPACE\Lib\site-packages\rest_framework\templates\rest_framework\horizontal\textarea.html first seen with mtime 1747644938.1507566
DEBUG 2025-06-06 15:58:25,598 autoreload 21032 2356 File C:\PROJECTS\NEXTJS-SPACE\Lib\site-packages\rest_framework\templates\rest_framework\inline\checkbox.html first seen with mtime 1747644938.164226
DEBUG 2025-06-06 15:58:25,598 autoreload 21032 2356 File C:\PROJECTS\NEXTJS-SPACE\Lib\site-packages\rest_framework\templates\rest_framework\inline\checkbox_multiple.html first seen with mtime 1747644938.164226
DEBUG 2025-06-06 15:58:25,598 autoreload 21032 2356 File C:\PROJECTS\NEXTJS-SPACE\Lib\site-packages\rest_framework\templates\rest_framework\inline\dict_field.html first seen with mtime 1747644938.1725
DEBUG 2025-06-06 15:58:25,598 autoreload 21032 2356 File C:\PROJECTS\NEXTJS-SPACE\Lib\site-packages\rest_framework\templates\rest_framework\inline\fieldset.html first seen with mtime 1747644938.178649
DEBUG 2025-06-06 15:58:25,598 autoreload 21032 2356 File C:\PROJECTS\NEXTJS-SPACE\Lib\site-packages\rest_framework\templates\rest_framework\inline\form.html first seen with mtime 1747644938.1826262
DEBUG 2025-06-06 15:58:25,598 autoreload 21032 2356 File C:\PROJECTS\NEXTJS-SPACE\Lib\site-packages\rest_framework\templates\rest_framework\inline\input.html first seen with mtime 1747644938.1843605
DEBUG 2025-06-06 15:58:25,598 autoreload 21032 2356 File C:\PROJECTS\NEXTJS-SPACE\Lib\site-packages\rest_framework\templates\rest_framework\inline\list_field.html first seen with mtime 1747644938.1898866
DEBUG 2025-06-06 15:58:25,598 autoreload 21032 2356 File C:\PROJECTS\NEXTJS-SPACE\Lib\site-packages\rest_framework\templates\rest_framework\inline\list_fieldset.html first seen with mtime 1747644938.1976197
DEBUG 2025-06-06 15:58:25,598 autoreload 21032 2356 File C:\PROJECTS\NEXTJS-SPACE\Lib\site-packages\rest_framework\templates\rest_framework\inline\radio.html first seen with mtime 1747644938.201272
DEBUG 2025-06-06 15:58:25,602 autoreload 21032 2356 File C:\PROJECTS\NEXTJS-SPACE\Lib\site-packages\rest_framework\templates\rest_framework\inline\select.html first seen with mtime 1747644938.2098732
DEBUG 2025-06-06 15:58:25,602 autoreload 21032 2356 File C:\PROJECTS\NEXTJS-SPACE\Lib\site-packages\rest_framework\templates\rest_framework\inline\select_multiple.html first seen with mtime 1747644938.2169106
DEBUG 2025-06-06 15:58:25,602 autoreload 21032 2356 File C:\PROJECTS\NEXTJS-SPACE\Lib\site-packages\rest_framework\templates\rest_framework\inline\textarea.html first seen with mtime 1747644938.2217734
DEBUG 2025-06-06 15:58:25,602 autoreload 21032 2356 File C:\PROJECTS\NEXTJS-SPACE\Lib\site-packages\rest_framework\templates\rest_framework\pagination\numbers.html first seen with mtime 1747644938.227587
DEBUG 2025-06-06 15:58:25,603 autoreload 21032 2356 File C:\PROJECTS\NEXTJS-SPACE\Lib\site-packages\rest_framework\templates\rest_framework\pagination\previous_and_next.html first seen with mtime 1747644938.2335327
DEBUG 2025-06-06 15:58:25,603 autoreload 21032 2356 File C:\PROJECTS\NEXTJS-SPACE\Lib\site-packages\rest_framework\templates\rest_framework\vertical\checkbox.html first seen with mtime 1747644938.2408977
DEBUG 2025-06-06 15:58:25,603 autoreload 21032 2356 File C:\PROJECTS\NEXTJS-SPACE\Lib\site-packages\rest_framework\templates\rest_framework\vertical\checkbox_multiple.html first seen with mtime 1747644938.2471192
DEBUG 2025-06-06 15:58:25,603 autoreload 21032 2356 File C:\PROJECTS\NEXTJS-SPACE\Lib\site-packages\rest_framework\templates\rest_framework\vertical\dict_field.html first seen with mtime 1747644938.251099
DEBUG 2025-06-06 15:58:25,603 autoreload 21032 2356 File C:\PROJECTS\NEXTJS-SPACE\Lib\site-packages\rest_framework\templates\rest_framework\vertical\fieldset.html first seen with mtime 1747644938.2540565
DEBUG 2025-06-06 15:58:25,603 autoreload 21032 2356 File C:\PROJECTS\NEXTJS-SPACE\Lib\site-packages\rest_framework\templates\rest_framework\vertical\form.html first seen with mtime 1747644938.259853
DEBUG 2025-06-06 15:58:25,604 autoreload 21032 2356 File C:\PROJECTS\NEXTJS-SPACE\Lib\site-packages\rest_framework\templates\rest_framework\vertical\input.html first seen with mtime 1747644938.2630348
DEBUG 2025-06-06 15:58:25,604 autoreload 21032 2356 File C:\PROJECTS\NEXTJS-SPACE\Lib\site-packages\rest_framework\templates\rest_framework\vertical\list_field.html first seen with mtime 1747644938.2664208
DEBUG 2025-06-06 15:58:25,604 autoreload 21032 2356 File C:\PROJECTS\NEXTJS-SPACE\Lib\site-packages\rest_framework\templates\rest_framework\vertical\list_fieldset.html first seen with mtime 1747644938.2671752
DEBUG 2025-06-06 15:58:25,604 autoreload 21032 2356 File C:\PROJECTS\NEXTJS-SPACE\Lib\site-packages\rest_framework\templates\rest_framework\vertical\radio.html first seen with mtime 1747644938.2701633
DEBUG 2025-06-06 15:58:25,604 autoreload 21032 2356 File C:\PROJECTS\NEXTJS-SPACE\Lib\site-packages\rest_framework\templates\rest_framework\vertical\select.html first seen with mtime 1747644938.2701633
DEBUG 2025-06-06 15:58:25,605 autoreload 21032 2356 File C:\PROJECTS\NEXTJS-SPACE\Lib\site-packages\rest_framework\templates\rest_framework\vertical\select_multiple.html first seen with mtime 1747644938.2765372
DEBUG 2025-06-06 15:58:25,605 autoreload 21032 2356 File C:\PROJECTS\NEXTJS-SPACE\Lib\site-packages\rest_framework\templates\rest_framework\vertical\textarea.html first seen with mtime 1747644938.2798653
DEBUG 2025-06-06 15:58:25,605 autoreload 21032 2356 File C:\PROJECTS\NEXTJS-SPACE\Lib\site-packages\rest_framework\templates\rest_framework\docs\auth\basic.html first seen with mtime 1747644938.0885737
DEBUG 2025-06-06 15:58:25,605 autoreload 21032 2356 File C:\PROJECTS\NEXTJS-SPACE\Lib\site-packages\rest_framework\templates\rest_framework\docs\auth\session.html first seen with mtime 1747644938.0911148
DEBUG 2025-06-06 15:58:25,606 autoreload 21032 2356 File C:\PROJECTS\NEXTJS-SPACE\Lib\site-packages\rest_framework\templates\rest_framework\docs\auth\token.html first seen with mtime 1747644938.0936382
DEBUG 2025-06-06 15:58:25,606 autoreload 21032 2356 File C:\PROJECTS\NEXTJS-SPACE\Lib\site-packages\rest_framework\templates\rest_framework\docs\langs\javascript-intro.html first seen with mtime 1747644938.0985684
DEBUG 2025-06-06 15:58:25,606 autoreload 21032 2356 File C:\PROJECTS\NEXTJS-SPACE\Lib\site-packages\rest_framework\templates\rest_framework\docs\langs\javascript.html first seen with mtime 1747644938.1023688
DEBUG 2025-06-06 15:58:25,606 autoreload 21032 2356 File C:\PROJECTS\NEXTJS-SPACE\Lib\site-packages\rest_framework\templates\rest_framework\docs\langs\python-intro.html first seen with mtime 1747644938.1057005
DEBUG 2025-06-06 15:58:25,606 autoreload 21032 2356 File C:\PROJECTS\NEXTJS-SPACE\Lib\site-packages\rest_framework\templates\rest_framework\docs\langs\python.html first seen with mtime 1747644938.1096587
DEBUG 2025-06-06 15:58:25,607 autoreload 21032 2356 File C:\PROJECTS\NEXTJS-SPACE\Lib\site-packages\rest_framework\templates\rest_framework\docs\langs\shell-intro.html first seen with mtime 1747644938.1113489
DEBUG 2025-06-06 15:58:25,607 autoreload 21032 2356 File C:\PROJECTS\NEXTJS-SPACE\Lib\site-packages\rest_framework\templates\rest_framework\docs\langs\shell.html first seen with mtime 1747644938.1143818
DEBUG 2025-06-06 15:58:25,607 autoreload 21032 2356 File C:\PROJECTS\NEXTJS-SPACE\Lib\site-packages\rest_framework\locale\ach\LC_MESSAGES\django.mo first seen with mtime 1747644937.6068738
DEBUG 2025-06-06 15:58:25,607 autoreload 21032 2356 File C:\PROJECTS\NEXTJS-SPACE\Lib\site-packages\rest_framework\locale\ar\LC_MESSAGES\django.mo first seen with mtime 1747644937.6103506
DEBUG 2025-06-06 15:58:25,607 autoreload 21032 2356 File C:\PROJECTS\NEXTJS-SPACE\Lib\site-packages\rest_framework\locale\az\LC_MESSAGES\django.mo first seen with mtime 1747644937.6103506
DEBUG 2025-06-06 15:58:25,607 autoreload 21032 2356 File C:\PROJECTS\NEXTJS-SPACE\Lib\site-packages\rest_framework\locale\be\LC_MESSAGES\django.mo first seen with mtime 1747644937.6201181
DEBUG 2025-06-06 15:58:25,607 autoreload 21032 2356 File C:\PROJECTS\NEXTJS-SPACE\Lib\site-packages\rest_framework\locale\bg\LC_MESSAGES\django.mo first seen with mtime 1747644937.6201181
DEBUG 2025-06-06 15:58:25,607 autoreload 21032 2356 File C:\PROJECTS\NEXTJS-SPACE\Lib\site-packages\rest_framework\locale\ca\LC_MESSAGES\django.mo first seen with mtime 1747644937.634397
DEBUG 2025-06-06 15:58:25,612 autoreload 21032 2356 File C:\PROJECTS\NEXTJS-SPACE\Lib\site-packages\rest_framework\locale\ca_ES\LC_MESSAGES\django.mo first seen with mtime 1747644937.637778
DEBUG 2025-06-06 15:58:25,613 autoreload 21032 2356 File C:\PROJECTS\NEXTJS-SPACE\Lib\site-packages\rest_framework\locale\cs\LC_MESSAGES\django.mo first seen with mtime 1747644937.6417422
DEBUG 2025-06-06 15:58:25,613 autoreload 21032 2356 File C:\PROJECTS\NEXTJS-SPACE\Lib\site-packages\rest_framework\locale\da\LC_MESSAGES\django.mo first seen with mtime 1747644937.6486075
DEBUG 2025-06-06 15:58:25,613 autoreload 21032 2356 File C:\PROJECTS\NEXTJS-SPACE\Lib\site-packages\rest_framework\locale\de\LC_MESSAGES\django.mo first seen with mtime 1747644937.6538956
DEBUG 2025-06-06 15:58:25,614 autoreload 21032 2356 File C:\PROJECTS\NEXTJS-SPACE\Lib\site-packages\rest_framework\locale\el\LC_MESSAGES\django.mo first seen with mtime 1747644937.6580174
DEBUG 2025-06-06 15:58:25,614 autoreload 21032 2356 File C:\PROJECTS\NEXTJS-SPACE\Lib\site-packages\rest_framework\locale\el_GR\LC_MESSAGES\django.mo first seen with mtime 1747644937.6604855
DEBUG 2025-06-06 15:58:25,614 autoreload 21032 2356 File C:\PROJECTS\NEXTJS-SPACE\Lib\site-packages\rest_framework\locale\en\LC_MESSAGES\django.mo first seen with mtime 1747644937.6604855
DEBUG 2025-06-06 15:58:25,615 autoreload 21032 2356 File C:\PROJECTS\NEXTJS-SPACE\Lib\site-packages\rest_framework\locale\en_AU\LC_MESSAGES\django.mo first seen with mtime 1747644937.6604855
DEBUG 2025-06-06 15:58:25,615 autoreload 21032 2356 File C:\PROJECTS\NEXTJS-SPACE\Lib\site-packages\rest_framework\locale\en_CA\LC_MESSAGES\django.mo first seen with mtime 1747644937.6701944
DEBUG 2025-06-06 15:58:25,615 autoreload 21032 2356 File C:\PROJECTS\NEXTJS-SPACE\Lib\site-packages\rest_framework\locale\en_US\LC_MESSAGES\django.mo first seen with mtime 1747644937.6753125
DEBUG 2025-06-06 15:58:25,616 autoreload 21032 2356 File C:\PROJECTS\NEXTJS-SPACE\Lib\site-packages\rest_framework\locale\es\LC_MESSAGES\django.mo first seen with mtime 1747644937.679823
DEBUG 2025-06-06 15:58:25,616 autoreload 21032 2356 File C:\PROJECTS\NEXTJS-SPACE\Lib\site-packages\rest_framework\locale\et\LC_MESSAGES\django.mo first seen with mtime 1747644937.6839173
DEBUG 2025-06-06 15:58:25,616 autoreload 21032 2356 File C:\PROJECTS\NEXTJS-SPACE\Lib\site-packages\rest_framework\locale\fa\LC_MESSAGES\django.mo first seen with mtime 1747644937.6901681
DEBUG 2025-06-06 15:58:25,617 autoreload 21032 2356 File C:\PROJECTS\NEXTJS-SPACE\Lib\site-packages\rest_framework\locale\fa_IR\LC_MESSAGES\django.mo first seen with mtime 1747644937.6953523
DEBUG 2025-06-06 15:58:25,617 autoreload 21032 2356 File C:\PROJECTS\NEXTJS-SPACE\Lib\site-packages\rest_framework\locale\fi\LC_MESSAGES\django.mo first seen with mtime 1747644937.6999135
DEBUG 2025-06-06 15:58:25,617 autoreload 21032 2356 File C:\PROJECTS\NEXTJS-SPACE\Lib\site-packages\rest_framework\locale\fr\LC_MESSAGES\django.mo first seen with mtime 1747644937.6999135
DEBUG 2025-06-06 15:58:25,617 autoreload 21032 2356 File C:\PROJECTS\NEXTJS-SPACE\Lib\site-packages\rest_framework\locale\fr_CA\LC_MESSAGES\django.mo first seen with mtime 1747644937.7099535
DEBUG 2025-06-06 15:58:25,617 autoreload 21032 2356 File C:\PROJECTS\NEXTJS-SPACE\Lib\site-packages\rest_framework\locale\gl\LC_MESSAGES\django.mo first seen with mtime 1747644937.7099535
DEBUG 2025-06-06 15:58:25,617 autoreload 21032 2356 File C:\PROJECTS\NEXTJS-SPACE\Lib\site-packages\rest_framework\locale\gl_ES\LC_MESSAGES\django.mo first seen with mtime 1747644937.7099535
DEBUG 2025-06-06 15:58:25,617 autoreload 21032 2356 File C:\PROJECTS\NEXTJS-SPACE\Lib\site-packages\rest_framework\locale\he_IL\LC_MESSAGES\django.mo first seen with mtime 1747644937.7099535
DEBUG 2025-06-06 15:58:25,617 autoreload 21032 2356 File C:\PROJECTS\NEXTJS-SPACE\Lib\site-packages\rest_framework\locale\hu\LC_MESSAGES\django.mo first seen with mtime 1747644937.7200325
DEBUG 2025-06-06 15:58:25,617 autoreload 21032 2356 File C:\PROJECTS\NEXTJS-SPACE\Lib\site-packages\rest_framework\locale\hy\LC_MESSAGES\django.mo first seen with mtime 1747644937.7232535
DEBUG 2025-06-06 15:58:25,617 autoreload 21032 2356 File C:\PROJECTS\NEXTJS-SPACE\Lib\site-packages\rest_framework\locale\id\LC_MESSAGES\django.mo first seen with mtime 1747644937.7232535
DEBUG 2025-06-06 15:58:25,617 autoreload 21032 2356 File C:\PROJECTS\NEXTJS-SPACE\Lib\site-packages\rest_framework\locale\it\LC_MESSAGES\django.mo first seen with mtime 1747644937.7232535
DEBUG 2025-06-06 15:58:25,617 autoreload 21032 2356 File C:\PROJECTS\NEXTJS-SPACE\Lib\site-packages\rest_framework\locale\ja\LC_MESSAGES\django.mo first seen with mtime 1747644937.7300556
DEBUG 2025-06-06 15:58:25,617 autoreload 21032 2356 File C:\PROJECTS\NEXTJS-SPACE\Lib\site-packages\rest_framework\locale\ko_KR\LC_MESSAGES\django.mo first seen with mtime 1747644937.7300556
DEBUG 2025-06-06 15:58:25,617 autoreload 21032 2356 File C:\PROJECTS\NEXTJS-SPACE\Lib\site-packages\rest_framework\locale\lt\LC_MESSAGES\django.mo first seen with mtime 1747644937.7300556
DEBUG 2025-06-06 15:58:25,617 autoreload 21032 2356 File C:\PROJECTS\NEXTJS-SPACE\Lib\site-packages\rest_framework\locale\lv\LC_MESSAGES\django.mo first seen with mtime 1747644937.74021
DEBUG 2025-06-06 15:58:25,617 autoreload 21032 2356 File C:\PROJECTS\NEXTJS-SPACE\Lib\site-packages\rest_framework\locale\mk\LC_MESSAGES\django.mo first seen with mtime 1747644937.7439568
DEBUG 2025-06-06 15:58:25,617 autoreload 21032 2356 File C:\PROJECTS\NEXTJS-SPACE\Lib\site-packages\rest_framework\locale\nb\LC_MESSAGES\django.mo first seen with mtime 1747644937.7439568
DEBUG 2025-06-06 15:58:25,622 autoreload 21032 2356 File C:\PROJECTS\NEXTJS-SPACE\Lib\site-packages\rest_framework\locale\ne_NP\LC_MESSAGES\django.mo first seen with mtime 1747644937.7499473
DEBUG 2025-06-06 15:58:25,622 autoreload 21032 2356 File C:\PROJECTS\NEXTJS-SPACE\Lib\site-packages\rest_framework\locale\nl\LC_MESSAGES\django.mo first seen with mtime 1747644937.754975
DEBUG 2025-06-06 15:58:25,623 autoreload 21032 2356 File C:\PROJECTS\NEXTJS-SPACE\Lib\site-packages\rest_framework\locale\nn\LC_MESSAGES\django.mo first seen with mtime 1747644937.754975
DEBUG 2025-06-06 15:58:25,623 autoreload 21032 2356 File C:\PROJECTS\NEXTJS-SPACE\Lib\site-packages\rest_framework\locale\no\LC_MESSAGES\django.mo first seen with mtime 1747644937.759994
DEBUG 2025-06-06 15:58:25,623 autoreload 21032 2356 File C:\PROJECTS\NEXTJS-SPACE\Lib\site-packages\rest_framework\locale\pl\LC_MESSAGES\django.mo first seen with mtime 1747644937.759994
DEBUG 2025-06-06 15:58:25,623 autoreload 21032 2356 File C:\PROJECTS\NEXTJS-SPACE\Lib\site-packages\rest_framework\locale\pt\LC_MESSAGES\django.mo first seen with mtime 1747644937.7681675
DEBUG 2025-06-06 15:58:25,624 autoreload 21032 2356 File C:\PROJECTS\NEXTJS-SPACE\Lib\site-packages\rest_framework\locale\pt_BR\LC_MESSAGES\django.mo first seen with mtime 1747644937.7731254
DEBUG 2025-06-06 15:58:25,624 autoreload 21032 2356 File C:\PROJECTS\NEXTJS-SPACE\Lib\site-packages\rest_framework\locale\pt_PT\LC_MESSAGES\django.mo first seen with mtime 1747644937.7731254
DEBUG 2025-06-06 15:58:25,624 autoreload 21032 2356 File C:\PROJECTS\NEXTJS-SPACE\Lib\site-packages\rest_framework\locale\ro\LC_MESSAGES\django.mo first seen with mtime 1747644937.7801933
DEBUG 2025-06-06 15:58:25,625 autoreload 21032 2356 File C:\PROJECTS\NEXTJS-SPACE\Lib\site-packages\rest_framework\locale\ru\LC_MESSAGES\django.mo first seen with mtime 1747644937.7801933
DEBUG 2025-06-06 15:58:25,625 autoreload 21032 2356 File C:\PROJECTS\NEXTJS-SPACE\Lib\site-packages\rest_framework\locale\ru_RU\LC_MESSAGES\django.mo first seen with mtime 1747644937.7900884
DEBUG 2025-06-06 15:58:25,625 autoreload 21032 2356 File C:\PROJECTS\NEXTJS-SPACE\Lib\site-packages\rest_framework\locale\sk\LC_MESSAGES\django.mo first seen with mtime 1747644937.799125
DEBUG 2025-06-06 15:58:25,625 autoreload 21032 2356 File C:\PROJECTS\NEXTJS-SPACE\Lib\site-packages\rest_framework\locale\sl\LC_MESSAGES\django.mo first seen with mtime 1747644937.8032353
DEBUG 2025-06-06 15:58:25,626 autoreload 21032 2356 File C:\PROJECTS\NEXTJS-SPACE\Lib\site-packages\rest_framework\locale\sv\LC_MESSAGES\django.mo first seen with mtime 1747644937.8083415
DEBUG 2025-06-06 15:58:25,626 autoreload 21032 2356 File C:\PROJECTS\NEXTJS-SPACE\Lib\site-packages\rest_framework\locale\th\LC_MESSAGES\django.mo first seen with mtime 1747644937.8098526
DEBUG 2025-06-06 15:58:25,626 autoreload 21032 2356 File C:\PROJECTS\NEXTJS-SPACE\Lib\site-packages\rest_framework\locale\tr\LC_MESSAGES\django.mo first seen with mtime 1747644937.8131866
DEBUG 2025-06-06 15:58:25,627 autoreload 21032 2356 File C:\PROJECTS\NEXTJS-SPACE\Lib\site-packages\rest_framework\locale\tr_TR\LC_MESSAGES\django.mo first seen with mtime 1747644937.8131866
DEBUG 2025-06-06 15:58:25,627 autoreload 21032 2356 File C:\PROJECTS\NEXTJS-SPACE\Lib\site-packages\rest_framework\locale\uk\LC_MESSAGES\django.mo first seen with mtime 1747644937.8199656
DEBUG 2025-06-06 15:58:25,627 autoreload 21032 2356 File C:\PROJECTS\NEXTJS-SPACE\Lib\site-packages\rest_framework\locale\vi\LC_MESSAGES\django.mo first seen with mtime 1747644937.8199656
DEBUG 2025-06-06 15:58:25,627 autoreload 21032 2356 File C:\PROJECTS\NEXTJS-SPACE\Lib\site-packages\rest_framework\locale\zh_CN\LC_MESSAGES\django.mo first seen with mtime 1747644937.8265018
DEBUG 2025-06-06 15:58:25,627 autoreload 21032 2356 File C:\PROJECTS\NEXTJS-SPACE\Lib\site-packages\rest_framework\locale\zh_Hans\LC_MESSAGES\django.mo first seen with mtime 1747644937.8285575
DEBUG 2025-06-06 15:58:25,627 autoreload 21032 2356 File C:\PROJECTS\NEXTJS-SPACE\Lib\site-packages\rest_framework\locale\zh_Hant\LC_MESSAGES\django.mo first seen with mtime 1747644937.8323996
DEBUG 2025-06-06 15:58:25,627 autoreload 21032 2356 File C:\PROJECTS\NEXTJS-SPACE\Lib\site-packages\rest_framework\locale\zh_TW\LC_MESSAGES\django.mo first seen with mtime 1747644937.8360095
DEBUG 2025-06-06 15:58:25,630 autoreload 21032 2356 File C:\PROJECTS\NEXTJS-SPACE\Lib\site-packages\rest_framework_simplejwt\locale\ar\LC_MESSAGES\django.mo first seen with mtime 1747645387.1403568
DEBUG 2025-06-06 15:58:25,631 autoreload 21032 2356 File C:\PROJECTS\NEXTJS-SPACE\Lib\site-packages\rest_framework_simplejwt\locale\cs\LC_MESSAGES\django.mo first seen with mtime 1747645387.1448665
DEBUG 2025-06-06 15:58:25,631 autoreload 21032 2356 File C:\PROJECTS\NEXTJS-SPACE\Lib\site-packages\rest_framework_simplejwt\locale\de\LC_MESSAGES\django.mo first seen with mtime 1747645387.1506805
DEBUG 2025-06-06 15:58:25,631 autoreload 21032 2356 File C:\PROJECTS\NEXTJS-SPACE\Lib\site-packages\rest_framework_simplejwt\locale\es\LC_MESSAGES\django.mo first seen with mtime 1747645387.1585333
DEBUG 2025-06-06 15:58:25,632 autoreload 21032 2356 File C:\PROJECTS\NEXTJS-SPACE\Lib\site-packages\rest_framework_simplejwt\locale\es_AR\LC_MESSAGES\django.mo first seen with mtime 1747645387.1645167
DEBUG 2025-06-06 15:58:25,632 autoreload 21032 2356 File C:\PROJECTS\NEXTJS-SPACE\Lib\site-packages\rest_framework_simplejwt\locale\es_CL\LC_MESSAGES\django.mo first seen with mtime 1747645387.1704648
DEBUG 2025-06-06 15:58:25,633 autoreload 21032 2356 File C:\PROJECTS\NEXTJS-SPACE\Lib\site-packages\rest_framework_simplejwt\locale\fa\LC_MESSAGES\django.mo first seen with mtime 1747645387.1758976
DEBUG 2025-06-06 15:58:25,633 autoreload 21032 2356 File C:\PROJECTS\NEXTJS-SPACE\Lib\site-packages\rest_framework_simplejwt\locale\fa_IR\LC_MESSAGES\django.mo first seen with mtime 1747645387.1825733
DEBUG 2025-06-06 15:58:25,633 autoreload 21032 2356 File C:\PROJECTS\NEXTJS-SPACE\Lib\site-packages\rest_framework_simplejwt\locale\fr\LC_MESSAGES\django.mo first seen with mtime 1747645387.1873672
DEBUG 2025-06-06 15:58:25,634 autoreload 21032 2356 File C:\PROJECTS\NEXTJS-SPACE\Lib\site-packages\rest_framework_simplejwt\locale\he_IL\LC_MESSAGES\django.mo first seen with mtime 1747645387.192494
DEBUG 2025-06-06 15:58:25,634 autoreload 21032 2356 File C:\PROJECTS\NEXTJS-SPACE\Lib\site-packages\rest_framework_simplejwt\locale\id_ID\LC_MESSAGES\django.mo first seen with mtime 1747645387.1991286
DEBUG 2025-06-06 15:58:25,634 autoreload 21032 2356 File C:\PROJECTS\NEXTJS-SPACE\Lib\site-packages\rest_framework_simplejwt\locale\it_IT\LC_MESSAGES\django.mo first seen with mtime 1747645387.2051134
DEBUG 2025-06-06 15:58:25,635 autoreload 21032 2356 File C:\PROJECTS\NEXTJS-SPACE\Lib\site-packages\rest_framework_simplejwt\locale\ko_KR\LC_MESSAGES\django.mo first seen with mtime 1747645387.2112937
DEBUG 2025-06-06 15:58:25,635 autoreload 21032 2356 File C:\PROJECTS\NEXTJS-SPACE\Lib\site-packages\rest_framework_simplejwt\locale\nl_NL\LC_MESSAGES\django.mo first seen with mtime 1747645387.218243
DEBUG 2025-06-06 15:58:25,635 autoreload 21032 2356 File C:\PROJECTS\NEXTJS-SPACE\Lib\site-packages\rest_framework_simplejwt\locale\pl_PL\LC_MESSAGES\django.mo first seen with mtime 1747645387.2250977
DEBUG 2025-06-06 15:58:25,636 autoreload 21032 2356 File C:\PROJECTS\NEXTJS-SPACE\Lib\site-packages\rest_framework_simplejwt\locale\pt_BR\LC_MESSAGES\django.mo first seen with mtime 1747645387.2301407
DEBUG 2025-06-06 15:58:25,636 autoreload 21032 2356 File C:\PROJECTS\NEXTJS-SPACE\Lib\site-packages\rest_framework_simplejwt\locale\ro\LC_MESSAGES\django.mo first seen with mtime 1747645387.233945
DEBUG 2025-06-06 15:58:25,636 autoreload 21032 2356 File C:\PROJECTS\NEXTJS-SPACE\Lib\site-packages\rest_framework_simplejwt\locale\ru_RU\LC_MESSAGES\django.mo first seen with mtime 1747645387.2382076
DEBUG 2025-06-06 15:58:25,636 autoreload 21032 2356 File C:\PROJECTS\NEXTJS-SPACE\Lib\site-packages\rest_framework_simplejwt\locale\sl\LC_MESSAGES\django.mo first seen with mtime 1747645387.2427373
DEBUG 2025-06-06 15:58:25,637 autoreload 21032 2356 File C:\PROJECTS\NEXTJS-SPACE\Lib\site-packages\rest_framework_simplejwt\locale\sv\LC_MESSAGES\django.mo first seen with mtime 1747645387.2480483
DEBUG 2025-06-06 15:58:25,637 autoreload 21032 2356 File C:\PROJECTS\NEXTJS-SPACE\Lib\site-packages\rest_framework_simplejwt\locale\tr\LC_MESSAGES\django.mo first seen with mtime 1747645387.2539291
DEBUG 2025-06-06 15:58:25,638 autoreload 21032 2356 File C:\PROJECTS\NEXTJS-SPACE\Lib\site-packages\rest_framework_simplejwt\locale\uk_UA\LC_MESSAGES\django.mo first seen with mtime 1747645387.2591202
DEBUG 2025-06-06 15:58:25,638 autoreload 21032 2356 File C:\PROJECTS\NEXTJS-SPACE\Lib\site-packages\rest_framework_simplejwt\locale\zh_Hans\LC_MESSAGES\django.mo first seen with mtime 1747645387.2657402
DEBUG 2025-06-06 15:58:26,806 autoreload 21032 2356 File C:\PROJECTS\NEXTJS-SPACE\Lib\site-packages\django\core\management\commands\migrate.py first seen with mtime 1747644922.2282953
DEBUG 2025-06-06 15:58:26,808 autoreload 21032 2356 File C:\PROJECTS\NEXTJS-SPACE\Lib\site-packages\django\contrib\sessions\migrations\0001_initial.py first seen with mtime 1747644921.2152355
DEBUG 2025-06-06 15:58:26,809 autoreload 21032 2356 File C:\PROJECTS\NEXTJS-SPACE\Lib\site-packages\django\views\csrf.py first seen with mtime 1747644923.4115188
DEBUG 2025-06-06 15:58:26,810 autoreload 21032 2356 File C:\PROJECTS\NEXTJS-SPACE\Lib\site-packages\django\contrib\auth\migrations\0007_alter_validators_add_error_messages.py first seen with mtime 1747644917.4974704
DEBUG 2025-06-06 15:58:26,810 autoreload 21032 2356 File C:\PROJECTS\NEXTJS-SPACE\Lib\site-packages\django\contrib\sessions\exceptions.py first seen with mtime 1747644920.6432316
DEBUG 2025-06-06 15:58:26,810 autoreload 21032 2356 File C:\PROJECTS\NEXTJS-SPACE\Lib\site-packages\django\contrib\sessions\backends\base.py first seen with mtime 1747644920.650198
DEBUG 2025-06-06 15:58:26,811 autoreload 21032 2356 File C:\PROJECTS\NEXTJS-SPACE\Lib\site-packages\django\contrib\auth\migrations\0012_alter_user_first_name_max_length.py first seen with mtime 1747644917.50537
DEBUG 2025-06-06 15:58:26,811 autoreload 21032 2356 File C:\PROJECTS\NEXTJS-SPACE\Lib\site-packages\django\contrib\admin\migrations\0003_logentry_add_action_flag_choices.py first seen with mtime 1747644915.8701916
DEBUG 2025-06-06 15:58:26,812 autoreload 21032 2356 File C:\PROJECTS\NEXTJS-SPACE\Lib\site-packages\django\contrib\contenttypes\migrations\0002_remove_content_type_name.py first seen with mtime 1747644917.9299822
DEBUG 2025-06-06 15:58:26,813 autoreload 21032 2356 File C:\PROJECTS\backend\api\migrations\__init__.py first seen with mtime 1747644759.092459
DEBUG 2025-06-06 15:58:26,814 autoreload 21032 2356 File C:\PROJECTS\NEXTJS-SPACE\Lib\site-packages\django\middleware\common.py first seen with mtime 1747644923.0116026
DEBUG 2025-06-06 15:58:26,814 autoreload 21032 2356 File C:\PROJECTS\NEXTJS-SPACE\Lib\site-packages\django\contrib\admin\migrations\0001_initial.py first seen with mtime 1747644915.8701916
DEBUG 2025-06-06 15:58:26,816 autoreload 21032 2356 File C:\PROJECTS\NEXTJS-SPACE\Lib\site-packages\django\db\migrations\optimizer.py first seen with mtime 1747644922.5001876
DEBUG 2025-06-06 15:58:26,816 autoreload 21032 2356 File C:\PROJECTS\NEXTJS-SPACE\Lib\site-packages\django\contrib\auth\migrations\0003_alter_user_email_max_length.py first seen with mtime 1747644917.4930954
DEBUG 2025-06-06 15:58:26,816 autoreload 21032 2356 File C:\PROJECTS\NEXTJS-SPACE\Lib\site-packages\django\contrib\auth\migrations\0008_alter_user_username_max_length.py first seen with mtime 1747644917.500286
DEBUG 2025-06-06 15:58:26,818 autoreload 21032 2356 File C:\PROJECTS\NEXTJS-SPACE\Lib\site-packages\django\contrib\auth\migrations\0011_update_proxy_permissions.py first seen with mtime 1747644917.504247
DEBUG 2025-06-06 15:58:26,818 autoreload 21032 2356 File C:\PROJECTS\NEXTJS-SPACE\Lib\site-packages\django\db\migrations\serializer.py first seen with mtime 1747644922.5001876
DEBUG 2025-06-06 15:58:26,819 autoreload 21032 2356 File C:\PROJECTS\backend\api\migrations\0001_initial.py first seen with mtime 1748864897.2303889
DEBUG 2025-06-06 15:58:26,820 autoreload 21032 2356 File C:\PROJECTS\NEXTJS-SPACE\Lib\site-packages\django\contrib\auth\migrations\0001_initial.py first seen with mtime 1747644917.4899702
DEBUG 2025-06-06 15:58:26,820 autoreload 21032 2356 File C:\PROJECTS\NEXTJS-SPACE\Lib\site-packages\django\contrib\auth\migrations\0006_require_contenttypes_0002.py first seen with mtime 1747644917.496333
DEBUG 2025-06-06 15:58:26,821 autoreload 21032 2356 File C:\PROJECTS\NEXTJS-SPACE\Lib\site-packages\django\contrib\auth\migrations\0004_alter_user_username_opts.py first seen with mtime 1747644917.494161
DEBUG 2025-06-06 15:58:26,822 autoreload 21032 2356 File C:\PROJECTS\NEXTJS-SPACE\Lib\site-packages\django\core\management\utils.py first seen with mtime 1747644922.1523678
DEBUG 2025-06-06 15:58:26,823 autoreload 21032 2356 File C:\PROJECTS\NEXTJS-SPACE\Lib\site-packages\django\contrib\admin\migrations\0002_logentry_remove_auto_add.py first seen with mtime 1747644915.8701916
DEBUG 2025-06-06 15:58:26,823 autoreload 21032 2356 File C:\PROJECTS\NEXTJS-SPACE\Lib\site-packages\django\contrib\sessions\migrations\__init__.py first seen with mtime 1747644921.2167606
DEBUG 2025-06-06 15:58:26,823 autoreload 21032 2356 File C:\PROJECTS\NEXTJS-SPACE\Lib\site-packages\django\db\migrations\recorder.py first seen with mtime 1747644922.5001876
DEBUG 2025-06-06 15:58:26,823 autoreload 21032 2356 File C:\PROJECTS\NEXTJS-SPACE\Lib\site-packages\django\db\migrations\autodetector.py first seen with mtime 1747644922.4802165
DEBUG 2025-06-06 15:58:26,823 autoreload 21032 2356 File C:\PROJECTS\NEXTJS-SPACE\Lib\site-packages\django\middleware\clickjacking.py first seen with mtime 1747644923.009387
DEBUG 2025-06-06 15:58:26,823 autoreload 21032 2356 File C:\PROJECTS\NEXTJS-SPACE\Lib\site-packages\django\contrib\auth\migrations\__init__.py first seen with mtime 1747644917.50537
DEBUG 2025-06-06 15:58:26,823 autoreload 21032 2356 File C:\PROJECTS\NEXTJS-SPACE\Lib\site-packages\django\contrib\auth\migrations\0010_alter_group_name_max_length.py first seen with mtime 1747644917.5025294
DEBUG 2025-06-06 15:58:26,823 autoreload 21032 2356 File C:\PROJECTS\NEXTJS-SPACE\Lib\site-packages\django\contrib\contenttypes\migrations\__init__.py first seen with mtime 1747644917.9299822
DEBUG 2025-06-06 15:58:26,823 autoreload 21032 2356 File C:\PROJECTS\NEXTJS-SPACE\Lib\site-packages\django\contrib\sessions\backends\__init__.py first seen with mtime 1747644920.650198
DEBUG 2025-06-06 15:58:26,827 autoreload 21032 2356 File C:\PROJECTS\NEXTJS-SPACE\Lib\site-packages\django\db\migrations\graph.py first seen with mtime 1747644922.4943695
DEBUG 2025-06-06 15:58:26,827 autoreload 21032 2356 File C:\PROJECTS\NEXTJS-SPACE\Lib\site-packages\django\core\cache\backends\locmem.py first seen with mtime 1747644921.9540033
DEBUG 2025-06-06 15:58:26,827 autoreload 21032 2356 File C:\PROJECTS\NEXTJS-SPACE\Lib\site-packages\django\contrib\auth\migrations\0009_alter_user_last_name_max_length.py first seen with mtime 1747644917.5013077
DEBUG 2025-06-06 15:58:26,827 autoreload 21032 2356 File C:\PROJECTS\NEXTJS-SPACE\Lib\site-packages\django\db\migrations\loader.py first seen with mtime 1747644922.4943695
DEBUG 2025-06-06 15:58:26,831 autoreload 21032 2356 File C:\PROJECTS\NEXTJS-SPACE\Lib\site-packages\django\contrib\auth\migrations\0005_alter_user_last_login_null.py first seen with mtime 1747644917.4951649
DEBUG 2025-06-06 15:58:26,832 autoreload 21032 2356 File C:\PROJECTS\NEXTJS-SPACE\Lib\site-packages\django\core\management\commands\makemigrations.py first seen with mtime 1747644922.2071438
DEBUG 2025-06-06 15:58:26,833 autoreload 21032 2356 File C:\PROJECTS\NEXTJS-SPACE\Lib\site-packages\django\contrib\auth\migrations\0002_alter_permission_name_max_length.py first seen with mtime 1747644917.4920397
DEBUG 2025-06-06 15:58:26,835 autoreload 21032 2356 File C:\PROJECTS\NEXTJS-SPACE\Lib\site-packages\django\contrib\messages\middleware.py first seen with mtime 1747644919.6799116
DEBUG 2025-06-06 15:58:26,835 autoreload 21032 2356 File C:\PROJECTS\NEXTJS-SPACE\Lib\site-packages\django\db\migrations\executor.py first seen with mtime 1747644922.4923701
DEBUG 2025-06-06 15:58:26,835 autoreload 21032 2356 File C:\PROJECTS\NEXTJS-SPACE\Lib\site-packages\django\contrib\contenttypes\migrations\0001_initial.py first seen with mtime 1747644917.921387
DEBUG 2025-06-06 15:58:26,835 autoreload 21032 2356 File C:\PROJECTS\NEXTJS-SPACE\Lib\site-packages\django\db\migrations\writer.py first seen with mtime 1747644922.511603
DEBUG 2025-06-06 15:58:26,835 autoreload 21032 2356 File C:\PROJECTS\NEXTJS-SPACE\Lib\site-packages\django\contrib\admin\migrations\__init__.py first seen with mtime 1747644915.8701916
DEBUG 2025-06-06 15:58:26,835 autoreload 21032 2356 File C:\PROJECTS\NEXTJS-SPACE\Lib\site-packages\django\db\migrations\questioner.py first seen with mtime 1747644922.5001876
DEBUG 2025-06-06 15:59:10,073 autoreload 21032 2356 File C:\PROJECTS\backend\backend\settings.py previous mtime: 1749218296.21684, current mtime: 1749218349.9328804
DEBUG 2025-06-06 15:59:10,073 autoreload 21032 2356 C:\PROJECTS\backend\backend\settings.py notified as changed. Signal results: [(<function template_changed at 0x0000020869D72020>, None), (<function translation_file_changed at 0x000002086C51BA60>, None)].
INFO 2025-06-06 15:59:10,073 autoreload 21032 2356 C:\PROJECTS\backend\backend\settings.py changed, reloading.
INFO 2025-06-06 15:59:12,492 autoreload 18716 17356 Watching for file changes with StatReloader
DEBUG 2025-06-06 15:59:12,492 autoreload 18716 17356 Waiting for apps ready_event.
DEBUG 2025-06-06 15:59:13,607 autoreload 18716 17356 Apps ready_event triggered. Sending autoreload_started signal.
DEBUG 2025-06-06 15:59:13,652 autoreload 18716 17356 Watching dir C:\PROJECTS\backend\templates with glob **/*.
DEBUG 2025-06-06 15:59:13,652 autoreload 18716 17356 Watching dir C:\PROJECTS\NEXTJS-SPACE\Lib\site-packages\rest_framework\templates with glob **/*.
DEBUG 2025-06-06 15:59:13,652 autoreload 18716 17356 Watching dir C:\PROJECTS\backend\locale with glob **/*.mo.
DEBUG 2025-06-06 15:59:13,652 autoreload 18716 17356 Watching dir C:\PROJECTS\NEXTJS-SPACE\Lib\site-packages\rest_framework\locale with glob **/*.mo.
DEBUG 2025-06-06 15:59:13,652 autoreload 18716 17356 Watching dir C:\PROJECTS\NEXTJS-SPACE\Lib\site-packages\rest_framework_simplejwt\locale with glob **/*.mo.
DEBUG 2025-06-06 15:59:13,652 autoreload 18716 17356 Watching dir C:\PROJECTS\NEXTJS-SPACE\Lib\site-packages\corsheaders\locale with glob **/*.mo.
DEBUG 2025-06-06 15:59:13,652 autoreload 18716 17356 Watching dir C:\PROJECTS\backend\api\locale with glob **/*.mo.
DEBUG 2025-06-06 15:59:13,878 autoreload 18716 17356 File C:\PROJECTS\NEXTJS-SPACE\Lib\site-packages\numpy\matrixlib\__init__.py first seen with mtime 1747920842.277758
DEBUG 2025-06-06 15:59:13,878 autoreload 18716 17356 File C:\PROJECTS\NEXTJS-SPACE\Lib\site-packages\django\views\static.py first seen with mtime 1747644923.4301627
DEBUG 2025-06-06 15:59:13,878 autoreload 18716 17356 File C:\PROJECTS\NEXTJS-SPACE\Lib\site-packages\googlemaps\maps.py first seen with mtime 1747905130.0993192
DEBUG 2025-06-06 15:59:13,878 autoreload 18716 17356 File C:\PROJECTS\NEXTJS-SPACE\Lib\site-packages\rest_framework\serializers.py first seen with mtime 1747644937.4999301
DEBUG 2025-06-06 15:59:13,878 autoreload 18716 17356 File C:\PROJECTS\NEXTJS-SPACE\Lib\site-packages\django\views\decorators\debug.py first seen with mtime 1747644923.444407
DEBUG 2025-06-06 15:59:13,878 autoreload 18716 17356 File C:\Program Files\WindowsApps\PythonSoftwareFoundation.Python.3.12_3.12.2800.0_x64__qbz5n2kfra8p0\Lib\multiprocessing\util.py first seen with mtime 1740483574.3729186
DEBUG 2025-06-06 15:59:13,878 autoreload 18716 17356 File C:\PROJECTS\NEXTJS-SPACE\Lib\site-packages\django\db\models\query_utils.py first seen with mtime 1747644922.5629826
DEBUG 2025-06-06 15:59:13,878 autoreload 18716 17356 File C:\Program Files\WindowsApps\PythonSoftwareFoundation.Python.3.12_3.12.2800.0_x64__qbz5n2kfra8p0\Lib\unittest\case.py first seen with mtime 1740483584.205911
DEBUG 2025-06-06 15:59:13,878 autoreload 18716 17356 File C:\Program Files\WindowsApps\PythonSoftwareFoundation.Python.3.12_3.12.2800.0_x64__qbz5n2kfra8p0\Lib\calendar.py first seen with mtime 1740483566.0094194
DEBUG 2025-06-06 15:59:13,878 autoreload 18716 17356 File C:\PROJECTS\NEXTJS-SPACE\Lib\site-packages\django\db\models\functions\comparison.py first seen with mtime 1747644922.6002803
DEBUG 2025-06-06 15:59:13,878 autoreload 18716 17356 File C:\PROJECTS\NEXTJS-SPACE\Lib\site-packages\kombu\utils\imports.py first seen with mtime 1747904801.7453673
DEBUG 2025-06-06 15:59:13,878 autoreload 18716 17356 File C:\PROJECTS\NEXTJS-SPACE\Lib\site-packages\kombu\utils\__init__.py first seen with mtime 1747904801.7227676
DEBUG 2025-06-06 15:59:13,878 autoreload 18716 17356 File C:\PROJECTS\NEXTJS-SPACE\Lib\site-packages\urllib3\util\wait.py first seen with mtime 1747829987.3006423
DEBUG 2025-06-06 15:59:13,878 autoreload 18716 17356 File C:\Program Files\WindowsApps\PythonSoftwareFoundation.Python.3.12_3.12.2800.0_x64__qbz5n2kfra8p0\Lib\tempfile.py first seen with mtime 1744180891.3295753
DEBUG 2025-06-06 15:59:13,878 autoreload 18716 17356 File C:\PROJECTS\NEXTJS-SPACE\Lib\site-packages\django\views\generic\edit.py first seen with mtime 1747644923.4699817
DEBUG 2025-06-06 15:59:13,878 autoreload 18716 17356 File C:\PROJECTS\NEXTJS-SPACE\Lib\site-packages\django\core\files\base.py first seen with mtime 1747644922.0208142
DEBUG 2025-06-06 15:59:13,878 autoreload 18716 17356 File C:\Program Files\WindowsApps\PythonSoftwareFoundation.Python.3.12_3.12.2800.0_x64__qbz5n2kfra8p0\Lib\_compression.py first seen with mtime 1740483586.2040734
DEBUG 2025-06-06 15:59:13,878 autoreload 18716 17356 File C:\PROJECTS\NEXTJS-SPACE\Lib\site-packages\django\template\loaders\base.py first seen with mtime 1747644923.1198988
DEBUG 2025-06-06 15:59:13,878 autoreload 18716 17356 File C:\PROJECTS\NEXTJS-SPACE\Lib\site-packages\django\template\loaders\app_directories.py first seen with mtime 1747644923.1198988
DEBUG 2025-06-06 15:59:13,878 autoreload 18716 17356 File C:\Program Files\WindowsApps\PythonSoftwareFoundation.Python.3.12_3.12.2800.0_x64__qbz5n2kfra8p0\Lib\http\cookiejar.py first seen with mtime 1740483568.8580508
DEBUG 2025-06-06 15:59:13,878 autoreload 18716 17356 File C:\PROJECTS\NEXTJS-SPACE\Lib\site-packages\django\http\__init__.py first seen with mtime 1747644922.9790506
DEBUG 2025-06-06 15:59:13,878 autoreload 18716 17356 File C:\PROJECTS\NEXTJS-SPACE\Lib\site-packages\django\middleware\cache.py first seen with mtime 1747644923.0000293
DEBUG 2025-06-06 15:59:13,878 autoreload 18716 17356 File C:\PROJECTS\NEXTJS-SPACE\Lib\site-packages\django\contrib\admin\options.py first seen with mtime 1747644914.963218
DEBUG 2025-06-06 15:59:13,882 autoreload 18716 17356 File C:\PROJECTS\NEXTJS-SPACE\Lib\site-packages\urllib3\util\proxy.py first seen with mtime 1747829987.2630303
DEBUG 2025-06-06 15:59:13,882 autoreload 18716 17356 File C:\PROJECTS\NEXTJS-SPACE\Lib\site-packages\django\db\models\sql\datastructures.py first seen with mtime 1747644922.620066
DEBUG 2025-06-06 15:59:13,882 autoreload 18716 17356 File C:\PROJECTS\NEXTJS-SPACE\Lib\site-packages\numpy\lib\_polynomial_impl.py first seen with mtime 1747920841.9476657
DEBUG 2025-06-06 15:59:13,882 autoreload 18716 17356 File C:\PROJECTS\NEXTJS-SPACE\Lib\site-packages\sqlparse\filters\output.py first seen with mtime 1747644912.9891858
DEBUG 2025-06-06 15:59:13,882 autoreload 18716 17356 File C:\Program Files\WindowsApps\PythonSoftwareFoundation.Python.3.12_3.12.2800.0_x64__qbz5n2kfra8p0\Lib\copyreg.py first seen with mtime 1740483566.105165
DEBUG 2025-06-06 15:59:13,882 autoreload 18716 17356 File C:\PROJECTS\NEXTJS-SPACE\Lib\site-packages\sqlparse\filters\tokens.py first seen with mtime 1747644912.9940095
DEBUG 2025-06-06 15:59:13,882 autoreload 18716 17356 File C:\PROJECTS\NEXTJS-SPACE\Lib\site-packages\django\db\backends\postgresql\base.py first seen with mtime 1747644922.4378736
DEBUG 2025-06-06 15:59:13,882 autoreload 18716 17356 File C:\PROJECTS\NEXTJS-SPACE\Lib\site-packages\django\template\utils.py first seen with mtime 1747644923.0927842
DEBUG 2025-06-06 15:59:13,882 autoreload 18716 17356 File C:\Program Files\WindowsApps\PythonSoftwareFoundation.Python.3.12_3.12.2800.0_x64__qbz5n2kfra8p0\Lib\email\header.py first seen with mtime 1740483566.8094683
DEBUG 2025-06-06 15:59:13,882 autoreload 18716 17356 File C:\PROJECTS\NEXTJS-SPACE\Lib\site-packages\colorama\initialise.py first seen with mtime 1747904798.7280602
DEBUG 2025-06-06 15:59:13,884 autoreload 18716 17356 File C:\Program Files\WindowsApps\PythonSoftwareFoundation.Python.3.12_3.12.2800.0_x64__qbz5n2kfra8p0\Lib\wsgiref\__init__.py first seen with mtime 1740483584.5075204
DEBUG 2025-06-06 15:59:13,884 autoreload 18716 17356 File C:\PROJECTS\NEXTJS-SPACE\Lib\site-packages\django\core\serializers\__init__.py first seen with mtime 1747644922.2818978
DEBUG 2025-06-06 15:59:13,884 autoreload 18716 17356 File C:\Program Files\WindowsApps\PythonSoftwareFoundation.Python.3.12_3.12.2800.0_x64__qbz5n2kfra8p0\Lib\urllib\parse.py first seen with mtime 1740483584.339499
DEBUG 2025-06-06 15:59:13,884 autoreload 18716 17356 File C:\PROJECTS\NEXTJS-SPACE\Lib\site-packages\django\utils\dateformat.py first seen with mtime 1747644923.2508097
DEBUG 2025-06-06 15:59:13,884 autoreload 18716 17356 File C:\PROJECTS\NEXTJS-SPACE\Lib\site-packages\kombu\pools.py first seen with mtime 1747904801.5633767
DEBUG 2025-06-06 15:59:13,884 autoreload 18716 17356 File C:\PROJECTS\NEXTJS-SPACE\Lib\site-packages\numpy\lib\_type_check_impl.py first seen with mtime 1747920841.9776194
DEBUG 2025-06-06 15:59:13,884 autoreload 18716 17356 File C:\PROJECTS\NEXTJS-SPACE\Lib\site-packages\django\contrib\contenttypes\views.py first seen with mtime 1747644917.5735762
DEBUG 2025-06-06 15:59:13,885 autoreload 18716 17356 File C:\PROJECTS\NEXTJS-SPACE\Lib\site-packages\numpy\_utils\_inspect.py first seen with mtime 1747920844.8200872
DEBUG 2025-06-06 15:59:13,885 autoreload 18716 17356 File C:\PROJECTS\NEXTJS-SPACE\Lib\site-packages\django\contrib\postgres\fields\ranges.py first seen with mtime 1747644919.739993
DEBUG 2025-06-06 15:59:13,885 autoreload 18716 17356 File C:\PROJECTS\NEXTJS-SPACE\Lib\site-packages\django\contrib\auth\validators.py first seen with mtime 1747644917.1148334
DEBUG 2025-06-06 15:59:13,885 autoreload 18716 17356 File C:\PROJECTS\NEXTJS-SPACE\Lib\site-packages\django\forms\models.py first seen with mtime 1747644922.6604476
DEBUG 2025-06-06 15:59:13,885 autoreload 18716 17356 File C:\Program Files\WindowsApps\PythonSoftwareFoundation.Python.3.12_3.12.2800.0_x64__qbz5n2kfra8p0\Lib\multiprocessing\__init__.py first seen with mtime 1740483574.3729186
DEBUG 2025-06-06 15:59:13,885 autoreload 18716 17356 File C:\PROJECTS\NEXTJS-SPACE\Lib\site-packages\rest_framework\validators.py first seen with mtime 1747644937.5357525
DEBUG 2025-06-06 15:59:13,886 autoreload 18716 17356 File C:\PROJECTS\NEXTJS-SPACE\Lib\site-packages\django\contrib\admin\sites.py first seen with mtime 1747644914.963218
DEBUG 2025-06-06 15:59:13,886 autoreload 18716 17356 File C:\PROJECTS\NEXTJS-SPACE\Lib\site-packages\django\core\management\commands\runserver.py first seen with mtime 1747644922.2385273
DEBUG 2025-06-06 15:59:13,886 autoreload 18716 17356 File C:\PROJECTS\NEXTJS-SPACE\Lib\site-packages\requests\models.py first seen with mtime 1747829988.8673766
DEBUG 2025-06-06 15:59:13,886 autoreload 18716 17356 File C:\PROJECTS\NEXTJS-SPACE\Lib\site-packages\celery\app\autoretry.py first seen with mtime 1747904803.7989874
DEBUG 2025-06-06 15:59:13,886 autoreload 18716 17356 File C:\PROJECTS\NEXTJS-SPACE\Lib\site-packages\django\db\models\functions\math.py first seen with mtime 1747644922.6002803
DEBUG 2025-06-06 15:59:13,886 autoreload 18716 17356 File C:\PROJECTS\NEXTJS-SPACE\Lib\site-packages\django\core\cache\backends\base.py first seen with mtime 1747644921.9298127
DEBUG 2025-06-06 15:59:13,886 autoreload 18716 17356 File C:\PROJECTS\NEXTJS-SPACE\Lib\site-packages\numpy\version.py first seen with mtime 1747920841.089664
DEBUG 2025-06-06 15:59:13,887 autoreload 18716 17356 File C:\Program Files\WindowsApps\PythonSoftwareFoundation.Python.3.12_3.12.2800.0_x64__qbz5n2kfra8p0\Lib\asyncio\staggered.py first seen with mtime 1740483565.671466
DEBUG 2025-06-06 15:59:13,887 autoreload 18716 17356 File C:\PROJECTS\NEXTJS-SPACE\Lib\site-packages\django\core\checks\registry.py first seen with mtime 1747644921.989088
DEBUG 2025-06-06 15:59:13,887 autoreload 18716 17356 File C:\PROJECTS\NEXTJS-SPACE\Lib\site-packages\django\urls\base.py first seen with mtime 1747644923.1702359
DEBUG 2025-06-06 15:59:13,887 autoreload 18716 17356 File C:\PROJECTS\NEXTJS-SPACE\Lib\site-packages\rest_framework\compat.py first seen with mtime 1747644937.4201655
DEBUG 2025-06-06 15:59:13,887 autoreload 18716 17356 File C:\Program Files\WindowsApps\PythonSoftwareFoundation.Python.3.12_3.12.2800.0_x64__qbz5n2kfra8p0\Lib\unittest\util.py first seen with mtime 1740483584.2218156
DEBUG 2025-06-06 15:59:13,887 autoreload 18716 17356 File C:\Program Files\WindowsApps\PythonSoftwareFoundation.Python.3.12_3.12.2800.0_x64__qbz5n2kfra8p0\Lib\asyncio\threads.py first seen with mtime 1740483565.6841817
DEBUG 2025-06-06 15:59:13,887 autoreload 18716 17356 File C:\PROJECTS\NEXTJS-SPACE\Lib\site-packages\django\forms\boundfield.py first seen with mtime 1747644922.653472
DEBUG 2025-06-06 15:59:13,888 autoreload 18716 17356 File C:\PROJECTS\NEXTJS-SPACE\Lib\site-packages\django\utils\translation\reloader.py first seen with mtime 1747644923.3943326
DEBUG 2025-06-06 15:59:13,888 autoreload 18716 17356 File C:\PROJECTS\NEXTJS-SPACE\Lib\site-packages\rest_framework\status.py first seen with mtime 1747644937.5135067
DEBUG 2025-06-06 15:59:13,888 autoreload 18716 17356 File C:\Program Files\WindowsApps\PythonSoftwareFoundation.Python.3.12_3.12.2800.0_x64__qbz5n2kfra8p0\Lib\ssl.py first seen with mtime 1740483582.7940547
DEBUG 2025-06-06 15:59:13,888 autoreload 18716 17356 File C:\Program Files\WindowsApps\PythonSoftwareFoundation.Python.3.12_3.12.2800.0_x64__qbz5n2kfra8p0\Lib\email\message.py first seen with mtime 1740483566.8144846
DEBUG 2025-06-06 15:59:13,889 autoreload 18716 17356 File C:\Program Files\WindowsApps\PythonSoftwareFoundation.Python.3.12_3.12.2800.0_x64__qbz5n2kfra8p0\Lib\keyword.py first seen with mtime 1740483572.8660157
DEBUG 2025-06-06 15:59:13,889 autoreload 18716 17356 File C:\PROJECTS\NEXTJS-SPACE\Lib\site-packages\django\utils\termcolors.py first seen with mtime 1747644923.3498905
DEBUG 2025-06-06 15:59:13,889 autoreload 18716 17356 File C:\PROJECTS\NEXTJS-SPACE\Lib\site-packages\rest_framework\utils\encoders.py first seen with mtime 1747644938.2940936
DEBUG 2025-06-06 15:59:13,889 autoreload 18716 17356 File C:\Program Files\WindowsApps\PythonSoftwareFoundation.Python.3.12_3.12.2800.0_x64__qbz5n2kfra8p0\Lib\concurrent\futures\thread.py first seen with mtime 1740483566.0733712
DEBUG 2025-06-06 15:59:13,889 autoreload 18716 17356 File C:\PROJECTS\NEXTJS-SPACE\Lib\site-packages\django\contrib\auth\tokens.py first seen with mtime 1747644917.1100833
DEBUG 2025-06-06 15:59:13,889 autoreload 18716 17356 File C:\PROJECTS\NEXTJS-SPACE\Lib\site-packages\django\contrib\staticfiles\finders.py first seen with mtime 1747644921.8433175
DEBUG 2025-06-06 15:59:13,889 autoreload 18716 17356 File C:\PROJECTS\NEXTJS-SPACE\Lib\site-packages\urllib3\contrib\__init__.py first seen with mtime 1747829987.2027895
DEBUG 2025-06-06 15:59:13,889 autoreload 18716 17356 File C:\PROJECTS\NEXTJS-SPACE\Lib\site-packages\django\contrib\admin\filters.py first seen with mtime 1747644914.9498482
DEBUG 2025-06-06 15:59:13,889 autoreload 18716 17356 File C:\Program Files\WindowsApps\PythonSoftwareFoundation.Python.3.12_3.12.2800.0_x64__qbz5n2kfra8p0\Lib\http\client.py first seen with mtime 1740483568.8580508
DEBUG 2025-06-06 15:59:13,889 autoreload 18716 17356 File C:\PROJECTS\NEXTJS-SPACE\Lib\site-packages\django\template\loaders\cached.py first seen with mtime 1747644923.1248078
DEBUG 2025-06-06 15:59:13,889 autoreload 18716 17356 File C:\PROJECTS\NEXTJS-SPACE\Lib\site-packages\celery\utils\serialization.py first seen with mtime 1747904804.1887805
DEBUG 2025-06-06 15:59:13,889 autoreload 18716 17356 File C:\PROJECTS\NEXTJS-SPACE\Lib\site-packages\django\contrib\auth\signals.py first seen with mtime 1747644917.1100833
DEBUG 2025-06-06 15:59:13,889 autoreload 18716 17356 File C:\PROJECTS\NEXTJS-SPACE\Lib\site-packages\django\db\backends\base\creation.py first seen with mtime 1747644922.3398836
DEBUG 2025-06-06 15:59:13,889 autoreload 18716 17356 File C:\PROJECTS\NEXTJS-SPACE\Lib\site-packages\django\core\cache\backends\filebased.py first seen with mtime 1747644921.9484303
DEBUG 2025-06-06 15:59:13,889 autoreload 18716 17356 File C:\PROJECTS\NEXTJS-SPACE\Lib\site-packages\django\template\defaulttags.py first seen with mtime 1747644923.0662909
DEBUG 2025-06-06 15:59:13,889 autoreload 18716 17356 File C:\PROJECTS\NEXTJS-SPACE\Lib\site-packages\click\globals.py first seen with mtime 1747904800.5627038
DEBUG 2025-06-06 15:59:13,889 autoreload 18716 17356 File C:\Program Files\WindowsApps\PythonSoftwareFoundation.Python.3.12_3.12.2800.0_x64__qbz5n2kfra8p0\Lib\importlib\metadata\_adapters.py first seen with mtime 1740483572.5963585
DEBUG 2025-06-06 15:59:13,889 autoreload 18716 17356 File C:\Program Files\WindowsApps\PythonSoftwareFoundation.Python.3.12_3.12.2800.0_x64__qbz5n2kfra8p0\Lib\importlib\metadata\_text.py first seen with mtime 1740483572.6121874
DEBUG 2025-06-06 15:59:13,889 autoreload 18716 17356 File C:\PROJECTS\NEXTJS-SPACE\Lib\site-packages\django\core\checks\templates.py first seen with mtime 1747644921.9919746
DEBUG 2025-06-06 15:59:13,892 autoreload 18716 17356 File C:\PROJECTS\backend\api\admin.py first seen with mtime 1747994311.0922086
DEBUG 2025-06-06 15:59:13,892 autoreload 18716 17356 File C:\Program Files\WindowsApps\PythonSoftwareFoundation.Python.3.12_3.12.2800.0_x64__qbz5n2kfra8p0\Lib\http\cookies.py first seen with mtime 1740483568.8719034
DEBUG 2025-06-06 15:59:13,892 autoreload 18716 17356 File C:\PROJECTS\NEXTJS-SPACE\Lib\site-packages\django\forms\formsets.py first seen with mtime 1747644922.6604476
DEBUG 2025-06-06 15:59:13,893 autoreload 18716 17356 File C:\PROJECTS\NEXTJS-SPACE\Lib\site-packages\urllib3\util\timeout.py first seen with mtime 1747829987.2841291
DEBUG 2025-06-06 15:59:13,894 autoreload 18716 17356 File C:\PROJECTS\NEXTJS-SPACE\Lib\site-packages\dateutil\tz\__init__.py first seen with mtime 1747904799.936813
DEBUG 2025-06-06 15:59:13,894 autoreload 18716 17356 File C:\Program Files\WindowsApps\PythonSoftwareFoundation.Python.3.12_3.12.2800.0_x64__qbz5n2kfra8p0\DLLs\_bz2.pyd first seen with mtime 1744180879.5911
DEBUG 2025-06-06 15:59:13,895 autoreload 18716 17356 File C:\PROJECTS\NEXTJS-SPACE\Lib\site-packages\django\contrib\admin\helpers.py first seen with mtime 1747644914.9498482
DEBUG 2025-06-06 15:59:13,895 autoreload 18716 17356 File C:\PROJECTS\NEXTJS-SPACE\Lib\site-packages\amqp\sasl.py first seen with mtime 1747904801.0880442
DEBUG 2025-06-06 15:59:13,895 autoreload 18716 17356 File C:\PROJECTS\NEXTJS-SPACE\Lib\site-packages\dateutil\relativedelta.py first seen with mtime 1747904799.896947
DEBUG 2025-06-06 15:59:13,895 autoreload 18716 17356 File C:\PROJECTS\NEXTJS-SPACE\Lib\site-packages\celery\utils\log.py first seen with mtime 1747904804.1741884
DEBUG 2025-06-06 15:59:13,895 autoreload 18716 17356 File C:\PROJECTS\NEXTJS-SPACE\Lib\site-packages\django\urls\utils.py first seen with mtime 1747644923.1899607
DEBUG 2025-06-06 15:59:13,896 autoreload 18716 17356 File C:\PROJECTS\NEXTJS-SPACE\Lib\site-packages\django\db\models\constraints.py first seen with mtime 1747644922.5398161
DEBUG 2025-06-06 15:59:13,896 autoreload 18716 17356 File C:\PROJECTS\NEXTJS-SPACE\Lib\site-packages\django\core\validators.py first seen with mtime 1747644921.9037921
DEBUG 2025-06-06 15:59:13,896 autoreload 18716 17356 File C:\PROJECTS\NEXTJS-SPACE\Lib\site-packages\django\core\handlers\exception.py first seen with mtime 1747644922.0875719
DEBUG 2025-06-06 15:59:13,896 autoreload 18716 17356 File C:\PROJECTS\NEXTJS-SPACE\Lib\site-packages\kombu\utils\div.py first seen with mtime 1747904801.733163
DEBUG 2025-06-06 15:59:13,896 autoreload 18716 17356 File C:\PROJECTS\NEXTJS-SPACE\Lib\site-packages\django\contrib\auth\middleware.py first seen with mtime 1747644917.099801
DEBUG 2025-06-06 15:59:13,897 autoreload 18716 17356 File C:\Program Files\WindowsApps\PythonSoftwareFoundation.Python.3.12_3.12.2800.0_x64__qbz5n2kfra8p0\DLLs\_decimal.pyd first seen with mtime 1744180879.6299026
DEBUG 2025-06-06 15:59:13,897 autoreload 18716 17356 File C:\PROJECTS\NEXTJS-SPACE\Lib\site-packages\requests\hooks.py first seen with mtime 1747829988.8673766
DEBUG 2025-06-06 15:59:13,897 autoreload 18716 17356 File C:\Program Files\WindowsApps\PythonSoftwareFoundation.Python.3.12_3.12.2800.0_x64__qbz5n2kfra8p0\Lib\xml\dom\minidom.py first seen with mtime 1740483584.5866325
DEBUG 2025-06-06 15:59:13,897 autoreload 18716 17356 File C:\PROJECTS\NEXTJS-SPACE\Lib\site-packages\celery\app\backends.py first seen with mtime 1747904803.801514
DEBUG 2025-06-06 15:59:13,897 autoreload 18716 17356 File C:\PROJECTS\NEXTJS-SPACE\Lib\site-packages\click\__init__.py first seen with mtime 1747904800.512496
DEBUG 2025-06-06 15:59:13,898 autoreload 18716 17356 File C:\PROJECTS\NEXTJS-SPACE\Lib\site-packages\django\views\generic\dates.py first seen with mtime 1747644923.4624481
DEBUG 2025-06-06 15:59:13,898 autoreload 18716 17356 File C:\PROJECTS\NEXTJS-SPACE\Lib\site-packages\django\utils\regex_helper.py first seen with mtime 1747644923.3498905
DEBUG 2025-06-06 15:59:13,898 autoreload 18716 17356 File C:\PROJECTS\NEXTJS-SPACE\Lib\site-packages\numpy\_typing\_nbit_base.py first seen with mtime 1747920844.7756357
DEBUG 2025-06-06 15:59:13,898 autoreload 18716 17356 File C:\PROJECTS\NEXTJS-SPACE\Lib\site-packages\bs4\builder\_htmlparser.py first seen with mtime 1747906836.5999002
DEBUG 2025-06-06 15:59:13,898 autoreload 18716 17356 File C:\Program Files\WindowsApps\PythonSoftwareFoundation.Python.3.12_3.12.2800.0_x64__qbz5n2kfra8p0\Lib\asyncio\tasks.py first seen with mtime 1740483565.6804519
DEBUG 2025-06-06 15:59:13,898 autoreload 18716 17356 File C:\PROJECTS\NEXTJS-SPACE\Lib\site-packages\sqlparse\filters\__init__.py first seen with mtime 1747644912.9801762
DEBUG 2025-06-06 15:59:13,899 autoreload 18716 17356 File C:\PROJECTS\backend\api\apps.py first seen with mtime 1747644759.0568166
DEBUG 2025-06-06 15:59:13,899 autoreload 18716 17356 File C:\Program Files\WindowsApps\PythonSoftwareFoundation.Python.3.12_3.12.2800.0_x64__qbz5n2kfra8p0\Lib\json\encoder.py first seen with mtime 1744180886.3313591
DEBUG 2025-06-06 15:59:13,899 autoreload 18716 17356 File C:\PROJECTS\NEXTJS-SPACE\Lib\site-packages\charset_normalizer\legacy.py first seen with mtime 1747829988.4393215
DEBUG 2025-06-06 15:59:13,899 autoreload 18716 17356 File C:\Program Files\WindowsApps\PythonSoftwareFoundation.Python.3.12_3.12.2800.0_x64__qbz5n2kfra8p0\Lib\shutil.py first seen with mtime 1740483574.8004706
DEBUG 2025-06-06 15:59:13,899 autoreload 18716 17356 File C:\PROJECTS\NEXTJS-SPACE\Lib\site-packages\numpy\_utils\_convertions.py first seen with mtime 1747920844.8133247
DEBUG 2025-06-06 15:59:13,900 autoreload 18716 17356 File C:\Program Files\WindowsApps\PythonSoftwareFoundation.Python.3.12_3.12.2800.0_x64__qbz5n2kfra8p0\Lib\wsgiref\simple_server.py first seen with mtime 1740483584.4913423
DEBUG 2025-06-06 15:59:13,900 autoreload 18716 17356 File C:\PROJECTS\NEXTJS-SPACE\Lib\site-packages\django\contrib\auth\password_validation.py first seen with mtime 1747644917.1075733
DEBUG 2025-06-06 15:59:13,900 autoreload 18716 17356 File C:\Program Files\WindowsApps\PythonSoftwareFoundation.Python.3.12_3.12.2800.0_x64__qbz5n2kfra8p0\Lib\html\parser.py first seen with mtime 1740483568.840268
DEBUG 2025-06-06 15:59:13,900 autoreload 18716 17356 File C:\PROJECTS\NEXTJS-SPACE\Lib\site-packages\rest_framework\utils\__init__.py first seen with mtime 1747644938.2864978
DEBUG 2025-06-06 15:59:13,900 autoreload 18716 17356 File C:\PROJECTS\NEXTJS-SPACE\Lib\site-packages\numpy\lib\introspect.py first seen with mtime 1747920841.8192875
DEBUG 2025-06-06 15:59:13,900 autoreload 18716 17356 File C:\PROJECTS\NEXTJS-SPACE\Lib\site-packages\dateutil\tz\_common.py first seen with mtime 1747904799.9412673
DEBUG 2025-06-06 15:59:13,900 autoreload 18716 17356 File C:\PROJECTS\NEXTJS-SPACE\Lib\site-packages\urllib3\_collections.py first seen with mtime 1747829987.1554468
DEBUG 2025-06-06 15:59:13,900 autoreload 18716 17356 File C:\PROJECTS\NEXTJS-SPACE\Lib\site-packages\django_filters\rest_framework\filterset.py first seen with mtime 1747652148.0564146
DEBUG 2025-06-06 15:59:13,901 autoreload 18716 17356 File C:\PROJECTS\NEXTJS-SPACE\Lib\site-packages\numpy\lib\_function_base_impl.py first seen with mtime 1747920841.9097402
DEBUG 2025-06-06 15:59:13,901 autoreload 18716 17356 File C:\PROJECTS\NEXTJS-SPACE\Lib\site-packages\django\dispatch\__init__.py first seen with mtime 1747644922.641627
DEBUG 2025-06-06 15:59:13,901 autoreload 18716 17356 File C:\PROJECTS\NEXTJS-SPACE\Lib\site-packages\numpy\lib\_array_utils_impl.py first seen with mtime 1747920841.8919272
DEBUG 2025-06-06 15:59:13,901 autoreload 18716 17356 File C:\PROJECTS\NEXTJS-SPACE\Lib\site-packages\django\utils\inspect.py first seen with mtime 1747644923.313294
DEBUG 2025-06-06 15:59:13,901 autoreload 18716 17356 File C:\PROJECTS\NEXTJS-SPACE\Lib\site-packages\asgiref\sync.py first seen with mtime 1747644913.831936
DEBUG 2025-06-06 15:59:13,901 autoreload 18716 17356 File C:\PROJECTS\NEXTJS-SPACE\Lib\site-packages\corsheaders\signals.py first seen with mtime 1747645208.931296
DEBUG 2025-06-06 15:59:13,901 autoreload 18716 17356 File C:\PROJECTS\NEXTJS-SPACE\Lib\site-packages\django\core\checks\security\csrf.py first seen with mtime 1747644922.011168
DEBUG 2025-06-06 15:59:13,902 autoreload 18716 17356 File C:\PROJECTS\NEXTJS-SPACE\Lib\site-packages\django\core\mail\__init__.py first seen with mtime 1747644922.0938172
DEBUG 2025-06-06 15:59:13,902 autoreload 18716 17356 File C:\PROJECTS\NEXTJS-SPACE\Lib\site-packages\django_filters\widgets.py first seen with mtime 1747652147.9810364
DEBUG 2025-06-06 15:59:13,902 autoreload 18716 17356 File C:\PROJECTS\NEXTJS-SPACE\Lib\site-packages\django\utils\cache.py first seen with mtime 1747644923.220041
DEBUG 2025-06-06 15:59:13,902 autoreload 18716 17356 File C:\PROJECTS\NEXTJS-SPACE\Lib\site-packages\bs4\_deprecation.py first seen with mtime 1747906836.539727
DEBUG 2025-06-06 15:59:13,902 autoreload 18716 17356 File C:\PROJECTS\NEXTJS-SPACE\Lib\site-packages\sqlparse\cli.py first seen with mtime 1747644912.9399123
DEBUG 2025-06-06 15:59:13,902 autoreload 18716 17356 File C:\Program Files\WindowsApps\PythonSoftwareFoundation.Python.3.12_3.12.2800.0_x64__qbz5n2kfra8p0\Lib\re\_parser.py first seen with mtime 1740483574.7370086
DEBUG 2025-06-06 15:59:13,903 autoreload 18716 17356 File C:\PROJECTS\NEXTJS-SPACE\Lib\site-packages\rest_framework\renderers.py first seen with mtime 1747644937.479931
DEBUG 2025-06-06 15:59:13,903 autoreload 18716 17356 File C:\Program Files\WindowsApps\PythonSoftwareFoundation.Python.3.12_3.12.2800.0_x64__qbz5n2kfra8p0\Lib\logging\handlers.py first seen with mtime 1744180886.3584976
DEBUG 2025-06-06 15:59:13,903 autoreload 18716 17356 File C:\PROJECTS\NEXTJS-SPACE\Lib\site-packages\dotenv\variables.py first seen with mtime 1749218278.466598
DEBUG 2025-06-06 15:59:13,903 autoreload 18716 17356 File C:\Program Files\WindowsApps\PythonSoftwareFoundation.Python.3.12_3.12.2800.0_x64__qbz5n2kfra8p0\Lib\importlib\_abc.py first seen with mtime 1740483572.7703967
DEBUG 2025-06-06 15:59:13,903 autoreload 18716 17356 File C:\PROJECTS\NEXTJS-SPACE\Lib\site-packages\urllib3\util\url.py first seen with mtime 1747829987.2841291
DEBUG 2025-06-06 15:59:13,903 autoreload 18716 17356 File C:\Program Files\WindowsApps\PythonSoftwareFoundation.Python.3.12_3.12.2800.0_x64__qbz5n2kfra8p0\Lib\random.py first seen with mtime 1744180886.511644
DEBUG 2025-06-06 15:59:13,903 autoreload 18716 17356 File C:\PROJECTS\NEXTJS-SPACE\Lib\site-packages\numpy\_core\_ufunc_config.py first seen with mtime 1747920844.0340762
DEBUG 2025-06-06 15:59:13,904 autoreload 18716 17356 File C:\Program Files\WindowsApps\PythonSoftwareFoundation.Python.3.12_3.12.2800.0_x64__qbz5n2kfra8p0\Lib\unittest\result.py first seen with mtime 1740483584.205911
DEBUG 2025-06-06 15:59:13,904 autoreload 18716 17356 File C:\Program Files\WindowsApps\PythonSoftwareFoundation.Python.3.12_3.12.2800.0_x64__qbz5n2kfra8p0\Lib\graphlib.py first seen with mtime 1744180886.1497133
DEBUG 2025-06-06 15:59:13,905 autoreload 18716 17356 File C:\PROJECTS\NEXTJS-SPACE\Lib\site-packages\soupsieve\util.py first seen with mtime 1747906829.0549624
DEBUG 2025-06-06 15:59:13,905 autoreload 18716 17356 File C:\PROJECTS\NEXTJS-SPACE\Lib\site-packages\django\template\backends\base.py first seen with mtime 1747644923.0998194
DEBUG 2025-06-06 15:59:13,905 autoreload 18716 17356 File C:\PROJECTS\NEXTJS-SPACE\Lib\site-packages\django\core\cache\__init__.py first seen with mtime 1747644921.913753
DEBUG 2025-06-06 15:59:13,905 autoreload 18716 17356 File C:\PROJECTS\NEXTJS-SPACE\Lib\site-packages\soupsieve\css_types.py first seen with mtime 1747906829.0436835
DEBUG 2025-06-06 15:59:13,906 autoreload 18716 17356 File C:\PROJECTS\NEXTJS-SPACE\Lib\site-packages\numpy\_core\numeric.py first seen with mtime 1747920843.7449026
DEBUG 2025-06-06 15:59:13,906 autoreload 18716 17356 File C:\PROJECTS\NEXTJS-SPACE\Lib\site-packages\dateutil\__init__.py first seen with mtime 1747904799.878845
DEBUG 2025-06-06 15:59:13,906 autoreload 18716 17356 File C:\Program Files\WindowsApps\PythonSoftwareFoundation.Python.3.12_3.12.2800.0_x64__qbz5n2kfra8p0\Lib\email\mime\text.py first seen with mtime 1740483566.8224108
DEBUG 2025-06-06 15:59:13,906 autoreload 18716 17356 File C:\PROJECTS\NEXTJS-SPACE\Lib\site-packages\bs4\filter.py first seen with mtime 1747906836.5750425
DEBUG 2025-06-06 15:59:13,906 autoreload 18716 17356 File C:\Program Files\WindowsApps\PythonSoftwareFoundation.Python.3.12_3.12.2800.0_x64__qbz5n2kfra8p0\Lib\tokenize.py first seen with mtime 1744180891.332714
DEBUG 2025-06-06 15:59:13,906 autoreload 18716 17356 File C:\PROJECTS\NEXTJS-SPACE\Lib\site-packages\django\contrib\postgres\fields\citext.py first seen with mtime 1747644919.7388296
DEBUG 2025-06-06 15:59:13,906 autoreload 18716 17356 File C:\PROJECTS\NEXTJS-SPACE\Lib\site-packages\numpy\_typing\_array_like.py first seen with mtime 1747920844.7460716
DEBUG 2025-06-06 15:59:13,906 autoreload 18716 17356 File C:\PROJECTS\NEXTJS-SPACE\Lib\site-packages\bs4\builder\__init__.py first seen with mtime 1747906836.5899682
DEBUG 2025-06-06 15:59:13,906 autoreload 18716 17356 File C:\PROJECTS\NEXTJS-SPACE\Lib\site-packages\vine\synchronization.py first seen with mtime 1747904794.83909
DEBUG 2025-06-06 15:59:13,906 autoreload 18716 17356 File C:\Program Files\WindowsApps\PythonSoftwareFoundation.Python.3.12_3.12.2800.0_x64__qbz5n2kfra8p0\Lib\importlib\metadata\_functools.py first seen with mtime 1740483572.6121874
DEBUG 2025-06-06 15:59:13,906 autoreload 18716 17356 File C:\PROJECTS\NEXTJS-SPACE\Lib\site-packages\rest_framework\parsers.py first seen with mtime 1747644937.4701357
DEBUG 2025-06-06 15:59:13,906 autoreload 18716 17356 File C:\Program Files\WindowsApps\PythonSoftwareFoundation.Python.3.12_3.12.2800.0_x64__qbz5n2kfra8p0\Lib\importlib\resources\readers.py first seen with mtime 1740483572.677636
DEBUG 2025-06-06 15:59:13,906 autoreload 18716 17356 File C:\PROJECTS\NEXTJS-SPACE\Lib\site-packages\django\test\html.py first seen with mtime 1747644923.1502125
DEBUG 2025-06-06 15:59:13,906 autoreload 18716 17356 File C:\PROJECTS\NEXTJS-SPACE\Lib\site-packages\django\apps\config.py first seen with mtime 1747644914.0768685
DEBUG 2025-06-06 15:59:13,906 autoreload 18716 17356 File C:\PROJECTS\NEXTJS-SPACE\Lib\site-packages\rest_framework\metadata.py first seen with mtime 1747644937.4499605
DEBUG 2025-06-06 15:59:13,906 autoreload 18716 17356 File C:\PROJECTS\NEXTJS-SPACE\Lib\site-packages\urllib3\util\ssl_.py first seen with mtime 1747829987.2670188
DEBUG 2025-06-06 15:59:13,906 autoreload 18716 17356 File C:\PROJECTS\NEXTJS-SPACE\Lib\site-packages\django\db\models\fields\mixins.py first seen with mtime 1747644922.5825086
DEBUG 2025-06-06 15:59:13,906 autoreload 18716 17356 File C:\PROJECTS\NEXTJS-SPACE\Lib\site-packages\rest_framework_simplejwt\exceptions.py first seen with mtime 1747645387.1185308
DEBUG 2025-06-06 15:59:13,909 autoreload 18716 17356 File C:\PROJECTS\NEXTJS-SPACE\Lib\site-packages\idna\intranges.py first seen with mtime 1747829988.0857596
DEBUG 2025-06-06 15:59:13,909 autoreload 18716 17356 File C:\PROJECTS\NEXTJS-SPACE\Lib\site-packages\django\core\management\__init__.py first seen with mtime 1747644922.1312928
DEBUG 2025-06-06 15:59:13,909 autoreload 18716 17356 File C:\PROJECTS\NEXTJS-SPACE\Lib\site-packages\rest_framework\relations.py first seen with mtime 1747644937.479931
DEBUG 2025-06-06 15:59:13,909 autoreload 18716 17356 File C:\PROJECTS\NEXTJS-SPACE\Lib\site-packages\django\core\files\storage\memory.py first seen with mtime 1747644922.0720499
DEBUG 2025-06-06 15:59:13,909 autoreload 18716 17356 File C:\PROJECTS\NEXTJS-SPACE\Lib\site-packages\bs4\_warnings.py first seen with mtime 1747906836.5504062
DEBUG 2025-06-06 15:59:13,910 autoreload 18716 17356 File C:\PROJECTS\NEXTJS-SPACE\Lib\site-packages\amqp\transport.py first seen with mtime 1747904801.1017632
DEBUG 2025-06-06 15:59:13,910 autoreload 18716 17356 File C:\PROJECTS\NEXTJS-SPACE\Lib\site-packages\django\db\backends\base\schema.py first seen with mtime 1747644922.356068
DEBUG 2025-06-06 15:59:13,910 autoreload 18716 17356 File C:\PROJECTS\NEXTJS-SPACE\Lib\site-packages\django\urls\converters.py first seen with mtime 1747644923.1802518
DEBUG 2025-06-06 15:59:13,911 autoreload 18716 17356 File C:\PROJECTS\NEXTJS-SPACE\Lib\site-packages\PIL\_version.py first seen with mtime 1747645869.854793
DEBUG 2025-06-06 15:59:13,911 autoreload 18716 17356 File C:\PROJECTS\NEXTJS-SPACE\Lib\site-packages\django\utils\duration.py first seen with mtime 1747644923.2821794
DEBUG 2025-06-06 15:59:13,912 autoreload 18716 17356 File C:\PROJECTS\NEXTJS-SPACE\Lib\site-packages\django\db\models\deletion.py first seen with mtime 1747644922.5398161
DEBUG 2025-06-06 15:59:13,912 autoreload 18716 17356 File C:\Program Files\WindowsApps\PythonSoftwareFoundation.Python.3.12_3.12.2800.0_x64__qbz5n2kfra8p0\Lib\asyncio\windows_utils.py first seen with mtime 1740483565.6921306
DEBUG 2025-06-06 15:59:13,912 autoreload 18716 17356 File C:\Program Files\WindowsApps\PythonSoftwareFoundation.Python.3.12_3.12.2800.0_x64__qbz5n2kfra8p0\DLLs\_uuid.pyd first seen with mtime 1744180881.812826
DEBUG 2025-06-06 15:59:13,912 autoreload 18716 17356 File C:\PROJECTS\NEXTJS-SPACE\Lib\site-packages\django\db\models\fields\tuple_lookups.py first seen with mtime 1747644922.5929716
DEBUG 2025-06-06 15:59:13,912 autoreload 18716 17356 File C:\PROJECTS\NEXTJS-SPACE\Lib\site-packages\sqlparse\filters\others.py first seen with mtime 1747644912.9867616
DEBUG 2025-06-06 15:59:13,912 autoreload 18716 17356 File C:\PROJECTS\NEXTJS-SPACE\Lib\site-packages\django\template\backends\__init__.py first seen with mtime 1747644923.0927842
DEBUG 2025-06-06 15:59:13,912 autoreload 18716 17356 File C:\PROJECTS\NEXTJS-SPACE\Lib\site-packages\rest_framework_simplejwt\__init__.py first seen with mtime 1747645387.1108243
DEBUG 2025-06-06 15:59:13,912 autoreload 18716 17356 File C:\PROJECTS\NEXTJS-SPACE\Lib\site-packages\urllib3\response.py first seen with mtime 1747829987.2005188
DEBUG 2025-06-06 15:59:13,913 autoreload 18716 17356 File C:\Program Files\WindowsApps\PythonSoftwareFoundation.Python.3.12_3.12.2800.0_x64__qbz5n2kfra8p0\Lib\importlib\resources\_adapters.py first seen with mtime 1740483572.677636
DEBUG 2025-06-06 15:59:13,913 autoreload 18716 17356 File C:\PROJECTS\NEXTJS-SPACE\Lib\site-packages\amqp\platform.py first seen with mtime 1747904801.080175
DEBUG 2025-06-06 15:59:13,913 autoreload 18716 17356 File C:\Program Files\WindowsApps\PythonSoftwareFoundation.Python.3.12_3.12.2800.0_x64__qbz5n2kfra8p0\Lib\json\scanner.py first seen with mtime 1740483572.8378065
DEBUG 2025-06-06 15:59:13,913 autoreload 18716 17356 File C:\PROJECTS\NEXTJS-SPACE\Lib\site-packages\django\db\models\signals.py first seen with mtime 1747644922.5629826
DEBUG 2025-06-06 15:59:13,913 autoreload 18716 17356 File C:\PROJECTS\NEXTJS-SPACE\Lib\site-packages\django\db\models\sql\subqueries.py first seen with mtime 1747644922.6323845
DEBUG 2025-06-06 15:59:13,914 autoreload 18716 17356 File C:\PROJECTS\NEXTJS-SPACE\Lib\site-packages\django\contrib\postgres\validators.py first seen with mtime 1747644919.7199798
DEBUG 2025-06-06 15:59:13,914 autoreload 18716 17356 File C:\Program Files\WindowsApps\PythonSoftwareFoundation.Python.3.12_3.12.2800.0_x64__qbz5n2kfra8p0\Lib\encodings\utf_8.py first seen with mtime 1740483567.1750503
DEBUG 2025-06-06 15:59:13,914 autoreload 18716 17356 File C:\Program Files\WindowsApps\PythonSoftwareFoundation.Python.3.12_3.12.2800.0_x64__qbz5n2kfra8p0\DLLs\_asyncio.pyd first seen with mtime 1744180879.5855832
DEBUG 2025-06-06 15:59:13,914 autoreload 18716 17356 File C:\Program Files\WindowsApps\PythonSoftwareFoundation.Python.3.12_3.12.2800.0_x64__qbz5n2kfra8p0\Lib\ctypes\wintypes.py first seen with mtime 1740483566.142778
DEBUG 2025-06-06 15:59:13,914 autoreload 18716 17356 File C:\PROJECTS\NEXTJS-SPACE\Lib\site-packages\PIL\_deprecate.py first seen with mtime 1747645869.7741344
DEBUG 2025-06-06 15:59:13,915 autoreload 18716 17356 File C:\PROJECTS\NEXTJS-SPACE\Lib\site-packages\dateutil\tz\_factories.py first seen with mtime 1747904799.943918
DEBUG 2025-06-06 15:59:13,915 autoreload 18716 17356 File C:\PROJECTS\NEXTJS-SPACE\Lib\site-packages\billiard\process.py first seen with mtime 1747904799.1226354
DEBUG 2025-06-06 15:59:13,915 autoreload 18716 17356 File C:\PROJECTS\NEXTJS-SPACE\Lib\site-packages\django\db\models\lookups.py first seen with mtime 1747644922.5498374
DEBUG 2025-06-06 15:59:13,915 autoreload 18716 17356 File C:\Program Files\WindowsApps\PythonSoftwareFoundation.Python.3.12_3.12.2800.0_x64__qbz5n2kfra8p0\Lib\asyncio\base_futures.py first seen with mtime 1740483565.644843
DEBUG 2025-06-06 15:59:13,915 autoreload 18716 17356 File C:\PROJECTS\NEXTJS-SPACE\Lib\site-packages\django\db\backends\base\introspection.py first seen with mtime 1747644922.3464777
DEBUG 2025-06-06 15:59:13,915 autoreload 18716 17356 File C:\PROJECTS\NEXTJS-SPACE\Lib\site-packages\django_filters\compat.py first seen with mtime 1747652147.9561005
DEBUG 2025-06-06 15:59:13,915 autoreload 18716 17356 File C:\PROJECTS\NEXTJS-SPACE\Lib\site-packages\django_filters\rest_framework\__init__.py first seen with mtime 1747652148.0564146
DEBUG 2025-06-06 15:59:13,916 autoreload 18716 17356 File C:\PROJECTS\NEXTJS-SPACE\Lib\site-packages\dotenv\__init__.py first seen with mtime 1749218278.4429018
DEBUG 2025-06-06 15:59:13,916 autoreload 18716 17356 File C:\Program Files\WindowsApps\PythonSoftwareFoundation.Python.3.12_3.12.2800.0_x64__qbz5n2kfra8p0\Lib\concurrent\futures\_base.py first seen with mtime 1740483566.0733712
DEBUG 2025-06-06 15:59:13,916 autoreload 18716 17356 File C:\PROJECTS\NEXTJS-SPACE\Lib\site-packages\kombu\utils\encoding.py first seen with mtime 1747904801.7352805
DEBUG 2025-06-06 15:59:13,916 autoreload 18716 17356 File C:\PROJECTS\NEXTJS-SPACE\Lib\site-packages\django\contrib\auth\models.py first seen with mtime 1747644917.1075733
DEBUG 2025-06-06 15:59:13,916 autoreload 18716 17356 File C:\PROJECTS\NEXTJS-SPACE\Lib\site-packages\django\db\models\fields\proxy.py first seen with mtime 1747644922.5825086
DEBUG 2025-06-06 15:59:13,916 autoreload 18716 17356 File C:\Program Files\WindowsApps\PythonSoftwareFoundation.Python.3.12_3.12.2800.0_x64__qbz5n2kfra8p0\Lib\contextlib.py first seen with mtime 1740483566.105165
DEBUG 2025-06-06 15:59:13,916 autoreload 18716 17356 File C:\PROJECTS\NEXTJS-SPACE\Lib\site-packages\django\db\backends\base\__init__.py first seen with mtime 1747644922.3314016
DEBUG 2025-06-06 15:59:13,916 autoreload 18716 17356 File C:\PROJECTS\NEXTJS-SPACE\Lib\site-packages\numpy\_core\_dtype.py first seen with mtime 1747920843.8260176
DEBUG 2025-06-06 15:59:13,916 autoreload 18716 17356 File C:\Program Files\WindowsApps\PythonSoftwareFoundation.Python.3.12_3.12.2800.0_x64__qbz5n2kfra8p0\Lib\asyncio\base_events.py first seen with mtime 1744180881.9981682
DEBUG 2025-06-06 15:59:13,916 autoreload 18716 17356 File C:\PROJECTS\NEXTJS-SPACE\Lib\site-packages\celery\utils\abstract.py first seen with mtime 1747904804.15239
DEBUG 2025-06-06 15:59:13,916 autoreload 18716 17356 File C:\Program Files\WindowsApps\PythonSoftwareFoundation.Python.3.12_3.12.2800.0_x64__qbz5n2kfra8p0\Lib\xml\dom\domreg.py first seen with mtime 1740483584.5737312
DEBUG 2025-06-06 15:59:13,916 autoreload 18716 17356 File C:\PROJECTS\NEXTJS-SPACE\Lib\site-packages\numpy\_core\__init__.py first seen with mtime 1747920844.0575888
DEBUG 2025-06-06 15:59:13,916 autoreload 18716 17356 File C:\Program Files\WindowsApps\PythonSoftwareFoundation.Python.3.12_3.12.2800.0_x64__qbz5n2kfra8p0\Lib\email\mime\__init__.py first seen with mtime 1744180870.7917943
DEBUG 2025-06-06 15:59:13,916 autoreload 18716 17356 File C:\PROJECTS\backend\backend\__init__.py first seen with mtime 1747644735.6398065
DEBUG 2025-06-06 15:59:13,916 autoreload 18716 17356 File C:\PROJECTS\NEXTJS-SPACE\Lib\site-packages\django\utils\lorem_ipsum.py first seen with mtime 1747644923.3308866
DEBUG 2025-06-06 15:59:13,916 autoreload 18716 17356 File C:\PROJECTS\NEXTJS-SPACE\Lib\site-packages\six.py first seen with mtime 1747904794.9934123
DEBUG 2025-06-06 15:59:13,916 autoreload 18716 17356 File C:\PROJECTS\NEXTJS-SPACE\Lib\site-packages\rest_framework\utils\representation.py first seen with mtime 1747644938.3200116
DEBUG 2025-06-06 15:59:13,916 autoreload 18716 17356 File C:\PROJECTS\NEXTJS-SPACE\Lib\site-packages\django\core\files\storage\mixins.py first seen with mtime 1747644922.0773594
DEBUG 2025-06-06 15:59:13,916 autoreload 18716 17356 File C:\PROJECTS\NEXTJS-SPACE\Lib\site-packages\django\middleware\csrf.py first seen with mtime 1747644923.0116026
DEBUG 2025-06-06 15:59:13,920 autoreload 18716 17356 File C:\PROJECTS\NEXTJS-SPACE\Lib\site-packages\colorama\ansi.py first seen with mtime 1747904798.723582
DEBUG 2025-06-06 15:59:13,920 autoreload 18716 17356 File C:\PROJECTS\NEXTJS-SPACE\Lib\site-packages\charset_normalizer\cd.py first seen with mtime 1747829988.4373114
DEBUG 2025-06-06 15:59:13,920 autoreload 18716 17356 File C:\Program Files\WindowsApps\PythonSoftwareFoundation.Python.3.12_3.12.2800.0_x64__qbz5n2kfra8p0\Lib\argparse.py first seen with mtime 1740483565.6377354
DEBUG 2025-06-06 15:59:13,920 autoreload 18716 17356 File C:\PROJECTS\NEXTJS-SPACE\Lib\site-packages\django\views\generic\base.py first seen with mtime 1747644923.4624481
DEBUG 2025-06-06 15:59:13,920 autoreload 18716 17356 File C:\Program Files\WindowsApps\PythonSoftwareFoundation.Python.3.12_3.12.2800.0_x64__qbz5n2kfra8p0\Lib\gzip.py first seen with mtime 1744180886.152937
DEBUG 2025-06-06 15:59:13,920 autoreload 18716 17356 File C:\PROJECTS\NEXTJS-SPACE\Lib\site-packages\numpy\_core\function_base.py first seen with mtime 1747920843.6942053
DEBUG 2025-06-06 15:59:13,921 autoreload 18716 17356 File C:\PROJECTS\NEXTJS-SPACE\Lib\site-packages\amqp\basic_message.py first seen with mtime 1747904801.0569701
DEBUG 2025-06-06 15:59:13,921 autoreload 18716 17356 File C:\Program Files\WindowsApps\PythonSoftwareFoundation.Python.3.12_3.12.2800.0_x64__qbz5n2kfra8p0\Lib\threading.py first seen with mtime 1740483582.8259523
DEBUG 2025-06-06 15:59:13,921 autoreload 18716 17356 File C:\Program Files\WindowsApps\PythonSoftwareFoundation.Python.3.12_3.12.2800.0_x64__qbz5n2kfra8p0\Lib\logging\__init__.py first seen with mtime 1740483573.3904116
DEBUG 2025-06-06 15:59:13,921 autoreload 18716 17356 File C:\Program Files\WindowsApps\PythonSoftwareFoundation.Python.3.12_3.12.2800.0_x64__qbz5n2kfra8p0\Lib\weakref.py first seen with mtime 1740483584.4597056
DEBUG 2025-06-06 15:59:13,921 autoreload 18716 17356 File C:\PROJECTS\NEXTJS-SPACE\Lib\site-packages\django\contrib\contenttypes\models.py first seen with mtime 1747644917.5691319
DEBUG 2025-06-06 15:59:13,921 autoreload 18716 17356 File C:\PROJECTS\NEXTJS-SPACE\Lib\site-packages\numpy\_core\_string_helpers.py first seen with mtime 1747920844.008955
DEBUG 2025-06-06 15:59:13,921 autoreload 18716 17356 File C:\PROJECTS\NEXTJS-SPACE\Lib\site-packages\numpy\_typing\_dtype_like.py first seen with mtime 1747920844.7610686
DEBUG 2025-06-06 15:59:13,921 autoreload 18716 17356 File C:\PROJECTS\NEXTJS-SPACE\Lib\site-packages\django\core\wsgi.py first seen with mtime 1747644921.9083993
DEBUG 2025-06-06 15:59:13,921 autoreload 18716 17356 File C:\PROJECTS\NEXTJS-SPACE\Lib\site-packages\numpy\lib\_ufunclike_impl.py first seen with mtime 1747920841.9776194
DEBUG 2025-06-06 15:59:13,921 autoreload 18716 17356 File C:\PROJECTS\NEXTJS-SPACE\Lib\site-packages\django\contrib\sessions\middleware.py first seen with mtime 1747644920.6453304
DEBUG 2025-06-06 15:59:13,921 autoreload 18716 17356 File C:\PROJECTS\NEXTJS-SPACE\Lib\site-packages\dateutil\_version.py first seen with mtime 1747904799.887347
DEBUG 2025-06-06 15:59:13,922 autoreload 18716 17356 File C:\Program Files\WindowsApps\PythonSoftwareFoundation.Python.3.12_3.12.2800.0_x64__qbz5n2kfra8p0\Lib\dis.py first seen with mtime 1740483566.2321627
DEBUG 2025-06-06 15:59:13,922 autoreload 18716 17356 File C:\PROJECTS\NEXTJS-SPACE\Lib\site-packages\django\core\handlers\asgi.py first seen with mtime 1747644922.083425
DEBUG 2025-06-06 15:59:13,922 autoreload 18716 17356 File C:\PROJECTS\NEXTJS-SPACE\Lib\site-packages\django\contrib\contenttypes\management\__init__.py first seen with mtime 1747644917.921387
DEBUG 2025-06-06 15:59:13,922 autoreload 18716 17356 File C:\PROJECTS\NEXTJS-SPACE\Lib\site-packages\googlemaps\elevation.py first seen with mtime 1747905130.0890827
DEBUG 2025-06-06 15:59:13,922 autoreload 18716 17356 File C:\PROJECTS\NEXTJS-SPACE\Lib\site-packages\django\contrib\messages\constants.py first seen with mtime 1747644919.6799116
DEBUG 2025-06-06 15:59:13,922 autoreload 18716 17356 File C:\PROJECTS\NEXTJS-SPACE\Lib\site-packages\django\test\testcases.py first seen with mtime 1747644923.1610324
DEBUG 2025-06-06 15:59:13,923 autoreload 18716 17356 File C:\PROJECTS\NEXTJS-SPACE\Lib\site-packages\rest_framework\utils\serializer_helpers.py first seen with mtime 1747644938.3200116
DEBUG 2025-06-06 15:59:13,923 autoreload 18716 17356 File C:\PROJECTS\NEXTJS-SPACE\Lib\site-packages\django\db\backends\postgresql\creation.py first seen with mtime 1747644922.4445584
DEBUG 2025-06-06 15:59:13,923 autoreload 18716 17356 File C:\PROJECTS\NEXTJS-SPACE\Lib\site-packages\django\contrib\staticfiles\management\commands\runserver.py first seen with mtime 1747644921.8771658
DEBUG 2025-06-06 15:59:13,923 autoreload 18716 17356 File C:\PROJECTS\NEXTJS-SPACE\Lib\site-packages\celery\schedules.py first seen with mtime 1747904803.7824178
DEBUG 2025-06-06 15:59:13,923 autoreload 18716 17356 File C:\PROJECTS\NEXTJS-SPACE\Lib\site-packages\numpy\_globals.py first seen with mtime 1747920841.121303
DEBUG 2025-06-06 15:59:13,923 autoreload 18716 17356 File C:\PROJECTS\NEXTJS-SPACE\Lib\site-packages\click\formatting.py first seen with mtime 1747904800.5582037
DEBUG 2025-06-06 15:59:13,923 autoreload 18716 17356 File C:\PROJECTS\backend\api\services\google_places_service.py first seen with mtime 1748846457.8795283
DEBUG 2025-06-06 15:59:13,924 autoreload 18716 17356 File C:\Program Files\WindowsApps\PythonSoftwareFoundation.Python.3.12_3.12.2800.0_x64__qbz5n2kfra8p0\Lib\operator.py first seen with mtime 1740483574.5369787
DEBUG 2025-06-06 15:59:13,924 autoreload 18716 17356 File C:\PROJECTS\NEXTJS-SPACE\Lib\site-packages\django\contrib\auth\checks.py first seen with mtime 1747644917.059877
DEBUG 2025-06-06 15:59:13,924 autoreload 18716 17356 File C:\Program Files\WindowsApps\PythonSoftwareFoundation.Python.3.12_3.12.2800.0_x64__qbz5n2kfra8p0\Lib\_compat_pickle.py first seen with mtime 1740483586.1884243
DEBUG 2025-06-06 15:59:13,924 autoreload 18716 17356 File C:\PROJECTS\NEXTJS-SPACE\Lib\site-packages\django\urls\exceptions.py first seen with mtime 1747644923.1802518
DEBUG 2025-06-06 15:59:13,926 autoreload 18716 17356 File C:\PROJECTS\NEXTJS-SPACE\Lib\site-packages\rest_framework\settings.py first seen with mtime 1747644937.509096
DEBUG 2025-06-06 15:59:13,926 autoreload 18716 17356 File C:\PROJECTS\NEXTJS-SPACE\Lib\site-packages\idna\package_data.py first seen with mtime 1747829988.087778
DEBUG 2025-06-06 15:59:13,927 autoreload 18716 17356 File C:\PROJECTS\backend\manage.py first seen with mtime 1747644735.6002786
DEBUG 2025-06-06 15:59:13,927 autoreload 18716 17356 File C:\PROJECTS\NEXTJS-SPACE\Lib\site-packages\django\core\handlers\base.py first seen with mtime 1747644922.085444
DEBUG 2025-06-06 15:59:13,927 autoreload 18716 17356 File C:\PROJECTS\NEXTJS-SPACE\Lib\site-packages\requests\exceptions.py first seen with mtime 1747829988.8579268
DEBUG 2025-06-06 15:59:13,927 autoreload 18716 17356 File C:\Program Files\WindowsApps\PythonSoftwareFoundation.Python.3.12_3.12.2800.0_x64__qbz5n2kfra8p0\Lib\fnmatch.py first seen with mtime 1740483568.777008
DEBUG 2025-06-06 15:59:13,928 autoreload 18716 17356 File C:\PROJECTS\NEXTJS-SPACE\Lib\site-packages\django\utils\timezone.py first seen with mtime 1747644923.3699162
DEBUG 2025-06-06 15:59:13,928 autoreload 18716 17356 File C:\Program Files\WindowsApps\PythonSoftwareFoundation.Python.3.12_3.12.2800.0_x64__qbz5n2kfra8p0\Lib\socketserver.py first seen with mtime 1740483582.76218
DEBUG 2025-06-06 15:59:13,928 autoreload 18716 17356 File C:\Program Files\WindowsApps\PythonSoftwareFoundation.Python.3.12_3.12.2800.0_x64__qbz5n2kfra8p0\Lib\signal.py first seen with mtime 1740483574.816684
DEBUG 2025-06-06 15:59:13,928 autoreload 18716 17356 File C:\PROJECTS\NEXTJS-SPACE\Lib\site-packages\django_filters\filters.py first seen with mtime 1747652147.9732156
DEBUG 2025-06-06 15:59:13,929 autoreload 18716 17356 File C:\Program Files\WindowsApps\PythonSoftwareFoundation.Python.3.12_3.12.2800.0_x64__qbz5n2kfra8p0\Lib\urllib\__init__.py first seen with mtime 1744180872.5821161
DEBUG 2025-06-06 15:59:13,929 autoreload 18716 17356 File C:\PROJECTS\NEXTJS-SPACE\Lib\site-packages\django\contrib\contenttypes\__init__.py first seen with mtime 1747644917.5545144
DEBUG 2025-06-06 15:59:13,929 autoreload 18716 17356 File C:\Program Files\WindowsApps\PythonSoftwareFoundation.Python.3.12_3.12.2800.0_x64__qbz5n2kfra8p0\Lib\asyncio\exceptions.py first seen with mtime 1740483565.644843
DEBUG 2025-06-06 15:59:13,929 autoreload 18716 17356 File C:\PROJECTS\NEXTJS-SPACE\Lib\site-packages\numpy\lib\_scimath_impl.py first seen with mtime 1747920841.957713
DEBUG 2025-06-06 15:59:13,929 autoreload 18716 17356 File C:\PROJECTS\NEXTJS-SPACE\Lib\site-packages\django_filters\constants.py first seen with mtime 1747652147.965079
DEBUG 2025-06-06 15:59:13,929 autoreload 18716 17356 File C:\PROJECTS\NEXTJS-SPACE\Lib\site-packages\django\__init__.py first seen with mtime 1747644914.07047
DEBUG 2025-06-06 15:59:13,930 autoreload 18716 17356 File C:\PROJECTS\NEXTJS-SPACE\Lib\site-packages\django\contrib\admin\templatetags\__init__.py first seen with mtime 1747644916.5066104
DEBUG 2025-06-06 15:59:13,930 autoreload 18716 17356 File C:\PROJECTS\NEXTJS-SPACE\Lib\site-packages\idna\core.py first seen with mtime 1747829988.0792391
DEBUG 2025-06-06 15:59:13,930 autoreload 18716 17356 File C:\PROJECTS\NEXTJS-SPACE\Lib\site-packages\rest_framework\schemas\generators.py first seen with mtime 1747644937.8540077
DEBUG 2025-06-06 15:59:13,930 autoreload 18716 17356 File C:\PROJECTS\backend\api\services\fuel_price_service.py first seen with mtime 1748846799.0075247
DEBUG 2025-06-06 15:59:13,930 autoreload 18716 17356 File C:\Program Files\WindowsApps\PythonSoftwareFoundation.Python.3.12_3.12.2800.0_x64__qbz5n2kfra8p0\Lib\re\_compiler.py first seen with mtime 1740483574.7210593
DEBUG 2025-06-06 15:59:13,931 autoreload 18716 17356 File C:\Program Files\WindowsApps\PythonSoftwareFoundation.Python.3.12_3.12.2800.0_x64__qbz5n2kfra8p0\DLLs\_ssl.pyd first seen with mtime 1744180881.7755158
DEBUG 2025-06-06 15:59:13,931 autoreload 18716 17356 File C:\PROJECTS\NEXTJS-SPACE\Lib\site-packages\django\contrib\auth\views.py first seen with mtime 1747644917.1168468
DEBUG 2025-06-06 15:59:13,931 autoreload 18716 17356 File C:\PROJECTS\backend\api\urls.py first seen with mtime 1749131947.7177036
DEBUG 2025-06-06 15:59:13,931 autoreload 18716 17356 File C:\PROJECTS\NEXTJS-SPACE\Lib\site-packages\django\db\models\fields\__init__.py first seen with mtime 1747644922.5698588
DEBUG 2025-06-06 15:59:13,931 autoreload 18716 17356 File C:\PROJECTS\NEXTJS-SPACE\Lib\site-packages\requests\__version__.py first seen with mtime 1747829988.8248188
DEBUG 2025-06-06 15:59:13,932 autoreload 18716 17356 File C:\PROJECTS\NEXTJS-SPACE\Lib\site-packages\django\db\models\fields\related_descriptors.py first seen with mtime 1747644922.5897748
DEBUG 2025-06-06 15:59:13,933 autoreload 18716 17356 File C:\PROJECTS\NEXTJS-SPACE\Lib\site-packages\django\core\files\uploadedfile.py first seen with mtime 1747644922.040177
DEBUG 2025-06-06 15:59:13,933 autoreload 18716 17356 File C:\PROJECTS\NEXTJS-SPACE\Lib\site-packages\googlemaps\places.py first seen with mtime 1747905130.0993192
DEBUG 2025-06-06 15:59:13,933 autoreload 18716 17356 File C:\PROJECTS\NEXTJS-SPACE\Lib\site-packages\amqp\serialization.py first seen with mtime 1747904801.091228
DEBUG 2025-06-06 15:59:13,933 autoreload 18716 17356 File C:\PROJECTS\NEXTJS-SPACE\Lib\site-packages\sqlparse\engine\filter_stack.py first seen with mtime 1747644912.970018
DEBUG 2025-06-06 15:59:13,933 autoreload 18716 17356 File C:\PROJECTS\NEXTJS-SPACE\Lib\site-packages\django\template\loader.py first seen with mtime 1747644923.0800695
DEBUG 2025-06-06 15:59:13,934 autoreload 18716 17356 File C:\Program Files\WindowsApps\PythonSoftwareFoundation.Python.3.12_3.12.2800.0_x64__qbz5n2kfra8p0\Lib\logging\config.py first seen with mtime 1740483573.374549
DEBUG 2025-06-06 15:59:13,934 autoreload 18716 17356 File C:\Program Files\WindowsApps\PythonSoftwareFoundation.Python.3.12_3.12.2800.0_x64__qbz5n2kfra8p0\Lib\unittest\__init__.py first seen with mtime 1740483584.2260406
DEBUG 2025-06-06 15:59:13,934 autoreload 18716 17356 File C:\PROJECTS\NEXTJS-SPACE\Lib\site-packages\django\db\models\functions\mixins.py first seen with mtime 1747644922.60995
DEBUG 2025-06-06 15:59:13,935 autoreload 18716 17356 File C:\Program Files\WindowsApps\PythonSoftwareFoundation.Python.3.12_3.12.2800.0_x64__qbz5n2kfra8p0\Lib\importlib\resources\_itertools.py first seen with mtime 1740483572.691443
DEBUG 2025-06-06 15:59:13,935 autoreload 18716 17356 File C:\PROJECTS\NEXTJS-SPACE\Lib\site-packages\numpy\_core\getlimits.py first seen with mtime 1747920843.7138762
DEBUG 2025-06-06 15:59:13,935 autoreload 18716 17356 File C:\PROJECTS\NEXTJS-SPACE\Lib\site-packages\click\decorators.py first seen with mtime 1747904800.5449247
DEBUG 2025-06-06 15:59:13,935 autoreload 18716 17356 File C:\PROJECTS\NEXTJS-SPACE\Lib\site-packages\requests\packages.py first seen with mtime 1747829988.8673766
DEBUG 2025-06-06 15:59:13,935 autoreload 18716 17356 File C:\Program Files\WindowsApps\PythonSoftwareFoundation.Python.3.12_3.12.2800.0_x64__qbz5n2kfra8p0\Lib\pkgutil.py first seen with mtime 1740483574.5622914
DEBUG 2025-06-06 15:59:13,935 autoreload 18716 17356 File C:\PROJECTS\NEXTJS-SPACE\Lib\site-packages\rest_framework_simplejwt\tokens.py first seen with mtime 1747645387.131644
DEBUG 2025-06-06 15:59:13,935 autoreload 18716 17356 File C:\PROJECTS\NEXTJS-SPACE\Lib\site-packages\django\contrib\admin\views\autocomplete.py first seen with mtime 1747644916.5197713
DEBUG 2025-06-06 15:59:13,936 autoreload 18716 17356 File C:\PROJECTS\NEXTJS-SPACE\Lib\site-packages\numpy\_core\_exceptions.py first seen with mtime 1747920843.8376648
DEBUG 2025-06-06 15:59:13,936 autoreload 18716 17356 File C:\PROJECTS\NEXTJS-SPACE\Lib\site-packages\django\core\management\base.py first seen with mtime 1747644922.1343298
DEBUG 2025-06-06 15:59:13,936 autoreload 18716 17356 File C:\Program Files\WindowsApps\PythonSoftwareFoundation.Python.3.12_3.12.2800.0_x64__qbz5n2kfra8p0\Lib\email\parser.py first seen with mtime 1740483566.8440988
DEBUG 2025-06-06 15:59:13,936 autoreload 18716 17356 File C:\PROJECTS\NEXTJS-SPACE\Lib\site-packages\urllib3\util\util.py first seen with mtime 1747829987.2841291
DEBUG 2025-06-06 15:59:13,936 autoreload 18716 17356 File C:\Program Files\WindowsApps\PythonSoftwareFoundation.Python.3.12_3.12.2800.0_x64__qbz5n2kfra8p0\Lib\email\contentmanager.py first seen with mtime 1740483566.263892
DEBUG 2025-06-06 15:59:13,936 autoreload 18716 17356 File C:\PROJECTS\NEXTJS-SPACE\Lib\site-packages\rest_framework\checks.py first seen with mtime 1747644937.4123027
DEBUG 2025-06-06 15:59:13,936 autoreload 18716 17356 File C:\PROJECTS\NEXTJS-SPACE\Lib\site-packages\rest_framework\templatetags\rest_framework.py first seen with mtime 1747644938.2854898
DEBUG 2025-06-06 15:59:13,937 autoreload 18716 17356 File C:\PROJECTS\NEXTJS-SPACE\Lib\site-packages\numpy\_core\overrides.py first seen with mtime 1747920843.7595768
DEBUG 2025-06-06 15:59:13,937 autoreload 18716 17356 File C:\PROJECTS\NEXTJS-SPACE\Lib\site-packages\django\contrib\messages\apps.py first seen with mtime 1747644919.6799116
DEBUG 2025-06-06 15:59:13,937 autoreload 18716 17356 File C:\PROJECTS\NEXTJS-SPACE\Lib\site-packages\soupsieve\__init__.py first seen with mtime 1747906829.0279214
DEBUG 2025-06-06 15:59:13,937 autoreload 18716 17356 File C:\PROJECTS\NEXTJS-SPACE\Lib\site-packages\rest_framework\filters.py first seen with mtime 1747644937.4430974
DEBUG 2025-06-06 15:59:13,937 autoreload 18716 17356 File C:\PROJECTS\NEXTJS-SPACE\Lib\site-packages\django\db\migrations\operations\fields.py first seen with mtime 1747644922.51978
DEBUG 2025-06-06 15:59:13,937 autoreload 18716 17356 File C:\PROJECTS\NEXTJS-SPACE\Lib\site-packages\sqlparse\filters\right_margin.py first seen with mtime 1747644912.9940095
DEBUG 2025-06-06 15:59:13,937 autoreload 18716 17356 File C:\PROJECTS\NEXTJS-SPACE\Lib\site-packages\django\template\autoreload.py first seen with mtime 1747644923.039978
DEBUG 2025-06-06 15:59:13,938 autoreload 18716 17356 File C:\PROJECTS\NEXTJS-SPACE\Lib\site-packages\django\db\models\indexes.py first seen with mtime 1747644922.5498374
DEBUG 2025-06-06 15:59:13,938 autoreload 18716 17356 File C:\PROJECTS\NEXTJS-SPACE\Lib\site-packages\googlemaps\roads.py first seen with mtime 1747905130.1105685
DEBUG 2025-06-06 15:59:13,938 autoreload 18716 17356 File C:\Program Files\WindowsApps\PythonSoftwareFoundation.Python.3.12_3.12.2800.0_x64__qbz5n2kfra8p0\Lib\encodings\aliases.py first seen with mtime 1740483567.0168428
DEBUG 2025-06-06 15:59:13,938 autoreload 18716 17356 File C:\PROJECTS\NEXTJS-SPACE\Lib\site-packages\django_filters\rest_framework\backends.py first seen with mtime 1747652148.0564146
DEBUG 2025-06-06 15:59:13,938 autoreload 18716 17356 File C:\PROJECTS\NEXTJS-SPACE\Lib\site-packages\amqp\spec.py first seen with mtime 1747904801.0944557
DEBUG 2025-06-06 15:59:13,938 autoreload 18716 17356 File C:\PROJECTS\NEXTJS-SPACE\Lib\site-packages\requests\utils.py first seen with mtime 1747829988.8905883
DEBUG 2025-06-06 15:59:13,938 autoreload 18716 17356 File C:\PROJECTS\backend\api\views.py first seen with mtime 1749134646.6351953
DEBUG 2025-06-06 15:59:13,938 autoreload 18716 17356 File C:\PROJECTS\NEXTJS-SPACE\Lib\site-packages\django\db\backends\postgresql\introspection.py first seen with mtime 1747644922.4504044
DEBUG 2025-06-06 15:59:13,938 autoreload 18716 17356 File C:\PROJECTS\NEXTJS-SPACE\Lib\site-packages\googlemaps\__init__.py first seen with mtime 1747905130.0692823
DEBUG 2025-06-06 15:59:13,938 autoreload 18716 17356 File C:\PROJECTS\NEXTJS-SPACE\Lib\site-packages\django\utils\dates.py first seen with mtime 1747644923.2612617
DEBUG 2025-06-06 15:59:13,938 autoreload 18716 17356 File C:\PROJECTS\NEXTJS-SPACE\Lib\site-packages\kombu\utils\uuid.py first seen with mtime 1747904801.7714796
DEBUG 2025-06-06 15:59:13,940 autoreload 18716 17356 File C:\PROJECTS\NEXTJS-SPACE\Lib\site-packages\numpy\lib\npyio.py first seen with mtime 1747920841.8348904
DEBUG 2025-06-06 15:59:13,940 autoreload 18716 17356 File C:\PROJECTS\NEXTJS-SPACE\Lib\site-packages\numpy\_pytesttester.py first seen with mtime 1747920841.1276224
DEBUG 2025-06-06 15:59:13,940 autoreload 18716 17356 File C:\PROJECTS\NEXTJS-SPACE\Lib\site-packages\urllib3\http2\__init__.py first seen with mtime 1747829987.242428
DEBUG 2025-06-06 15:59:13,940 autoreload 18716 17356 File C:\PROJECTS\NEXTJS-SPACE\Lib\site-packages\billiard\__init__.py first seen with mtime 1747904799.0390742
DEBUG 2025-06-06 15:59:13,940 autoreload 18716 17356 File C:\PROJECTS\NEXTJS-SPACE\Lib\site-packages\django\views\decorators\__init__.py first seen with mtime 1747644923.4329424
DEBUG 2025-06-06 15:59:13,940 autoreload 18716 17356 File C:\PROJECTS\NEXTJS-SPACE\Lib\site-packages\rest_framework\utils\breadcrumbs.py first seen with mtime 1747644938.2903135
DEBUG 2025-06-06 15:59:13,940 autoreload 18716 17356 File C:\Program Files\WindowsApps\PythonSoftwareFoundation.Python.3.12_3.12.2800.0_x64__qbz5n2kfra8p0\Lib\asyncio\format_helpers.py first seen with mtime 1740483565.644843
DEBUG 2025-06-06 15:59:13,941 autoreload 18716 17356 File C:\PROJECTS\NEXTJS-SPACE\Lib\site-packages\click\_compat.py first seen with mtime 1747904800.519089
DEBUG 2025-06-06 15:59:13,941 autoreload 18716 17356 File C:\PROJECTS\NEXTJS-SPACE\Lib\site-packages\rest_framework_simplejwt\models.py first seen with mtime 1747645387.1201217
DEBUG 2025-06-06 15:59:13,941 autoreload 18716 17356 File C:\PROJECTS\NEXTJS-SPACE\Lib\site-packages\django\contrib\staticfiles\__init__.py first seen with mtime 1747644921.8305576
DEBUG 2025-06-06 15:59:13,941 autoreload 18716 17356 File C:\PROJECTS\NEXTJS-SPACE\Lib\site-packages\django\core\files\storage\handler.py first seen with mtime 1747644922.0684752
DEBUG 2025-06-06 15:59:13,941 autoreload 18716 17356 File C:\PROJECTS\NEXTJS-SPACE\Lib\site-packages\rest_framework\utils\model_meta.py first seen with mtime 1747644938.3164456
DEBUG 2025-06-06 15:59:13,941 autoreload 18716 17356 File C:\PROJECTS\NEXTJS-SPACE\Lib\site-packages\django\core\cache\utils.py first seen with mtime 1747644921.9198298
DEBUG 2025-06-06 15:59:13,941 autoreload 18716 17356 File C:\PROJECTS\NEXTJS-SPACE\Lib\site-packages\django\utils\log.py first seen with mtime 1747644923.3308866
DEBUG 2025-06-06 15:59:13,941 autoreload 18716 17356 File C:\PROJECTS\NEXTJS-SPACE\Lib\site-packages\django\conf\urls\__init__.py first seen with mtime 1747644914.930194
DEBUG 2025-06-06 15:59:13,941 autoreload 18716 17356 File C:\Program Files\WindowsApps\PythonSoftwareFoundation.Python.3.12_3.12.2800.0_x64__qbz5n2kfra8p0\Lib\uuid.py first seen with mtime 1740483584.380378
DEBUG 2025-06-06 15:59:13,943 autoreload 18716 17356 File C:\PROJECTS\NEXTJS-SPACE\Lib\site-packages\rest_framework_simplejwt\token_blacklist\models.py first seen with mtime 1747645387.2762032
DEBUG 2025-06-06 15:59:13,943 autoreload 18716 17356 File C:\PROJECTS\NEXTJS-SPACE\Lib\site-packages\django\views\decorators\http.py first seen with mtime 1747644923.450076
DEBUG 2025-06-06 15:59:13,943 autoreload 18716 17356 File C:\PROJECTS\NEXTJS-SPACE\Lib\site-packages\PIL\_imaging.cp312-win_amd64.pyd first seen with mtime 1747645869.7953527
DEBUG 2025-06-06 15:59:13,943 autoreload 18716 17356 File C:\Program Files\WindowsApps\PythonSoftwareFoundation.Python.3.12_3.12.2800.0_x64__qbz5n2kfra8p0\Lib\email\mime\multipart.py first seen with mtime 1740483566.821011
DEBUG 2025-06-06 15:59:13,944 autoreload 18716 17356 File C:\PROJECTS\NEXTJS-SPACE\Lib\site-packages\django\contrib\postgres\fields\jsonb.py first seen with mtime 1747644919.739993
DEBUG 2025-06-06 15:59:13,944 autoreload 18716 17356 File C:\Program Files\WindowsApps\PythonSoftwareFoundation.Python.3.12_3.12.2800.0_x64__qbz5n2kfra8p0\Lib\json\decoder.py first seen with mtime 1740483572.8378065
DEBUG 2025-06-06 15:59:13,944 autoreload 18716 17356 File C:\PROJECTS\NEXTJS-SPACE\Lib\site-packages\django\core\serializers\base.py first seen with mtime 1747644922.285083
DEBUG 2025-06-06 15:59:13,944 autoreload 18716 17356 File C:\PROJECTS\NEXTJS-SPACE\Lib\site-packages\rest_framework\urls.py first seen with mtime 1747644937.5314763
DEBUG 2025-06-06 15:59:13,944 autoreload 18716 17356 File C:\Program Files\WindowsApps\PythonSoftwareFoundation.Python.3.12_3.12.2800.0_x64__qbz5n2kfra8p0\Lib\xml\dom\xmlbuilder.py first seen with mtime 1740483584.593264
DEBUG 2025-06-06 15:59:13,944 autoreload 18716 17356 File C:\PROJECTS\NEXTJS-SPACE\Lib\site-packages\amqp\utils.py first seen with mtime 1747904801.1078608
DEBUG 2025-06-06 15:59:13,944 autoreload 18716 17356 File C:\PROJECTS\NEXTJS-SPACE\Lib\site-packages\soupsieve\css_parser.py first seen with mtime 1747906829.0397365
DEBUG 2025-06-06 15:59:13,944 autoreload 18716 17356 File C:\PROJECTS\NEXTJS-SPACE\Lib\site-packages\django\contrib\auth\__init__.py first seen with mtime 1747644917.0500927
DEBUG 2025-06-06 15:59:13,944 autoreload 18716 17356 File C:\PROJECTS\NEXTJS-SPACE\Lib\site-packages\amqp\abstract_channel.py first seen with mtime 1747904801.0512805
DEBUG 2025-06-06 15:59:13,944 autoreload 18716 17356 File C:\PROJECTS\NEXTJS-SPACE\Lib\site-packages\urllib3\util\ssltransport.py first seen with mtime 1747829987.2841291
DEBUG 2025-06-06 15:59:13,944 autoreload 18716 17356 File C:\PROJECTS\NEXTJS-SPACE\Lib\site-packages\django\db\backends\postgresql\compiler.py first seen with mtime 1747644922.4423754
DEBUG 2025-06-06 15:59:13,944 autoreload 18716 17356 File C:\PROJECTS\NEXTJS-SPACE\Lib\site-packages\numpy\_typing\_char_codes.py first seen with mtime 1747920844.7516959
DEBUG 2025-06-06 15:59:13,944 autoreload 18716 17356 File C:\Program Files\WindowsApps\PythonSoftwareFoundation.Python.3.12_3.12.2800.0_x64__qbz5n2kfra8p0\Lib\asyncio\transports.py first seen with mtime 1740483565.6841817
DEBUG 2025-06-06 15:59:13,944 autoreload 18716 17356 File C:\PROJECTS\NEXTJS-SPACE\Lib\site-packages\numpy\lib\_twodim_base_impl.py first seen with mtime 1747920841.9721055
DEBUG 2025-06-06 15:59:13,944 autoreload 18716 17356 File C:\PROJECTS\NEXTJS-SPACE\Lib\site-packages\django\db\backends\base\client.py first seen with mtime 1747644922.3378766
DEBUG 2025-06-06 15:59:13,944 autoreload 18716 17356 File C:\Program Files\WindowsApps\PythonSoftwareFoundation.Python.3.12_3.12.2800.0_x64__qbz5n2kfra8p0\Lib\http\server.py first seen with mtime 1744180886.1588192
DEBUG 2025-06-06 15:59:13,944 autoreload 18716 17356 File C:\PROJECTS\NEXTJS-SPACE\Lib\site-packages\rest_framework\negotiation.py first seen with mtime 1747644937.4630532
DEBUG 2025-06-06 15:59:13,944 autoreload 18716 17356 File C:\PROJECTS\NEXTJS-SPACE\Lib\site-packages\psycopg2\_psycopg.cp312-win_amd64.pyd first seen with mtime 1747644913.5002007
DEBUG 2025-06-06 15:59:13,944 autoreload 18716 17356 File C:\PROJECTS\NEXTJS-SPACE\Lib\site-packages\django\templatetags\__init__.py first seen with mtime 1747644923.1303055
DEBUG 2025-06-06 15:59:13,944 autoreload 18716 17356 File C:\Program Files\WindowsApps\PythonSoftwareFoundation.Python.3.12_3.12.2800.0_x64__qbz5n2kfra8p0\Lib\email\generator.py first seen with mtime 1740483566.8078127
DEBUG 2025-06-06 15:59:13,944 autoreload 18716 17356 File C:\PROJECTS\NEXTJS-SPACE\Lib\site-packages\django\core\management\commands\__init__.py first seen with mtime 1747644922.1553662
DEBUG 2025-06-06 15:59:13,944 autoreload 18716 17356 File C:\PROJECTS\NEXTJS-SPACE\Lib\site-packages\rest_framework\utils\timezone.py first seen with mtime 1747644938.327694
DEBUG 2025-06-06 15:59:13,944 autoreload 18716 17356 File C:\PROJECTS\NEXTJS-SPACE\Lib\site-packages\django\urls\__init__.py first seen with mtime 1747644923.1702359
DEBUG 2025-06-06 15:59:13,944 autoreload 18716 17356 File C:\PROJECTS\NEXTJS-SPACE\Lib\site-packages\celery\app\builtins.py first seen with mtime 1747904803.8059847
DEBUG 2025-06-06 15:59:13,944 autoreload 18716 17356 File C:\PROJECTS\NEXTJS-SPACE\Lib\site-packages\django\contrib\sites\__init__.py first seen with mtime 1747644921.2312891
DEBUG 2025-06-06 15:59:13,944 autoreload 18716 17356 File C:\PROJECTS\NEXTJS-SPACE\Lib\site-packages\django\contrib\postgres\utils.py first seen with mtime 1747644919.7199798
DEBUG 2025-06-06 15:59:13,944 autoreload 18716 17356 File C:\Program Files\WindowsApps\PythonSoftwareFoundation.Python.3.12_3.12.2800.0_x64__qbz5n2kfra8p0\Lib\types.py first seen with mtime 1740483584.1941452
DEBUG 2025-06-06 15:59:13,944 autoreload 18716 17356 File C:\Program Files\WindowsApps\PythonSoftwareFoundation.Python.3.12_3.12.2800.0_x64__qbz5n2kfra8p0\Lib\email\_header_value_parser.py first seen with mtime 1744180882.0828109
DEBUG 2025-06-06 15:59:13,944 autoreload 18716 17356 File C:\Program Files\WindowsApps\PythonSoftwareFoundation.Python.3.12_3.12.2800.0_x64__qbz5n2kfra8p0\Lib\__future__.py first seen with mtime 1740483586.2516484
DEBUG 2025-06-06 15:59:13,944 autoreload 18716 17356 File C:\PROJECTS\NEXTJS-SPACE\Lib\site-packages\django\forms\utils.py first seen with mtime 1747644922.6701217
DEBUG 2025-06-06 15:59:13,944 autoreload 18716 17356 File C:\PROJECTS\NEXTJS-SPACE\Lib\site-packages\django\contrib\auth\management\__init__.py first seen with mtime 1747644917.484395
DEBUG 2025-06-06 15:59:13,950 autoreload 18716 17356 File C:\PROJECTS\NEXTJS-SPACE\Lib\site-packages\rest_framework\schemas\openapi.py first seen with mtime 1747644937.862891
DEBUG 2025-06-06 15:59:13,950 autoreload 18716 17356 File C:\PROJECTS\NEXTJS-SPACE\Lib\site-packages\django\core\checks\caches.py first seen with mtime 1747644921.9735992
DEBUG 2025-06-06 15:59:13,950 autoreload 18716 17356 File C:\PROJECTS\NEXTJS-SPACE\Lib\site-packages\celery\utils\time.py first seen with mtime 1747904804.2031822
DEBUG 2025-06-06 15:59:13,950 autoreload 18716 17356 File C:\PROJECTS\NEXTJS-SPACE\Lib\site-packages\requests\adapters.py first seen with mtime 1747829988.8321493
DEBUG 2025-06-06 15:59:13,950 autoreload 18716 17356 File C:\Program Files\WindowsApps\PythonSoftwareFoundation.Python.3.12_3.12.2800.0_x64__qbz5n2kfra8p0\Lib\email\policy.py first seen with mtime 1740483566.8440988
DEBUG 2025-06-06 15:59:13,950 autoreload 18716 17356 File C:\PROJECTS\NEXTJS-SPACE\Lib\site-packages\numpy\_core\_asarray.py first seen with mtime 1747920843.82003
DEBUG 2025-06-06 15:59:13,950 autoreload 18716 17356 File C:\PROJECTS\NEXTJS-SPACE\Lib\site-packages\urllib3\util\ssl_match_hostname.py first seen with mtime 1747829987.2830522
DEBUG 2025-06-06 15:59:13,950 autoreload 18716 17356 File C:\PROJECTS\NEXTJS-SPACE\Lib\site-packages\django\db\models\options.py first seen with mtime 1747644922.5498374
DEBUG 2025-06-06 15:59:13,951 autoreload 18716 17356 File C:\PROJECTS\NEXTJS-SPACE\Lib\site-packages\dateutil\parser\__init__.py first seen with mtime 1747904799.9202166
DEBUG 2025-06-06 15:59:13,951 autoreload 18716 17356 File C:\Program Files\WindowsApps\PythonSoftwareFoundation.Python.3.12_3.12.2800.0_x64__qbz5n2kfra8p0\Lib\email\mime\message.py first seen with mtime 1740483566.820193
DEBUG 2025-06-06 15:59:13,951 autoreload 18716 17356 File C:\PROJECTS\NEXTJS-SPACE\Lib\site-packages\celery\app\base.py first seen with mtime 1747904803.8035185
DEBUG 2025-06-06 15:59:13,951 autoreload 18716 17356 File C:\PROJECTS\NEXTJS-SPACE\Lib\site-packages\rest_framework\request.py first seen with mtime 1747644937.479931
DEBUG 2025-06-06 15:59:13,951 autoreload 18716 17356 File C:\PROJECTS\NEXTJS-SPACE\Lib\site-packages\django\contrib\staticfiles\utils.py first seen with mtime 1747644921.860219
DEBUG 2025-06-06 15:59:13,951 autoreload 18716 17356 File C:\PROJECTS\NEXTJS-SPACE\Lib\site-packages\rest_framework_simplejwt\utils.py first seen with mtime 1747645387.1344793
DEBUG 2025-06-06 15:59:13,951 autoreload 18716 17356 File C:\PROJECTS\NEXTJS-SPACE\Lib\site-packages\sqlparse\tokens.py first seen with mtime 1747644912.9599767
DEBUG 2025-06-06 15:59:13,951 autoreload 18716 17356 File C:\PROJECTS\NEXTJS-SPACE\Lib\site-packages\numpy\_typing\_ufunc.py first seen with mtime 1747920844.7977104
DEBUG 2025-06-06 15:59:13,951 autoreload 18716 17356 File C:\Program Files\WindowsApps\PythonSoftwareFoundation.Python.3.12_3.12.2800.0_x64__qbz5n2kfra8p0\Lib\re\__init__.py first seen with mtime 1740483574.7370086
DEBUG 2025-06-06 15:59:13,951 autoreload 18716 17356 File C:\PROJECTS\NEXTJS-SPACE\Lib\site-packages\PIL\_typing.py first seen with mtime 1747645869.8503077
DEBUG 2025-06-06 15:59:13,951 autoreload 18716 17356 File C:\PROJECTS\NEXTJS-SPACE\Lib\site-packages\django\contrib\admin\templatetags\base.py first seen with mtime 1747644916.5164115
DEBUG 2025-06-06 15:59:13,952 autoreload 18716 17356 File C:\PROJECTS\NEXTJS-SPACE\Lib\site-packages\django\db\models\utils.py first seen with mtime 1747644922.5629826
DEBUG 2025-06-06 15:59:13,952 autoreload 18716 17356 File C:\PROJECTS\NEXTJS-SPACE\Lib\site-packages\rest_framework\viewsets.py first seen with mtime 1747644937.5482993
DEBUG 2025-06-06 15:59:13,952 autoreload 18716 17356 File C:\PROJECTS\NEXTJS-SPACE\Lib\site-packages\charset_normalizer\utils.py first seen with mtime 1747829988.4594154
DEBUG 2025-06-06 15:59:13,952 autoreload 18716 17356 File C:\PROJECTS\NEXTJS-SPACE\Lib\site-packages\django\templatetags\i18n.py first seen with mtime 1747644923.1303055
DEBUG 2025-06-06 15:59:13,952 autoreload 18716 17356 File C:\PROJECTS\NEXTJS-SPACE\Lib\site-packages\django\test\utils.py first seen with mtime 1747644923.1610324
DEBUG 2025-06-06 15:59:13,952 autoreload 18716 17356 File C:\PROJECTS\NEXTJS-SPACE\Lib\site-packages\django\contrib\staticfiles\views.py first seen with mtime 1747644921.862403
DEBUG 2025-06-06 15:59:13,953 autoreload 18716 17356 File C:\PROJECTS\NEXTJS-SPACE\Lib\site-packages\idna\idnadata.py first seen with mtime 1747829988.0829127
DEBUG 2025-06-06 15:59:13,953 autoreload 18716 17356 File C:\PROJECTS\NEXTJS-SPACE\Lib\site-packages\asgiref\current_thread_executor.py first seen with mtime 1747644913.8177245
DEBUG 2025-06-06 15:59:13,953 autoreload 18716 17356 File C:\PROJECTS\NEXTJS-SPACE\Lib\site-packages\django\http\cookie.py first seen with mtime 1747644922.9857583
DEBUG 2025-06-06 15:59:13,953 autoreload 18716 17356 File C:\PROJECTS\NEXTJS-SPACE\Lib\site-packages\django\core\checks\database.py first seen with mtime 1747644921.97913
DEBUG 2025-06-06 15:59:13,953 autoreload 18716 17356 File C:\PROJECTS\NEXTJS-SPACE\Lib\site-packages\celery\utils\collections.py first seen with mtime 1747904804.1568487
DEBUG 2025-06-06 15:59:13,953 autoreload 18716 17356 File C:\PROJECTS\NEXTJS-SPACE\Lib\site-packages\django\template\library.py first seen with mtime 1747644923.0780528
DEBUG 2025-06-06 15:59:13,953 autoreload 18716 17356 File C:\PROJECTS\NEXTJS-SPACE\Lib\site-packages\rest_framework\apps.py first seen with mtime 1747644937.4083002
DEBUG 2025-06-06 15:59:13,954 autoreload 18716 17356 File C:\Program Files\WindowsApps\PythonSoftwareFoundation.Python.3.12_3.12.2800.0_x64__qbz5n2kfra8p0\Lib\xml\dom\NodeFilter.py first seen with mtime 1740483584.5866325
DEBUG 2025-06-06 15:59:13,954 autoreload 18716 17356 File C:\PROJECTS\NEXTJS-SPACE\Lib\site-packages\django\db\utils.py first seen with mtime 1747644922.31879
DEBUG 2025-06-06 15:59:13,954 autoreload 18716 17356 File C:\PROJECTS\NEXTJS-SPACE\Lib\site-packages\django\contrib\admin\apps.py first seen with mtime 1747644914.9459507
DEBUG 2025-06-06 15:59:13,954 autoreload 18716 17356 File C:\Program Files\WindowsApps\PythonSoftwareFoundation.Python.3.12_3.12.2800.0_x64__qbz5n2kfra8p0\Lib\asyncio\protocols.py first seen with mtime 1740483565.6608353
DEBUG 2025-06-06 15:59:13,954 autoreload 18716 17356 File C:\Program Files\WindowsApps\PythonSoftwareFoundation.Python.3.12_3.12.2800.0_x64__qbz5n2kfra8p0\Lib\encodings\__init__.py first seen with mtime 1740483567.1908367
DEBUG 2025-06-06 15:59:13,954 autoreload 18716 17356 File C:\PROJECTS\NEXTJS-SPACE\Lib\site-packages\numpy\lib\_shape_base_impl.py first seen with mtime 1747920841.9613867
DEBUG 2025-06-06 15:59:13,954 autoreload 18716 17356 File C:\Program Files\WindowsApps\PythonSoftwareFoundation.Python.3.12_3.12.2800.0_x64__qbz5n2kfra8p0\Lib\heapq.py first seen with mtime 1740483568.8244436
DEBUG 2025-06-06 15:59:13,954 autoreload 18716 17356 File C:\Program Files\WindowsApps\PythonSoftwareFoundation.Python.3.12_3.12.2800.0_x64__qbz5n2kfra8p0\Lib\secrets.py first seen with mtime 1740483574.8004706
DEBUG 2025-06-06 15:59:13,954 autoreload 18716 17356 File C:\Program Files\WindowsApps\PythonSoftwareFoundation.Python.3.12_3.12.2800.0_x64__qbz5n2kfra8p0\Lib\email\errors.py first seen with mtime 1740483566.2797267
DEBUG 2025-06-06 15:59:13,954 autoreload 18716 17356 File C:\PROJECTS\NEXTJS-SPACE\Lib\site-packages\django\template\engine.py first seen with mtime 1747644923.068216
DEBUG 2025-06-06 15:59:13,954 autoreload 18716 17356 File C:\Program Files\WindowsApps\PythonSoftwareFoundation.Python.3.12_3.12.2800.0_x64__qbz5n2kfra8p0\Lib\zoneinfo\_common.py first seen with mtime 1740483586.1295826
DEBUG 2025-06-06 15:59:13,954 autoreload 18716 17356 File C:\PROJECTS\NEXTJS-SPACE\Lib\site-packages\django\contrib\postgres\fields\utils.py first seen with mtime 1747644919.748205
DEBUG 2025-06-06 15:59:13,954 autoreload 18716 17356 File C:\PROJECTS\NEXTJS-SPACE\Lib\site-packages\django\contrib\auth\apps.py first seen with mtime 1747644917.0500927
DEBUG 2025-06-06 15:59:13,954 autoreload 18716 17356 File C:\PROJECTS\NEXTJS-SPACE\Lib\site-packages\django\templatetags\static.py first seen with mtime 1747644923.1402154
DEBUG 2025-06-06 15:59:13,954 autoreload 18716 17356 File C:\PROJECTS\NEXTJS-SPACE\Lib\site-packages\django\db\migrations\__init__.py first seen with mtime 1747644922.4802165
DEBUG 2025-06-06 15:59:13,954 autoreload 18716 17356 File C:\PROJECTS\NEXTJS-SPACE\Lib\site-packages\rest_framework\reverse.py first seen with mtime 1747644937.4921818
DEBUG 2025-06-06 15:59:13,954 autoreload 18716 17356 File C:\Program Files\WindowsApps\PythonSoftwareFoundation.Python.3.12_3.12.2800.0_x64__qbz5n2kfra8p0\Lib\zipfile\__init__.py first seen with mtime 1744180891.428961
DEBUG 2025-06-06 15:59:13,954 autoreload 18716 17356 File C:\PROJECTS\NEXTJS-SPACE\Lib\site-packages\googlemaps\distance_matrix.py first seen with mtime 1747905130.0803766
DEBUG 2025-06-06 15:59:13,954 autoreload 18716 17356 File C:\PROJECTS\NEXTJS-SPACE\Lib\site-packages\bs4\css.py first seen with mtime 1747906836.5553255
DEBUG 2025-06-06 15:59:13,954 autoreload 18716 17356 File C:\Program Files\WindowsApps\PythonSoftwareFoundation.Python.3.12_3.12.2800.0_x64__qbz5n2kfra8p0\Lib\asyncio\taskgroups.py first seen with mtime 1740483565.6804519
DEBUG 2025-06-06 15:59:13,954 autoreload 18716 17356 File C:\PROJECTS\NEXTJS-SPACE\Lib\site-packages\corsheaders\checks.py first seen with mtime 1747645208.9103503
DEBUG 2025-06-06 15:59:13,954 autoreload 18716 17356 File C:\PROJECTS\NEXTJS-SPACE\Lib\site-packages\urllib3\util\__init__.py first seen with mtime 1747829987.2554202
DEBUG 2025-06-06 15:59:13,954 autoreload 18716 17356 File C:\PROJECTS\NEXTJS-SPACE\Lib\site-packages\urllib3\exceptions.py first seen with mtime 1747829987.180622
DEBUG 2025-06-06 15:59:13,954 autoreload 18716 17356 File C:\Program Files\WindowsApps\PythonSoftwareFoundation.Python.3.12_3.12.2800.0_x64__qbz5n2kfra8p0\Lib\collections\__init__.py first seen with mtime 1744180882.036044
DEBUG 2025-06-06 15:59:13,954 autoreload 18716 17356 File C:\PROJECTS\NEXTJS-SPACE\Lib\site-packages\django\contrib\admin\templatetags\log.py first seen with mtime 1747644916.5197713
DEBUG 2025-06-06 15:59:13,954 autoreload 18716 17356 File C:\Program Files\WindowsApps\PythonSoftwareFoundation.Python.3.12_3.12.2800.0_x64__qbz5n2kfra8p0\Lib\email\charset.py first seen with mtime 1740483566.263892
DEBUG 2025-06-06 15:59:13,954 autoreload 18716 17356 File C:\PROJECTS\NEXTJS-SPACE\Lib\site-packages\charset_normalizer\__init__.py first seen with mtime 1747829988.4293394
DEBUG 2025-06-06 15:59:13,954 autoreload 18716 17356 File C:\PROJECTS\NEXTJS-SPACE\Lib\site-packages\django\db\__init__.py first seen with mtime 1747644922.3136294
DEBUG 2025-06-06 15:59:13,954 autoreload 18716 17356 File C:\PROJECTS\NEXTJS-SPACE\Lib\site-packages\django\utils\choices.py first seen with mtime 1747644923.2290938
DEBUG 2025-06-06 15:59:13,959 autoreload 18716 17356 File C:\PROJECTS\NEXTJS-SPACE\Lib\site-packages\django\db\models\sql\__init__.py first seen with mtime 1747644922.60995
DEBUG 2025-06-06 15:59:13,959 autoreload 18716 17356 File C:\PROJECTS\NEXTJS-SPACE\Lib\site-packages\django\utils\numberformat.py first seen with mtime 1747644923.3458781
DEBUG 2025-06-06 15:59:13,959 autoreload 18716 17356 File C:\PROJECTS\NEXTJS-SPACE\Lib\site-packages\django\core\files\utils.py first seen with mtime 1747644922.049057
DEBUG 2025-06-06 15:59:13,959 autoreload 18716 17356 File C:\Program Files\WindowsApps\PythonSoftwareFoundation.Python.3.12_3.12.2800.0_x64__qbz5n2kfra8p0\Lib\lzma.py first seen with mtime 1740483573.5198064
DEBUG 2025-06-06 15:59:13,960 autoreload 18716 17356 File C:\PROJECTS\NEXTJS-SPACE\Lib\site-packages\dateutil\_common.py first seen with mtime 1747904799.8822303
DEBUG 2025-06-06 15:59:13,960 autoreload 18716 17356 File C:\Program Files\WindowsApps\PythonSoftwareFoundation.Python.3.12_3.12.2800.0_x64__qbz5n2kfra8p0\Lib\wsgiref\handlers.py first seen with mtime 1740483584.4913423
DEBUG 2025-06-06 15:59:13,961 autoreload 18716 17356 File C:\PROJECTS\NEXTJS-SPACE\Lib\site-packages\charset_normalizer\constant.py first seen with mtime 1747829988.4393215
DEBUG 2025-06-06 15:59:13,961 autoreload 18716 17356 File C:\PROJECTS\NEXTJS-SPACE\Lib\site-packages\django\views\decorators\csrf.py first seen with mtime 1747644923.444407
DEBUG 2025-06-06 15:59:13,961 autoreload 18716 17356 File C:\Program Files\WindowsApps\PythonSoftwareFoundation.Python.3.12_3.12.2800.0_x64__qbz5n2kfra8p0\Lib\hmac.py first seen with mtime 1740483568.8244436
DEBUG 2025-06-06 15:59:13,962 autoreload 18716 17356 File C:\PROJECTS\NEXTJS-SPACE\Lib\site-packages\numpy\_core\records.py first seen with mtime 1747920843.7718856
DEBUG 2025-06-06 15:59:13,962 autoreload 18716 17356 File C:\PROJECTS\NEXTJS-SPACE\Lib\site-packages\django\db\models\functions\datetime.py first seen with mtime 1747644922.6002803
DEBUG 2025-06-06 15:59:13,962 autoreload 18716 17356 File C:\PROJECTS\NEXTJS-SPACE\Lib\site-packages\sqlparse\engine\__init__.py first seen with mtime 1747644912.9657495
DEBUG 2025-06-06 15:59:13,962 autoreload 18716 17356 File C:\PROJECTS\NEXTJS-SPACE\Lib\site-packages\sqlparse\filters\reindent.py first seen with mtime 1747644912.992362
DEBUG 2025-06-06 15:59:13,963 autoreload 18716 17356 File C:\PROJECTS\NEXTJS-SPACE\Lib\site-packages\rest_framework\schemas\inspectors.py first seen with mtime 1747644937.8590062
DEBUG 2025-06-06 15:59:13,963 autoreload 18716 17356 File C:\PROJECTS\NEXTJS-SPACE\Lib\site-packages\django\contrib\postgres\fields\array.py first seen with mtime 1747644919.736813
DEBUG 2025-06-06 15:59:13,963 autoreload 18716 17356 File C:\PROJECTS\NEXTJS-SPACE\Lib\site-packages\django\db\migrations\operations\base.py first seen with mtime 1747644922.51978
DEBUG 2025-06-06 15:59:13,963 autoreload 18716 17356 File C:\PROJECTS\NEXTJS-SPACE\Lib\site-packages\celery\__init__.py first seen with mtime 1747904803.75352
DEBUG 2025-06-06 15:59:13,963 autoreload 18716 17356 File C:\Program Files\WindowsApps\PythonSoftwareFoundation.Python.3.12_3.12.2800.0_x64__qbz5n2kfra8p0\Lib\email\mime\nonmultipart.py first seen with mtime 1740483566.8217113
DEBUG 2025-06-06 15:59:13,963 autoreload 18716 17356 File C:\Program Files\WindowsApps\PythonSoftwareFoundation.Python.3.12_3.12.2800.0_x64__qbz5n2kfra8p0\Lib\inspect.py first seen with mtime 1744180886.327047
DEBUG 2025-06-06 15:59:13,964 autoreload 18716 17356 File C:\PROJECTS\NEXTJS-SPACE\Lib\site-packages\rest_framework\schemas\views.py first seen with mtime 1747644937.8702438
DEBUG 2025-06-06 15:59:13,964 autoreload 18716 17356 File C:\PROJECTS\NEXTJS-SPACE\Lib\site-packages\django\forms\fields.py first seen with mtime 1747644922.6554842
DEBUG 2025-06-06 15:59:13,965 autoreload 18716 17356 File C:\Program Files\WindowsApps\PythonSoftwareFoundation.Python.3.12_3.12.2800.0_x64__qbz5n2kfra8p0\Lib\json\__init__.py first seen with mtime 1740483572.8378065
DEBUG 2025-06-06 15:59:13,965 autoreload 18716 17356 File C:\Program Files\WindowsApps\PythonSoftwareFoundation.Python.3.12_3.12.2800.0_x64__qbz5n2kfra8p0\Lib\importlib\abc.py first seen with mtime 1740483572.5963585
DEBUG 2025-06-06 15:59:13,965 autoreload 18716 17356 File C:\PROJECTS\NEXTJS-SPACE\Lib\site-packages\django\contrib\postgres\fields\hstore.py first seen with mtime 1747644919.739993
DEBUG 2025-06-06 15:59:13,965 autoreload 18716 17356 File C:\PROJECTS\NEXTJS-SPACE\Lib\site-packages\urllib3\_version.py first seen with mtime 1747829987.1677248
DEBUG 2025-06-06 15:59:13,965 autoreload 18716 17356 File C:\PROJECTS\NEXTJS-SPACE\Lib\site-packages\rest_framework\utils\field_mapping.py first seen with mtime 1747644938.2973788
DEBUG 2025-06-06 15:59:13,965 autoreload 18716 17356 File C:\Program Files\WindowsApps\PythonSoftwareFoundation.Python.3.12_3.12.2800.0_x64__qbz5n2kfra8p0\DLLs\_overlapped.pyd first seen with mtime 1744180879.7094705
DEBUG 2025-06-06 15:59:13,965 autoreload 18716 17356 File C:\PROJECTS\NEXTJS-SPACE\Lib\site-packages\django\contrib\staticfiles\checks.py first seen with mtime 1747644921.8305576
DEBUG 2025-06-06 15:59:13,965 autoreload 18716 17356 File C:\PROJECTS\NEXTJS-SPACE\Lib\site-packages\django\contrib\staticfiles\management\commands\__init__.py first seen with mtime 1747644921.866673
DEBUG 2025-06-06 15:59:13,966 autoreload 18716 17356 File C:\PROJECTS\NEXTJS-SPACE\Lib\site-packages\django\templatetags\cache.py first seen with mtime 1747644923.1303055
DEBUG 2025-06-06 15:59:13,966 autoreload 18716 17356 File C:\PROJECTS\NEXTJS-SPACE\Lib\site-packages\django\utils\__init__.py first seen with mtime 1747644923.1947787
DEBUG 2025-06-06 15:59:13,966 autoreload 18716 17356 File C:\PROJECTS\NEXTJS-SPACE\Lib\site-packages\numpy\_array_api_info.py first seen with mtime 1747920841.0977526
DEBUG 2025-06-06 15:59:13,966 autoreload 18716 17356 File C:\PROJECTS\NEXTJS-SPACE\Lib\site-packages\kombu\utils\objects.py first seen with mtime 1747904801.7525349
DEBUG 2025-06-06 15:59:13,966 autoreload 18716 17356 File C:\PROJECTS\NEXTJS-SPACE\Lib\site-packages\django\utils\translation\trans_real.py first seen with mtime 1747644923.403036
DEBUG 2025-06-06 15:59:13,966 autoreload 18716 17356 File C:\Program Files\WindowsApps\PythonSoftwareFoundation.Python.3.12_3.12.2800.0_x64__qbz5n2kfra8p0\Lib\asyncio\queues.py first seen with mtime 1740483565.6608353
DEBUG 2025-06-06 15:59:13,966 autoreload 18716 17356 File C:\PROJECTS\NEXTJS-SPACE\Lib\site-packages\django\contrib\admin\checks.py first seen with mtime 1747644914.9498482
DEBUG 2025-06-06 15:59:13,966 autoreload 18716 17356 File C:\PROJECTS\NEXTJS-SPACE\Lib\site-packages\numpy\_core\_add_newdocs_scalars.py first seen with mtime 1747920843.8114536
DEBUG 2025-06-06 15:59:13,966 autoreload 18716 17356 File C:\PROJECTS\NEXTJS-SPACE\Lib\site-packages\celery\platforms.py first seen with mtime 1747904803.775433
DEBUG 2025-06-06 15:59:13,966 autoreload 18716 17356 File C:\Program Files\WindowsApps\PythonSoftwareFoundation.Python.3.12_3.12.2800.0_x64__qbz5n2kfra8p0\Lib\email\_encoded_words.py first seen with mtime 1740483566.8440988
DEBUG 2025-06-06 15:59:13,966 autoreload 18716 17356 File C:\Program Files\WindowsApps\PythonSoftwareFoundation.Python.3.12_3.12.2800.0_x64__qbz5n2kfra8p0\Lib\hashlib.py first seen with mtime 1740483568.8244436
DEBUG 2025-06-06 15:59:13,966 autoreload 18716 17356 File C:\PROJECTS\NEXTJS-SPACE\Lib\site-packages\django\utils\datastructures.py first seen with mtime 1747644923.2458634
DEBUG 2025-06-06 15:59:13,966 autoreload 18716 17356 File C:\PROJECTS\NEXTJS-SPACE\Lib\site-packages\celery\app\__init__.py first seen with mtime 1747904803.7901256
DEBUG 2025-06-06 15:59:13,966 autoreload 18716 17356 File C:\PROJECTS\NEXTJS-SPACE\Lib\site-packages\django\db\backends\postgresql\features.py first seen with mtime 1747644922.4471283
DEBUG 2025-06-06 15:59:13,966 autoreload 18716 17356 File C:\PROJECTS\NEXTJS-SPACE\Lib\site-packages\django\views\generic\__init__.py first seen with mtime 1747644923.4592652
DEBUG 2025-06-06 15:59:13,966 autoreload 18716 17356 File C:\PROJECTS\NEXTJS-SPACE\Lib\site-packages\django\core\files\locks.py first seen with mtime 1747644922.0275834
DEBUG 2025-06-06 15:59:13,966 autoreload 18716 17356 File C:\Program Files\WindowsApps\PythonSoftwareFoundation.Python.3.12_3.12.2800.0_x64__qbz5n2kfra8p0\DLLs\select.pyd first seen with mtime 1744180879.271422
DEBUG 2025-06-06 15:59:13,966 autoreload 18716 17356 File C:\PROJECTS\NEXTJS-SPACE\Lib\site-packages\celery\utils\term.py first seen with mtime 1747904804.1937175
DEBUG 2025-06-06 15:59:13,966 autoreload 18716 17356 File C:\Program Files\WindowsApps\PythonSoftwareFoundation.Python.3.12_3.12.2800.0_x64__qbz5n2kfra8p0\Lib\xml\__init__.py first seen with mtime 1740483586.0929005
DEBUG 2025-06-06 15:59:13,966 autoreload 18716 17356 File C:\PROJECTS\NEXTJS-SPACE\Lib\site-packages\amqp\__init__.py first seen with mtime 1747904801.0467627
DEBUG 2025-06-06 15:59:13,966 autoreload 18716 17356 File C:\PROJECTS\NEXTJS-SPACE\Lib\site-packages\django\contrib\postgres\forms\hstore.py first seen with mtime 1747644919.754185
DEBUG 2025-06-06 15:59:13,966 autoreload 18716 17356 File C:\PROJECTS\NEXTJS-SPACE\Lib\site-packages\urllib3\poolmanager.py first seen with mtime 1747829987.192558
DEBUG 2025-06-06 15:59:13,966 autoreload 18716 17356 File C:\PROJECTS\NEXTJS-SPACE\Lib\site-packages\django\core\checks\translation.py first seen with mtime 1747644921.9941814
DEBUG 2025-06-06 15:59:13,966 autoreload 18716 17356 File C:\PROJECTS\NEXTJS-SPACE\Lib\site-packages\numpy\_typing\_nbit.py first seen with mtime 1747920844.771773
DEBUG 2025-06-06 15:59:13,970 autoreload 18716 17356 File C:\PROJECTS\NEXTJS-SPACE\Lib\site-packages\amqp\protocol.py first seen with mtime 1747904801.0845423
DEBUG 2025-06-06 15:59:13,970 autoreload 18716 17356 File C:\PROJECTS\NEXTJS-SPACE\Lib\site-packages\click\types.py first seen with mtime 1747904800.5854447
DEBUG 2025-06-06 15:59:13,970 autoreload 18716 17356 File C:\PROJECTS\NEXTJS-SPACE\Lib\site-packages\django\contrib\staticfiles\handlers.py first seen with mtime 1747644921.8458304
DEBUG 2025-06-06 15:59:13,970 autoreload 18716 17356 File C:\Program Files\WindowsApps\PythonSoftwareFoundation.Python.3.12_3.12.2800.0_x64__qbz5n2kfra8p0\Lib\stringprep.py first seen with mtime 1740483582.811846
DEBUG 2025-06-06 15:59:13,971 autoreload 18716 17356 File C:\PROJECTS\NEXTJS-SPACE\Lib\site-packages\django\views\i18n.py first seen with mtime 1747644923.419798
DEBUG 2025-06-06 15:59:13,971 autoreload 18716 17356 File C:\Program Files\WindowsApps\PythonSoftwareFoundation.Python.3.12_3.12.2800.0_x64__qbz5n2kfra8p0\Lib\asyncio\subprocess.py first seen with mtime 1740483565.6780183
DEBUG 2025-06-06 15:59:13,971 autoreload 18716 17356 File C:\PROJECTS\NEXTJS-SPACE\Lib\site-packages\django\template\defaultfilters.py first seen with mtime 1747644923.0610106
DEBUG 2025-06-06 15:59:13,971 autoreload 18716 17356 File C:\PROJECTS\NEXTJS-SPACE\Lib\site-packages\django\views\defaults.py first seen with mtime 1747644923.419798
DEBUG 2025-06-06 15:59:13,971 autoreload 18716 17356 File C:\PROJECTS\NEXTJS-SPACE\Lib\site-packages\django\test\__init__.py first seen with mtime 1747644923.1475637
DEBUG 2025-06-06 15:59:13,971 autoreload 18716 17356 File C:\PROJECTS\NEXTJS-SPACE\Lib\site-packages\numpy\lib\_histograms_impl.py first seen with mtime 1747920841.9176958
DEBUG 2025-06-06 15:59:13,971 autoreload 18716 17356 File C:\PROJECTS\NEXTJS-SPACE\Lib\site-packages\celery\utils\nodenames.py first seen with mtime 1747904804.176727
DEBUG 2025-06-06 15:59:13,971 autoreload 18716 17356 File C:\PROJECTS\NEXTJS-SPACE\Lib\site-packages\rest_framework\templatetags\__init__.py first seen with mtime 1747644938.28124
DEBUG 2025-06-06 15:59:13,971 autoreload 18716 17356 File C:\PROJECTS\NEXTJS-SPACE\Lib\site-packages\django\forms\renderers.py first seen with mtime 1747644922.6701217
DEBUG 2025-06-06 15:59:13,971 autoreload 18716 17356 File C:\PROJECTS\NEXTJS-SPACE\Lib\site-packages\PIL\__init__.py first seen with mtime 1747645869.7670543
DEBUG 2025-06-06 15:59:13,972 autoreload 18716 17356 File C:\PROJECTS\NEXTJS-SPACE\Lib\site-packages\django\core\files\storage\base.py first seen with mtime 1747644922.0595627
DEBUG 2025-06-06 15:59:13,972 autoreload 18716 17356 File C:\PROJECTS\NEXTJS-SPACE\Lib\site-packages\numpy\_core\numerictypes.py first seen with mtime 1747920843.7504754
DEBUG 2025-06-06 15:59:13,972 autoreload 18716 17356 File C:\PROJECTS\NEXTJS-SPACE\Lib\site-packages\rest_framework_simplejwt\authentication.py first seen with mtime 1747645387.1141877
DEBUG 2025-06-06 15:59:13,972 autoreload 18716 17356 File C:\PROJECTS\NEXTJS-SPACE\Lib\site-packages\vine\__init__.py first seen with mtime 1747904794.827396
DEBUG 2025-06-06 15:59:13,972 autoreload 18716 17356 File C:\PROJECTS\NEXTJS-SPACE\Lib\site-packages\django\db\models\expressions.py first seen with mtime 1747644922.5459218
DEBUG 2025-06-06 15:59:13,972 autoreload 18716 17356 File C:\Program Files\WindowsApps\PythonSoftwareFoundation.Python.3.12_3.12.2800.0_x64__qbz5n2kfra8p0\DLLs\_wmi.pyd first seen with mtime 1744180881.816897
DEBUG 2025-06-06 15:59:13,973 autoreload 18716 17356 File C:\Program Files\WindowsApps\PythonSoftwareFoundation.Python.3.12_3.12.2800.0_x64__qbz5n2kfra8p0\Lib\zoneinfo\_tzpath.py first seen with mtime 1740483586.1295826
DEBUG 2025-06-06 15:59:13,973 autoreload 18716 17356 File C:\PROJECTS\NEXTJS-SPACE\Lib\site-packages\kombu\clocks.py first seen with mtime 1747904801.5204978
DEBUG 2025-06-06 15:59:13,973 autoreload 18716 17356 File C:\Program Files\WindowsApps\PythonSoftwareFoundation.Python.3.12_3.12.2800.0_x64__qbz5n2kfra8p0\Lib\email\encoders.py first seen with mtime 1740483566.2797267
DEBUG 2025-06-06 15:59:13,973 autoreload 18716 17356 File C:\Program Files\WindowsApps\PythonSoftwareFoundation.Python.3.12_3.12.2800.0_x64__qbz5n2kfra8p0\Lib\decimal.py first seen with mtime 1740483566.2321627
DEBUG 2025-06-06 15:59:13,973 autoreload 18716 17356 File C:\PROJECTS\NEXTJS-SPACE\Lib\site-packages\django\core\checks\messages.py first seen with mtime 1747644921.9845395
DEBUG 2025-06-06 15:59:13,973 autoreload 18716 17356 File C:\PROJECTS\NEXTJS-SPACE\Lib\site-packages\django\middleware\http.py first seen with mtime 1747644923.020204
DEBUG 2025-06-06 15:59:13,973 autoreload 18716 17356 File C:\PROJECTS\NEXTJS-SPACE\Lib\site-packages\PIL\_util.py first seen with mtime 1747645869.8524518
DEBUG 2025-06-06 15:59:13,974 autoreload 18716 17356 File C:\PROJECTS\NEXTJS-SPACE\Lib\site-packages\charset_normalizer\api.py first seen with mtime 1747829988.4343796
DEBUG 2025-06-06 15:59:13,974 autoreload 18716 17356 File C:\PROJECTS\NEXTJS-SPACE\Lib\site-packages\numpy\lib\_iotools.py first seen with mtime 1747920841.9294295
DEBUG 2025-06-06 15:59:13,974 autoreload 18716 17356 File C:\PROJECTS\NEXTJS-SPACE\Lib\site-packages\rest_framework\pagination.py first seen with mtime 1747644937.4662297
DEBUG 2025-06-06 15:59:13,974 autoreload 18716 17356 File C:\Program Files\WindowsApps\PythonSoftwareFoundation.Python.3.12_3.12.2800.0_x64__qbz5n2kfra8p0\Lib\importlib\metadata\_itertools.py first seen with mtime 1740483572.6121874
DEBUG 2025-06-06 15:59:13,974 autoreload 18716 17356 File C:\PROJECTS\NEXTJS-SPACE\Lib\site-packages\numpy\lib\_arrayterator_impl.py first seen with mtime 1747920841.8875594
DEBUG 2025-06-06 15:59:13,974 autoreload 18716 17356 File C:\PROJECTS\NEXTJS-SPACE\Lib\site-packages\django\core\mail\message.py first seen with mtime 1747644922.1001205
DEBUG 2025-06-06 15:59:13,976 autoreload 18716 17356 File C:\Program Files\WindowsApps\PythonSoftwareFoundation.Python.3.12_3.12.2800.0_x64__qbz5n2kfra8p0\Lib\email\headerregistry.py first seen with mtime 1740483566.8114848
DEBUG 2025-06-06 15:59:13,976 autoreload 18716 17356 File C:\PROJECTS\NEXTJS-SPACE\Lib\site-packages\corsheaders\__init__.py first seen with mtime 1747645208.904585
DEBUG 2025-06-06 15:59:13,976 autoreload 18716 17356 File C:\PROJECTS\NEXTJS-SPACE\Lib\site-packages\vine\abstract.py first seen with mtime 1747904794.8301253
DEBUG 2025-06-06 15:59:13,976 autoreload 18716 17356 File C:\Program Files\WindowsApps\PythonSoftwareFoundation.Python.3.12_3.12.2800.0_x64__qbz5n2kfra8p0\Lib\traceback.py first seen with mtime 1744180891.336769
DEBUG 2025-06-06 15:59:13,977 autoreload 18716 17356 File C:\PROJECTS\NEXTJS-SPACE\Lib\site-packages\django\utils\ipv6.py first seen with mtime 1747644923.3200483
DEBUG 2025-06-06 15:59:13,977 autoreload 18716 17356 File C:\PROJECTS\NEXTJS-SPACE\Lib\site-packages\django_filters\filterset.py first seen with mtime 1747652147.9763782
DEBUG 2025-06-06 15:59:13,977 autoreload 18716 17356 File C:\PROJECTS\NEXTJS-SPACE\Lib\site-packages\django\contrib\auth\hashers.py first seen with mtime 1747644917.099801
DEBUG 2025-06-06 15:59:13,977 autoreload 18716 17356 File C:\PROJECTS\NEXTJS-SPACE\Lib\site-packages\certifi\core.py first seen with mtime 1747829988.7256012
DEBUG 2025-06-06 15:59:13,977 autoreload 18716 17356 File C:\PROJECTS\NEXTJS-SPACE\Lib\site-packages\numpy\lib\_stride_tricks_impl.py first seen with mtime 1747920841.967839
DEBUG 2025-06-06 15:59:13,977 autoreload 18716 17356 File C:\Program Files\WindowsApps\PythonSoftwareFoundation.Python.3.12_3.12.2800.0_x64__qbz5n2kfra8p0\Lib\html\__init__.py first seen with mtime 1740483568.8419902
DEBUG 2025-06-06 15:59:13,977 autoreload 18716 17356 File C:\PROJECTS\NEXTJS-SPACE\Lib\site-packages\requests\api.py first seen with mtime 1747829988.8356361
DEBUG 2025-06-06 15:59:13,977 autoreload 18716 17356 File C:\PROJECTS\NEXTJS-SPACE\Lib\site-packages\celery\local.py first seen with mtime 1747904803.7733674
DEBUG 2025-06-06 15:59:13,977 autoreload 18716 17356 File C:\PROJECTS\NEXTJS-SPACE\Lib\site-packages\django\db\models\fields\related.py first seen with mtime 1747644922.5825086
DEBUG 2025-06-06 15:59:13,977 autoreload 18716 17356 File C:\PROJECTS\NEXTJS-SPACE\Lib\site-packages\django\db\models\fields\json.py first seen with mtime 1747644922.5825086
DEBUG 2025-06-06 15:59:13,977 autoreload 18716 17356 File C:\PROJECTS\NEXTJS-SPACE\Lib\site-packages\django\contrib\admin\views\decorators.py first seen with mtime 1747644916.5197713
DEBUG 2025-06-06 15:59:13,977 autoreload 18716 17356 File C:\PROJECTS\NEXTJS-SPACE\Lib\site-packages\celery\app\registry.py first seen with mtime 1747904803.8199139
DEBUG 2025-06-06 15:59:13,977 autoreload 18716 17356 File C:\Program Files\WindowsApps\PythonSoftwareFoundation.Python.3.12_3.12.2800.0_x64__qbz5n2kfra8p0\Lib\urllib\request.py first seen with mtime 1740483584.3486655
DEBUG 2025-06-06 15:59:13,977 autoreload 18716 17356 File C:\PROJECTS\NEXTJS-SPACE\Lib\site-packages\numpy\lib\_datasource.py first seen with mtime 1747920841.898894
DEBUG 2025-06-06 15:59:13,977 autoreload 18716 17356 File C:\PROJECTS\NEXTJS-SPACE\Lib\site-packages\django\views\__init__.py first seen with mtime 1747644923.410548
DEBUG 2025-06-06 15:59:13,977 autoreload 18716 17356 File C:\PROJECTS\NEXTJS-SPACE\Lib\site-packages\django\contrib\postgres\lookups.py first seen with mtime 1747644919.7102413
DEBUG 2025-06-06 15:59:13,977 autoreload 18716 17356 File C:\Program Files\WindowsApps\PythonSoftwareFoundation.Python.3.12_3.12.2800.0_x64__qbz5n2kfra8p0\DLLs\_zoneinfo.pyd first seen with mtime 1744180881.8207939
DEBUG 2025-06-06 15:59:13,977 autoreload 18716 17356 File C:\PROJECTS\NEXTJS-SPACE\Lib\site-packages\django\conf\urls\static.py first seen with mtime 1747644914.9399629
DEBUG 2025-06-06 15:59:13,977 autoreload 18716 17356 File C:\Program Files\WindowsApps\PythonSoftwareFoundation.Python.3.12_3.12.2800.0_x64__qbz5n2kfra8p0\Lib\bisect.py first seen with mtime 1740483566.0094194
DEBUG 2025-06-06 15:59:13,977 autoreload 18716 17356 File C:\PROJECTS\NEXTJS-SPACE\Lib\site-packages\django\db\models\functions\json.py first seen with mtime 1747644922.6002803
DEBUG 2025-06-06 15:59:13,980 autoreload 18716 17356 File C:\Program Files\WindowsApps\PythonSoftwareFoundation.Python.3.12_3.12.2800.0_x64__qbz5n2kfra8p0\Lib\asyncio\locks.py first seen with mtime 1740483565.644843
DEBUG 2025-06-06 15:59:13,980 autoreload 18716 17356 File C:\PROJECTS\NEXTJS-SPACE\Lib\site-packages\bs4\formatter.py first seen with mtime 1747906836.5821965
DEBUG 2025-06-06 15:59:13,980 autoreload 18716 17356 File C:\Program Files\WindowsApps\PythonSoftwareFoundation.Python.3.12_3.12.2800.0_x64__qbz5n2kfra8p0\Lib\email\_parseaddr.py first seen with mtime 1740483566.8583634
DEBUG 2025-06-06 15:59:13,980 autoreload 18716 17356 File C:\Program Files\WindowsApps\PythonSoftwareFoundation.Python.3.12_3.12.2800.0_x64__qbz5n2kfra8p0\Lib\email\mime\base.py first seen with mtime 1740483566.8181047
DEBUG 2025-06-06 15:59:13,980 autoreload 18716 17356 File C:\Program Files\WindowsApps\PythonSoftwareFoundation.Python.3.12_3.12.2800.0_x64__qbz5n2kfra8p0\DLLs\unicodedata.pyd first seen with mtime 1744180879.516518
DEBUG 2025-06-06 15:59:13,980 autoreload 18716 17356 File C:\PROJECTS\NEXTJS-SPACE\Lib\site-packages\django\core\signing.py first seen with mtime 1747644921.8986564
DEBUG 2025-06-06 15:59:13,980 autoreload 18716 17356 File C:\PROJECTS\NEXTJS-SPACE\Lib\site-packages\billiard\exceptions.py first seen with mtime 1747904799.074857
DEBUG 2025-06-06 15:59:13,981 autoreload 18716 17356 File C:\PROJECTS\NEXTJS-SPACE\Lib\site-packages\PIL\TiffTags.py first seen with mtime 1747645869.7527215
DEBUG 2025-06-06 15:59:13,981 autoreload 18716 17356 File C:\Program Files\WindowsApps\PythonSoftwareFoundation.Python.3.12_3.12.2800.0_x64__qbz5n2kfra8p0\Lib\asyncio\windows_events.py first seen with mtime 1740483565.6921306
DEBUG 2025-06-06 15:59:13,981 autoreload 18716 17356 File C:\PROJECTS\NEXTJS-SPACE\Lib\site-packages\numpy\_core\_machar.py first seen with mtime 1747920843.8581371
DEBUG 2025-06-06 15:59:13,981 autoreload 18716 17356 File C:\PROJECTS\NEXTJS-SPACE\Lib\site-packages\asgiref\__init__.py first seen with mtime 1747644913.8097856
DEBUG 2025-06-06 15:59:13,981 autoreload 18716 17356 File C:\Program Files\WindowsApps\PythonSoftwareFoundation.Python.3.12_3.12.2800.0_x64__qbz5n2kfra8p0\Lib\xml\dom\minicompat.py first seen with mtime 1740483584.5866325
DEBUG 2025-06-06 15:59:13,981 autoreload 18716 17356 File C:\PROJECTS\NEXTJS-SPACE\Lib\site-packages\django\contrib\staticfiles\management\__init__.py first seen with mtime 1747644921.8644347
DEBUG 2025-06-06 15:59:13,981 autoreload 18716 17356 File C:\Program Files\WindowsApps\PythonSoftwareFoundation.Python.3.12_3.12.2800.0_x64__qbz5n2kfra8p0\Lib\pickle.py first seen with mtime 1740483574.554801
DEBUG 2025-06-06 15:59:13,982 autoreload 18716 17356 File C:\PROJECTS\NEXTJS-SPACE\Lib\site-packages\django\db\models\__init__.py first seen with mtime 1747644922.5301163
DEBUG 2025-06-06 15:59:13,982 autoreload 18716 17356 File C:\PROJECTS\NEXTJS-SPACE\Lib\site-packages\googlemaps\exceptions.py first seen with mtime 1747905130.0924764
DEBUG 2025-06-06 15:59:13,982 autoreload 18716 17356 File C:\PROJECTS\NEXTJS-SPACE\Lib\site-packages\celery\utils\annotations.py first seen with mtime 1747904804.154707
DEBUG 2025-06-06 15:59:13,982 autoreload 18716 17356 File C:\PROJECTS\NEXTJS-SPACE\Lib\site-packages\django\core\mail\utils.py first seen with mtime 1747644922.1045601
DEBUG 2025-06-06 15:59:13,982 autoreload 18716 17356 File C:\Program Files\WindowsApps\PythonSoftwareFoundation.Python.3.12_3.12.2800.0_x64__qbz5n2kfra8p0\Lib\http\__init__.py first seen with mtime 1740483568.8759673
DEBUG 2025-06-06 15:59:13,982 autoreload 18716 17356 File C:\PROJECTS\NEXTJS-SPACE\Lib\site-packages\rest_framework\utils\json.py first seen with mtime 1747644938.3091235
DEBUG 2025-06-06 15:59:13,983 autoreload 18716 17356 File C:\PROJECTS\NEXTJS-SPACE\Lib\site-packages\soupsieve\__meta__.py first seen with mtime 1747906829.032051
DEBUG 2025-06-06 15:59:13,983 autoreload 18716 17356 File C:\Program Files\WindowsApps\PythonSoftwareFoundation.Python.3.12_3.12.2800.0_x64__qbz5n2kfra8p0\Lib\wsgiref\util.py first seen with mtime 1740483584.5075204
DEBUG 2025-06-06 15:59:13,983 autoreload 18716 17356 File C:\PROJECTS\NEXTJS-SPACE\Lib\site-packages\django\core\signals.py first seen with mtime 1747644921.8958125
DEBUG 2025-06-06 15:59:13,983 autoreload 18716 17356 File C:\PROJECTS\NEXTJS-SPACE\Lib\site-packages\django\utils\asyncio.py first seen with mtime 1747644923.2124505
DEBUG 2025-06-06 15:59:13,983 autoreload 18716 17356 File C:\PROJECTS\NEXTJS-SPACE\Lib\site-packages\colorama\winterm.py first seen with mtime 1747904798.7388878
DEBUG 2025-06-06 15:59:13,983 autoreload 18716 17356 File C:\PROJECTS\NEXTJS-SPACE\Lib\site-packages\kombu\messaging.py first seen with mtime 1747904801.554311
DEBUG 2025-06-06 15:59:13,983 autoreload 18716 17356 File C:\PROJECTS\backend\api\serializers.py first seen with mtime 1749114620.3251336
DEBUG 2025-06-06 15:59:13,984 autoreload 18716 17356 File C:\PROJECTS\NEXTJS-SPACE\Lib\site-packages\django\contrib\postgres\forms\__init__.py first seen with mtime 1747644919.7502105
DEBUG 2025-06-06 15:59:13,985 autoreload 18716 17356 File C:\Program Files\WindowsApps\PythonSoftwareFoundation.Python.3.12_3.12.2800.0_x64__qbz5n2kfra8p0\Lib\unittest\runner.py first seen with mtime 1740483584.205911
DEBUG 2025-06-06 15:59:13,985 autoreload 18716 17356 File C:\PROJECTS\NEXTJS-SPACE\Lib\site-packages\rest_framework\utils\humanize_datetime.py first seen with mtime 1747644938.3067572
DEBUG 2025-06-06 15:59:13,985 autoreload 18716 17356 File C:\Program Files\WindowsApps\PythonSoftwareFoundation.Python.3.12_3.12.2800.0_x64__qbz5n2kfra8p0\Lib\zipfile\_path\__init__.py first seen with mtime 1740483586.0929005
DEBUG 2025-06-06 15:59:13,985 autoreload 18716 17356 File C:\PROJECTS\NEXTJS-SPACE\Lib\site-packages\django\middleware\__init__.py first seen with mtime 1747644923.0000293
DEBUG 2025-06-06 15:59:13,985 autoreload 18716 17356 File C:\Program Files\WindowsApps\PythonSoftwareFoundation.Python.3.12_3.12.2800.0_x64__qbz5n2kfra8p0\Lib\socket.py first seen with mtime 1740483582.76218
DEBUG 2025-06-06 15:59:13,985 autoreload 18716 17356 File C:\PROJECTS\NEXTJS-SPACE\Lib\site-packages\django\contrib\auth\decorators.py first seen with mtime 1747644917.0937226
DEBUG 2025-06-06 15:59:13,985 autoreload 18716 17356 File C:\PROJECTS\NEXTJS-SPACE\Lib\site-packages\billiard\compat.py first seen with mtime 1747904799.055735
DEBUG 2025-06-06 15:59:13,986 autoreload 18716 17356 File C:\PROJECTS\NEXTJS-SPACE\Lib\site-packages\django\utils\formats.py first seen with mtime 1747644923.2967296
DEBUG 2025-06-06 15:59:13,986 autoreload 18716 17356 File C:\PROJECTS\NEXTJS-SPACE\Lib\site-packages\rest_framework\decorators.py first seen with mtime 1747644937.4241102
DEBUG 2025-06-06 15:59:13,986 autoreload 18716 17356 File C:\PROJECTS\NEXTJS-SPACE\Lib\site-packages\django\contrib\auth\admin.py first seen with mtime 1747644917.0500927
DEBUG 2025-06-06 15:59:13,986 autoreload 18716 17356 File C:\PROJECTS\NEXTJS-SPACE\Lib\site-packages\django\conf\locale\__init__.py first seen with mtime 1747644914.091115
DEBUG 2025-06-06 15:59:13,986 autoreload 18716 17356 File C:\PROJECTS\NEXTJS-SPACE\Lib\site-packages\django\contrib\auth\forms.py first seen with mtime 1747644917.099801
DEBUG 2025-06-06 15:59:13,986 autoreload 18716 17356 File C:\PROJECTS\NEXTJS-SPACE\Lib\site-packages\numpy\_core\memmap.py first seen with mtime 1747920843.7219498
DEBUG 2025-06-06 15:59:13,986 autoreload 18716 17356 File C:\PROJECTS\NEXTJS-SPACE\Lib\site-packages\sqlparse\exceptions.py first seen with mtime 1747644912.9452157
DEBUG 2025-06-06 15:59:13,986 autoreload 18716 17356 File C:\PROJECTS\NEXTJS-SPACE\Lib\site-packages\django_filters\__init__.py first seen with mtime 1747652147.9561005
DEBUG 2025-06-06 15:59:13,986 autoreload 18716 17356 File C:\PROJECTS\NEXTJS-SPACE\Lib\site-packages\django\core\checks\urls.py first seen with mtime 1747644921.9972582
DEBUG 2025-06-06 15:59:13,986 autoreload 18716 17356 File C:\PROJECTS\NEXTJS-SPACE\Lib\site-packages\django\urls\resolvers.py first seen with mtime 1747644923.1802518
DEBUG 2025-06-06 15:59:13,986 autoreload 18716 17356 File C:\PROJECTS\NEXTJS-SPACE\Lib\site-packages\urllib3\http2\probe.py first seen with mtime 1747829987.2505934
DEBUG 2025-06-06 15:59:13,986 autoreload 18716 17356 File C:\PROJECTS\NEXTJS-SPACE\Lib\site-packages\click\core.py first seen with mtime 1747904800.5401225
DEBUG 2025-06-06 15:59:13,986 autoreload 18716 17356 File C:\PROJECTS\NEXTJS-SPACE\Lib\site-packages\django_filters\conf.py first seen with mtime 1747652147.9561005
DEBUG 2025-06-06 15:59:13,986 autoreload 18716 17356 File C:\PROJECTS\NEXTJS-SPACE\Lib\site-packages\charset_normalizer\models.py first seen with mtime 1747829988.4548235
DEBUG 2025-06-06 15:59:13,986 autoreload 18716 17356 File C:\Program Files\WindowsApps\PythonSoftwareFoundation.Python.3.12_3.12.2800.0_x64__qbz5n2kfra8p0\Lib\re\_constants.py first seen with mtime 1740483574.7370086
DEBUG 2025-06-06 15:59:13,986 autoreload 18716 17356 File C:\PROJECTS\NEXTJS-SPACE\Lib\site-packages\urllib3\util\request.py first seen with mtime 1747829987.2670188
DEBUG 2025-06-06 15:59:13,986 autoreload 18716 17356 File C:\PROJECTS\NEXTJS-SPACE\Lib\site-packages\django\contrib\postgres\search.py first seen with mtime 1747644919.7102413
DEBUG 2025-06-06 15:59:13,986 autoreload 18716 17356 File C:\PROJECTS\NEXTJS-SPACE\Lib\site-packages\requests\status_codes.py first seen with mtime 1747829988.8850563
DEBUG 2025-06-06 15:59:13,986 autoreload 18716 17356 File C:\PROJECTS\NEXTJS-SPACE\Lib\site-packages\django\core\checks\security\base.py first seen with mtime 1747644922.0087943
DEBUG 2025-06-06 15:59:13,986 autoreload 18716 17356 File C:\PROJECTS\NEXTJS-SPACE\Lib\site-packages\celery\utils\__init__.py first seen with mtime 1747904804.1489072
DEBUG 2025-06-06 15:59:13,986 autoreload 18716 17356 File C:\PROJECTS\NEXTJS-SPACE\Lib\site-packages\rest_framework\mixins.py first seen with mtime 1747644937.4569516
DEBUG 2025-06-06 15:59:13,986 autoreload 18716 17356 File C:\PROJECTS\NEXTJS-SPACE\Lib\site-packages\googlemaps\client.py first seen with mtime 1747905130.07568
DEBUG 2025-06-06 15:59:13,986 autoreload 18716 17356 File C:\PROJECTS\NEXTJS-SPACE\Lib\site-packages\django\core\files\images.py first seen with mtime 1747644922.0228336
DEBUG 2025-06-06 15:59:13,986 autoreload 18716 17356 File C:\PROJECTS\NEXTJS-SPACE\Lib\site-packages\dateutil\tz\win.py first seen with mtime 1747904799.952851
DEBUG 2025-06-06 15:59:13,990 autoreload 18716 17356 File C:\PROJECTS\NEXTJS-SPACE\Lib\site-packages\sqlparse\keywords.py first seen with mtime 1747644912.9522085
DEBUG 2025-06-06 15:59:13,990 autoreload 18716 17356 File C:\PROJECTS\NEXTJS-SPACE\Lib\site-packages\numpy\_typing\__init__.py first seen with mtime 1747920844.800117
DEBUG 2025-06-06 15:59:13,990 autoreload 18716 17356 File C:\PROJECTS\NEXTJS-SPACE\Lib\site-packages\rest_framework\views.py first seen with mtime 1747644937.5436337
DEBUG 2025-06-06 15:59:13,990 autoreload 18716 17356 File C:\PROJECTS\NEXTJS-SPACE\Lib\site-packages\click\_winconsole.py first seen with mtime 1747904800.533916
DEBUG 2025-06-06 15:59:13,990 autoreload 18716 17356 File C:\PROJECTS\NEXTJS-SPACE\Lib\site-packages\django\views\decorators\common.py first seen with mtime 1747644923.4424555
DEBUG 2025-06-06 15:59:13,990 autoreload 18716 17356 File C:\PROJECTS\NEXTJS-SPACE\Lib\site-packages\django\conf\__init__.py first seen with mtime 1747644914.0804968
DEBUG 2025-06-06 15:59:13,990 autoreload 18716 17356 File C:\Program Files\WindowsApps\PythonSoftwareFoundation.Python.3.12_3.12.2800.0_x64__qbz5n2kfra8p0\Lib\unittest\suite.py first seen with mtime 1740483584.2218156
DEBUG 2025-06-06 15:59:13,990 autoreload 18716 17356 File C:\PROJECTS\NEXTJS-SPACE\Lib\site-packages\psycopg2\_ipaddress.py first seen with mtime 1747644913.4565957
DEBUG 2025-06-06 15:59:13,991 autoreload 18716 17356 File C:\PROJECTS\NEXTJS-SPACE\Lib\site-packages\django\db\models\sql\constants.py first seen with mtime 1747644922.620066
DEBUG 2025-06-06 15:59:13,991 autoreload 18716 17356 File C:\PROJECTS\NEXTJS-SPACE\Lib\site-packages\django\core\exceptions.py first seen with mtime 1747644921.8922925
DEBUG 2025-06-06 15:59:13,991 autoreload 18716 17356 File C:\PROJECTS\NEXTJS-SPACE\Lib\site-packages\django_filters\rest_framework\filters.py first seen with mtime 1747652148.0564146
DEBUG 2025-06-06 15:59:13,991 autoreload 18716 17356 File C:\PROJECTS\NEXTJS-SPACE\Lib\site-packages\kombu\transport\__init__.py first seen with mtime 1747904801.6512074
DEBUG 2025-06-06 15:59:13,991 autoreload 18716 17356 File C:\PROJECTS\NEXTJS-SPACE\Lib\site-packages\numpy\_core\_add_newdocs.py first seen with mtime 1747920843.804052
DEBUG 2025-06-06 15:59:13,991 autoreload 18716 17356 File C:\Program Files\WindowsApps\PythonSoftwareFoundation.Python.3.12_3.12.2800.0_x64__qbz5n2kfra8p0\Lib\ctypes\__init__.py first seen with mtime 1740483566.1525283
DEBUG 2025-06-06 15:59:13,991 autoreload 18716 17356 File C:\Program Files\WindowsApps\PythonSoftwareFoundation.Python.3.12_3.12.2800.0_x64__qbz5n2kfra8p0\Lib\locale.py first seen with mtime 1740483573.374549
DEBUG 2025-06-06 15:59:13,991 autoreload 18716 17356 File C:\Program Files\WindowsApps\PythonSoftwareFoundation.Python.3.12_3.12.2800.0_x64__qbz5n2kfra8p0\Lib\base64.py first seen with mtime 1740483565.9933512
DEBUG 2025-06-06 15:59:13,991 autoreload 18716 17356 File C:\PROJECTS\NEXTJS-SPACE\Lib\site-packages\django\db\models\functions\text.py first seen with mtime 1747644922.60995
DEBUG 2025-06-06 15:59:13,992 autoreload 18716 17356 File C:\PROJECTS\NEXTJS-SPACE\Lib\site-packages\django\db\migrations\operations\models.py first seen with mtime 1747644922.5250218
DEBUG 2025-06-06 15:59:13,992 autoreload 18716 17356 File C:\PROJECTS\NEXTJS-SPACE\Lib\site-packages\django\utils\crypto.py first seen with mtime 1747644923.2398036
DEBUG 2025-06-06 15:59:13,992 autoreload 18716 17356 File C:\Program Files\WindowsApps\PythonSoftwareFoundation.Python.3.12_3.12.2800.0_x64__qbz5n2kfra8p0\Lib\selectors.py first seen with mtime 1740483574.8004706
DEBUG 2025-06-06 15:59:13,992 autoreload 18716 17356 File C:\Program Files\WindowsApps\PythonSoftwareFoundation.Python.3.12_3.12.2800.0_x64__qbz5n2kfra8p0\Lib\string.py first seen with mtime 1740483582.810018
DEBUG 2025-06-06 15:59:13,992 autoreload 18716 17356 File C:\PROJECTS\NEXTJS-SPACE\Lib\site-packages\django\core\management\sql.py first seen with mtime 1747644922.141128
DEBUG 2025-06-06 15:59:13,992 autoreload 18716 17356 File C:\Program Files\WindowsApps\PythonSoftwareFoundation.Python.3.12_3.12.2800.0_x64__qbz5n2kfra8p0\Lib\asyncio\events.py first seen with mtime 1740483565.644843
DEBUG 2025-06-06 15:59:13,993 autoreload 18716 17356 File C:\Program Files\WindowsApps\PythonSoftwareFoundation.Python.3.12_3.12.2800.0_x64__qbz5n2kfra8p0\Lib\platform.py first seen with mtime 1740483574.5622914
DEBUG 2025-06-06 15:59:13,993 autoreload 18716 17356 File C:\PROJECTS\NEXTJS-SPACE\Lib\site-packages\django\core\files\move.py first seen with mtime 1747644922.03129
DEBUG 2025-06-06 15:59:13,994 autoreload 18716 17356 File C:\PROJECTS\NEXTJS-SPACE\Lib\site-packages\django\utils\tree.py first seen with mtime 1747644923.3763602
DEBUG 2025-06-06 15:59:13,994 autoreload 18716 17356 File C:\PROJECTS\NEXTJS-SPACE\Lib\site-packages\rest_framework\response.py first seen with mtime 1747644937.4899821
DEBUG 2025-06-06 15:59:13,994 autoreload 18716 17356 File C:\Program Files\WindowsApps\PythonSoftwareFoundation.Python.3.12_3.12.2800.0_x64__qbz5n2kfra8p0\Lib\ctypes\_endian.py first seen with mtime 1740483566.1525283
DEBUG 2025-06-06 15:59:13,994 autoreload 18716 17356 File C:\PROJECTS\NEXTJS-SPACE\Lib\site-packages\numpy\lib\stride_tricks.py first seen with mtime 1747920841.854128
DEBUG 2025-06-06 15:59:13,994 autoreload 18716 17356 File C:\PROJECTS\NEXTJS-SPACE\Lib\site-packages\django\contrib\admin\models.py first seen with mtime 1747644914.9600234
DEBUG 2025-06-06 15:59:13,994 autoreload 18716 17356 File C:\Program Files\WindowsApps\PythonSoftwareFoundation.Python.3.12_3.12.2800.0_x64__qbz5n2kfra8p0\Lib\typing.py first seen with mtime 1740483584.1941452
DEBUG 2025-06-06 15:59:13,994 autoreload 18716 17356 File C:\PROJECTS\NEXTJS-SPACE\Lib\site-packages\django\views\generic\list.py first seen with mtime 1747644923.4699817
DEBUG 2025-06-06 15:59:13,994 autoreload 18716 17356 File C:\PROJECTS\NEXTJS-SPACE\Lib\site-packages\bs4\dammit.py first seen with mtime 1747906836.5597763
DEBUG 2025-06-06 15:59:13,994 autoreload 18716 17356 File C:\PROJECTS\NEXTJS-SPACE\Lib\site-packages\rest_framework_simplejwt\settings.py first seen with mtime 1747645387.1270635
DEBUG 2025-06-06 15:59:13,994 autoreload 18716 17356 File C:\PROJECTS\NEXTJS-SPACE\Lib\site-packages\kombu\common.py first seen with mtime 1747904801.523224
DEBUG 2025-06-06 15:59:13,994 autoreload 18716 17356 File C:\Program Files\WindowsApps\PythonSoftwareFoundation.Python.3.12_3.12.2800.0_x64__qbz5n2kfra8p0\Lib\email\utils.py first seen with mtime 1740483566.8440988
DEBUG 2025-06-06 15:59:13,994 autoreload 18716 17356 File C:\PROJECTS\NEXTJS-SPACE\Lib\site-packages\rest_framework_simplejwt\views.py first seen with mtime 1747645387.1366558
DEBUG 2025-06-06 15:59:13,994 autoreload 18716 17356 File C:\PROJECTS\NEXTJS-SPACE\Lib\site-packages\vine\funtools.py first seen with mtime 1747904794.8333447
DEBUG 2025-06-06 15:59:13,994 autoreload 18716 17356 File C:\PROJECTS\NEXTJS-SPACE\Lib\site-packages\django\db\backends\utils.py first seen with mtime 1747644922.329013
DEBUG 2025-06-06 15:59:13,994 autoreload 18716 17356 File C:\Program Files\WindowsApps\PythonSoftwareFoundation.Python.3.12_3.12.2800.0_x64__qbz5n2kfra8p0\Lib\gettext.py first seen with mtime 1740483568.8085895
DEBUG 2025-06-06 15:59:13,994 autoreload 18716 17356 File C:\PROJECTS\NEXTJS-SPACE\Lib\site-packages\django\db\backends\base\validation.py first seen with mtime 1747644922.3565428
DEBUG 2025-06-06 15:59:13,994 autoreload 18716 17356 File C:\Program Files\WindowsApps\PythonSoftwareFoundation.Python.3.12_3.12.2800.0_x64__qbz5n2kfra8p0\Lib\email\__init__.py first seen with mtime 1740483566.8583634
DEBUG 2025-06-06 15:59:13,994 autoreload 18716 17356 File C:\PROJECTS\NEXTJS-SPACE\Lib\site-packages\django\template\exceptions.py first seen with mtime 1747644923.0698173
DEBUG 2025-06-06 15:59:13,994 autoreload 18716 17356 File C:\Program Files\WindowsApps\PythonSoftwareFoundation.Python.3.12_3.12.2800.0_x64__qbz5n2kfra8p0\Lib\bz2.py first seen with mtime 1740483566.0094194
DEBUG 2025-06-06 15:59:13,994 autoreload 18716 17356 File C:\PROJECTS\NEXTJS-SPACE\Lib\site-packages\amqp\channel.py first seen with mtime 1747904801.0620947
DEBUG 2025-06-06 15:59:13,994 autoreload 18716 17356 File C:\PROJECTS\NEXTJS-SPACE\Lib\site-packages\django\db\backends\postgresql\operations.py first seen with mtime 1747644922.4534106
DEBUG 2025-06-06 15:59:13,994 autoreload 18716 17356 File C:\Program Files\WindowsApps\PythonSoftwareFoundation.Python.3.12_3.12.2800.0_x64__qbz5n2kfra8p0\Lib\unittest\signals.py first seen with mtime 1740483584.205911
DEBUG 2025-06-06 15:59:13,994 autoreload 18716 17356 File C:\PROJECTS\NEXTJS-SPACE\Lib\site-packages\django\core\serializers\json.py first seen with mtime 1747644922.2881777
DEBUG 2025-06-06 15:59:13,994 autoreload 18716 17356 File C:\PROJECTS\NEXTJS-SPACE\Lib\site-packages\celery\app\defaults.py first seen with mtime 1747904803.8114166
DEBUG 2025-06-06 15:59:13,994 autoreload 18716 17356 File C:\Program Files\WindowsApps\PythonSoftwareFoundation.Python.3.12_3.12.2800.0_x64__qbz5n2kfra8p0\Lib\quopri.py first seen with mtime 1740483574.7050028
DEBUG 2025-06-06 15:59:13,994 autoreload 18716 17356 File C:\PROJECTS\NEXTJS-SPACE\Lib\site-packages\dateutil\parser\_parser.py first seen with mtime 1747904799.9261146
DEBUG 2025-06-06 15:59:13,994 autoreload 18716 17356 File C:\PROJECTS\NEXTJS-SPACE\Lib\site-packages\django\middleware\security.py first seen with mtime 1747644923.030993
DEBUG 2025-06-06 15:59:13,994 autoreload 18716 17356 File C:\PROJECTS\NEXTJS-SPACE\Lib\site-packages\bs4\__init__.py first seen with mtime 1747906836.539727
DEBUG 2025-06-06 15:59:13,994 autoreload 18716 17356 File C:\PROJECTS\NEXTJS-SPACE\Lib\site-packages\django\db\models\functions\__init__.py first seen with mtime 1747644922.6002803
DEBUG 2025-06-06 15:59:13,994 autoreload 18716 17356 File C:\Program Files\WindowsApps\PythonSoftwareFoundation.Python.3.12_3.12.2800.0_x64__qbz5n2kfra8p0\Lib\unittest\loader.py first seen with mtime 1740483584.205911
DEBUG 2025-06-06 15:59:13,994 autoreload 18716 17356 File C:\PROJECTS\NEXTJS-SPACE\Lib\site-packages\numpy\lib\__init__.py first seen with mtime 1747920841.9976225
DEBUG 2025-06-06 15:59:13,994 autoreload 18716 17356 File C:\PROJECTS\NEXTJS-SPACE\Lib\site-packages\numpy\lib\_arraysetops_impl.py first seen with mtime 1747920841.8775718
DEBUG 2025-06-06 15:59:13,994 autoreload 18716 17356 File C:\PROJECTS\NEXTJS-SPACE\Lib\site-packages\django\core\checks\security\sessions.py first seen with mtime 1747644922.0144017
DEBUG 2025-06-06 15:59:14,000 autoreload 18716 17356 File C:\PROJECTS\NEXTJS-SPACE\Lib\site-packages\celery\app\annotations.py first seen with mtime 1747904803.7957578
DEBUG 2025-06-06 15:59:14,000 autoreload 18716 17356 File C:\PROJECTS\NEXTJS-SPACE\Lib\site-packages\django\db\models\query.py first seen with mtime 1747644922.5591714
DEBUG 2025-06-06 15:59:14,000 autoreload 18716 17356 File C:\Program Files\WindowsApps\PythonSoftwareFoundation.Python.3.12_3.12.2800.0_x64__qbz5n2kfra8p0\Lib\wsgiref\headers.py first seen with mtime 1740483584.4913423
DEBUG 2025-06-06 15:59:14,000 autoreload 18716 17356 File C:\PROJECTS\backend\backend\urls.py first seen with mtime 1749114770.438978
DEBUG 2025-06-06 15:59:14,000 autoreload 18716 17356 File C:\PROJECTS\NEXTJS-SPACE\Lib\site-packages\django\contrib\postgres\forms\ranges.py first seen with mtime 1747644919.7562106
DEBUG 2025-06-06 15:59:14,000 autoreload 18716 17356 File C:\PROJECTS\NEXTJS-SPACE\Lib\site-packages\urllib3\connection.py first seen with mtime 1747829987.1718888
DEBUG 2025-06-06 15:59:14,000 autoreload 18716 17356 File C:\PROJECTS\NEXTJS-SPACE\Lib\site-packages\django\utils\deconstruct.py first seen with mtime 1747644923.2647555
DEBUG 2025-06-06 15:59:14,000 autoreload 18716 17356 File C:\Program Files\WindowsApps\PythonSoftwareFoundation.Python.3.12_3.12.2800.0_x64__qbz5n2kfra8p0\Lib\urllib\error.py first seen with mtime 1740483584.339499
DEBUG 2025-06-06 15:59:14,001 autoreload 18716 17356 File C:\PROJECTS\NEXTJS-SPACE\Lib\site-packages\sqlparse\lexer.py first seen with mtime 1747644912.9522085
DEBUG 2025-06-06 15:59:14,001 autoreload 18716 17356 File C:\PROJECTS\NEXTJS-SPACE\Lib\site-packages\click\exceptions.py first seen with mtime 1747904800.5500567
DEBUG 2025-06-06 15:59:14,001 autoreload 18716 17356 File C:\PROJECTS\NEXTJS-SPACE\Lib\site-packages\django\db\migrations\exceptions.py first seen with mtime 1747644922.4899738
DEBUG 2025-06-06 15:59:14,001 autoreload 18716 17356 File C:\Program Files\WindowsApps\PythonSoftwareFoundation.Python.3.12_3.12.2800.0_x64__qbz5n2kfra8p0\Lib\unittest\main.py first seen with mtime 1740483584.205911
DEBUG 2025-06-06 15:59:14,001 autoreload 18716 17356 File C:\PROJECTS\NEXTJS-SPACE\Lib\site-packages\django\forms\__init__.py first seen with mtime 1747644922.6502094
DEBUG 2025-06-06 15:59:14,001 autoreload 18716 17356 File C:\Program Files\WindowsApps\PythonSoftwareFoundation.Python.3.12_3.12.2800.0_x64__qbz5n2kfra8p0\Lib\_weakrefset.py first seen with mtime 1740483586.2516484
DEBUG 2025-06-06 15:59:14,001 autoreload 18716 17356 File C:\Program Files\WindowsApps\PythonSoftwareFoundation.Python.3.12_3.12.2800.0_x64__qbz5n2kfra8p0\Lib\asyncio\futures.py first seen with mtime 1740483565.644843
DEBUG 2025-06-06 15:59:14,001 autoreload 18716 17356 File C:\PROJECTS\NEXTJS-SPACE\Lib\site-packages\django\dispatch\dispatcher.py first seen with mtime 1747644922.6453161
DEBUG 2025-06-06 15:59:14,001 autoreload 18716 17356 File C:\Program Files\WindowsApps\PythonSoftwareFoundation.Python.3.12_3.12.2800.0_x64__qbz5n2kfra8p0\Lib\importlib\readers.py first seen with mtime 1740483572.6686196
DEBUG 2025-06-06 15:59:14,001 autoreload 18716 17356 File C:\PROJECTS\NEXTJS-SPACE\Lib\site-packages\django\contrib\sessions\__init__.py first seen with mtime 1747644920.6346219
DEBUG 2025-06-06 15:59:14,002 autoreload 18716 17356 File C:\PROJECTS\NEXTJS-SPACE\Lib\site-packages\django\db\backends\postgresql\__init__.py first seen with mtime 1747644922.435865
DEBUG 2025-06-06 15:59:14,002 autoreload 18716 17356 File C:\PROJECTS\NEXTJS-SPACE\Lib\site-packages\numpy\lib\mixins.py first seen with mtime 1747920841.8237593
DEBUG 2025-06-06 15:59:14,002 autoreload 18716 17356 File C:\Program Files\WindowsApps\PythonSoftwareFoundation.Python.3.12_3.12.2800.0_x64__qbz5n2kfra8p0\Lib\asyncio\sslproto.py first seen with mtime 1740483565.671466
DEBUG 2025-06-06 15:59:14,002 autoreload 18716 17356 File C:\PROJECTS\NEXTJS-SPACE\Lib\site-packages\numpy\_core\multiarray.py first seen with mtime 1747920843.734766
DEBUG 2025-06-06 15:59:14,002 autoreload 18716 17356 File C:\PROJECTS\NEXTJS-SPACE\Lib\site-packages\django\contrib\contenttypes\fields.py first seen with mtime 1747644917.5643766
DEBUG 2025-06-06 15:59:14,002 autoreload 18716 17356 File C:\PROJECTS\NEXTJS-SPACE\Lib\site-packages\django\utils\connection.py first seen with mtime 1747644923.2350986
DEBUG 2025-06-06 15:59:14,003 autoreload 18716 17356 File C:\PROJECTS\NEXTJS-SPACE\Lib\site-packages\requests\_internal_utils.py first seen with mtime 1747829988.8279288
DEBUG 2025-06-06 15:59:14,003 autoreload 18716 17356 File C:\PROJECTS\NEXTJS-SPACE\Lib\site-packages\django\template\loaders\__init__.py first seen with mtime 1747644923.1098561
DEBUG 2025-06-06 15:59:14,003 autoreload 18716 17356 File C:\PROJECTS\NEXTJS-SPACE\Lib\site-packages\PIL\ImageMode.py first seen with mtime 1747645869.6673014
DEBUG 2025-06-06 15:59:14,003 autoreload 18716 17356 File C:\PROJECTS\NEXTJS-SPACE\Lib\site-packages\bs4\_typing.py first seen with mtime 1747906836.5478418
DEBUG 2025-06-06 15:59:14,003 autoreload 18716 17356 File C:\PROJECTS\NEXTJS-SPACE\Lib\site-packages\django\db\migrations\operations\special.py first seen with mtime 1747644922.5266962
DEBUG 2025-06-06 15:59:14,003 autoreload 18716 17356 File C:\PROJECTS\NEXTJS-SPACE\Lib\site-packages\numpy\lib\format.py first seen with mtime 1747920841.807916
DEBUG 2025-06-06 15:59:14,004 autoreload 18716 17356 File C:\PROJECTS\NEXTJS-SPACE\Lib\site-packages\django\contrib\sites\shortcuts.py first seen with mtime 1747644921.2712622
DEBUG 2025-06-06 15:59:14,004 autoreload 18716 17356 File C:\PROJECTS\NEXTJS-SPACE\Lib\site-packages\numpy\_core\einsumfunc.py first seen with mtime 1747920843.6679769
DEBUG 2025-06-06 15:59:14,004 autoreload 18716 17356 File C:\PROJECTS\NEXTJS-SPACE\Lib\site-packages\psycopg2\errors.py first seen with mtime 1747644913.5110443
DEBUG 2025-06-06 15:59:14,004 autoreload 18716 17356 File C:\PROJECTS\NEXTJS-SPACE\Lib\site-packages\vine\utils.py first seen with mtime 1747904794.8411405
DEBUG 2025-06-06 15:59:14,004 autoreload 18716 17356 File C:\PROJECTS\NEXTJS-SPACE\Lib\site-packages\bs4\element.py first seen with mtime 1747906836.5698354
DEBUG 2025-06-06 15:59:14,004 autoreload 18716 17356 File C:\PROJECTS\NEXTJS-SPACE\Lib\site-packages\requests\certs.py first seen with mtime 1747829988.8435304
DEBUG 2025-06-06 15:59:14,004 autoreload 18716 17356 File C:\PROJECTS\NEXTJS-SPACE\Lib\site-packages\django\utils\decorators.py first seen with mtime 1747644923.270151
DEBUG 2025-06-06 15:59:14,004 autoreload 18716 17356 File C:\PROJECTS\NEXTJS-SPACE\Lib\site-packages\django\contrib\sessions\apps.py first seen with mtime 1747644920.638083
DEBUG 2025-06-06 15:59:14,004 autoreload 18716 17356 File C:\PROJECTS\NEXTJS-SPACE\Lib\site-packages\billiard\util.py first seen with mtime 1747904799.1623583
DEBUG 2025-06-06 15:59:14,004 autoreload 18716 17356 File C:\PROJECTS\NEXTJS-SPACE\Lib\site-packages\numpy\_core\printoptions.py first seen with mtime 1747920843.7649295
DEBUG 2025-06-06 15:59:14,004 autoreload 18716 17356 File C:\PROJECTS\NEXTJS-SPACE\Lib\site-packages\numpy\linalg\linalg.py first seen with mtime 1747920842.09789
DEBUG 2025-06-06 15:59:14,004 autoreload 18716 17356 File C:\Program Files\WindowsApps\PythonSoftwareFoundation.Python.3.12_3.12.2800.0_x64__qbz5n2kfra8p0\Lib\asyncio\coroutines.py first seen with mtime 1740483565.644843
DEBUG 2025-06-06 15:59:14,004 autoreload 18716 17356 File C:\PROJECTS\NEXTJS-SPACE\Lib\site-packages\corsheaders\apps.py first seen with mtime 1747645208.9103503
DEBUG 2025-06-06 15:59:14,004 autoreload 18716 17356 File C:\PROJECTS\NEXTJS-SPACE\Lib\site-packages\charset_normalizer\md__mypyc.cp312-win_amd64.pyd first seen with mtime 1747829988.4517486
DEBUG 2025-06-06 15:59:14,004 autoreload 18716 17356 File C:\Program Files\WindowsApps\PythonSoftwareFoundation.Python.3.12_3.12.2800.0_x64__qbz5n2kfra8p0\Lib\difflib.py first seen with mtime 1744180882.0781486
DEBUG 2025-06-06 15:59:14,004 autoreload 18716 17356 File C:\PROJECTS\NEXTJS-SPACE\Lib\site-packages\django\core\servers\basehttp.py first seen with mtime 1747644922.3103058
DEBUG 2025-06-06 15:59:14,004 autoreload 18716 17356 File C:\PROJECTS\NEXTJS-SPACE\Lib\site-packages\django\core\checks\model_checks.py first seen with mtime 1747644921.9867115
DEBUG 2025-06-06 15:59:14,004 autoreload 18716 17356 File C:\PROJECTS\NEXTJS-SPACE\Lib\site-packages\kombu\utils\json.py first seen with mtime 1747904801.7480395
DEBUG 2025-06-06 15:59:14,004 autoreload 18716 17356 File C:\PROJECTS\NEXTJS-SPACE\Lib\site-packages\django\templatetags\l10n.py first seen with mtime 1747644923.1303055
DEBUG 2025-06-06 15:59:14,004 autoreload 18716 17356 File C:\PROJECTS\NEXTJS-SPACE\Lib\site-packages\urllib3\fields.py first seen with mtime 1747829987.1848483
DEBUG 2025-06-06 15:59:14,004 autoreload 18716 17356 File C:\PROJECTS\NEXTJS-SPACE\Lib\site-packages\celery\utils\dispatch\signal.py first seen with mtime 1747904804.211011
DEBUG 2025-06-06 15:59:14,004 autoreload 18716 17356 File C:\PROJECTS\NEXTJS-SPACE\Lib\site-packages\numpy\_core\_type_aliases.py first seen with mtime 1747920844.0254269
DEBUG 2025-06-06 15:59:14,004 autoreload 18716 17356 File C:\PROJECTS\NEXTJS-SPACE\Lib\site-packages\corsheaders\defaults.py first seen with mtime 1747645208.9219613
DEBUG 2025-06-06 15:59:14,004 autoreload 18716 17356 File C:\PROJECTS\NEXTJS-SPACE\Lib\site-packages\django\db\models\fields\related_lookups.py first seen with mtime 1747644922.5929716
DEBUG 2025-06-06 15:59:14,004 autoreload 18716 17356 File C:\PROJECTS\NEXTJS-SPACE\Lib\site-packages\rest_framework\utils\html.py first seen with mtime 1747644938.3034978
DEBUG 2025-06-06 15:59:14,004 autoreload 18716 17356 File C:\PROJECTS\NEXTJS-SPACE\Lib\site-packages\django\template\loader_tags.py first seen with mtime 1747644923.0835288
DEBUG 2025-06-06 15:59:14,009 autoreload 18716 17356 File C:\PROJECTS\NEXTJS-SPACE\Lib\site-packages\django\contrib\messages\api.py first seen with mtime 1747644919.678395
DEBUG 2025-06-06 15:59:14,009 autoreload 18716 17356 File C:\PROJECTS\NEXTJS-SPACE\Lib\site-packages\numpy\__config__.py first seen with mtime 1747920841.1276224
DEBUG 2025-06-06 15:59:14,009 autoreload 18716 17356 File C:\PROJECTS\NEXTJS-SPACE\Lib\site-packages\django\contrib\postgres\forms\array.py first seen with mtime 1747644919.7517161
DEBUG 2025-06-06 15:59:14,010 autoreload 18716 17356 File C:\PROJECTS\NEXTJS-SPACE\Lib\site-packages\kombu\utils\compat.py first seen with mtime 1747904801.7288687
DEBUG 2025-06-06 15:59:14,010 autoreload 18716 17356 File C:\PROJECTS\NEXTJS-SPACE\Lib\site-packages\django\http\response.py first seen with mtime 1747644922.997974
DEBUG 2025-06-06 15:59:14,011 autoreload 18716 17356 File C:\PROJECTS\NEXTJS-SPACE\Lib\site-packages\kombu\utils\url.py first seen with mtime 1747904801.7691593
DEBUG 2025-06-06 15:59:14,011 autoreload 18716 17356 File C:\PROJECTS\NEXTJS-SPACE\Lib\site-packages\rest_framework\exceptions.py first seen with mtime 1747644937.4335775
DEBUG 2025-06-06 15:59:14,011 autoreload 18716 17356 File C:\PROJECTS\NEXTJS-SPACE\Lib\site-packages\django\core\__init__.py first seen with mtime 1747644921.887848
DEBUG 2025-06-06 15:59:14,011 autoreload 18716 17356 File C:\PROJECTS\NEXTJS-SPACE\Lib\site-packages\sqlparse\__init__.py first seen with mtime 1747644912.93654
DEBUG 2025-06-06 15:59:14,011 autoreload 18716 17356 File C:\PROJECTS\NEXTJS-SPACE\Lib\site-packages\numpy\lib\_npyio_impl.py first seen with mtime 1747920841.94538
DEBUG 2025-06-06 15:59:14,011 autoreload 18716 17356 File C:\PROJECTS\NEXTJS-SPACE\Lib\site-packages\dateutil\tz\tz.py first seen with mtime 1747904799.9477086
DEBUG 2025-06-06 15:59:14,013 autoreload 18716 17356 File C:\PROJECTS\NEXTJS-SPACE\Lib\site-packages\celery\loaders\__init__.py first seen with mtime 1747904804.1126213
DEBUG 2025-06-06 15:59:14,013 autoreload 18716 17356 File C:\PROJECTS\NEXTJS-SPACE\Lib\site-packages\django\forms\forms.py first seen with mtime 1747644922.6604476
DEBUG 2025-06-06 15:59:14,013 autoreload 18716 17356 File C:\PROJECTS\NEXTJS-SPACE\Lib\site-packages\django\utils\version.py first seen with mtime 1747644923.3804195
DEBUG 2025-06-06 15:59:14,013 autoreload 18716 17356 File C:\PROJECTS\NEXTJS-SPACE\Lib\site-packages\vine\promises.py first seen with mtime 1747904794.835518
DEBUG 2025-06-06 15:59:14,014 autoreload 18716 17356 File C:\PROJECTS\NEXTJS-SPACE\Lib\site-packages\urllib3\filepost.py first seen with mtime 1747829987.1882231
DEBUG 2025-06-06 15:59:14,014 autoreload 18716 17356 File C:\Program Files\WindowsApps\PythonSoftwareFoundation.Python.3.12_3.12.2800.0_x64__qbz5n2kfra8p0\Lib\encodings\idna.py first seen with mtime 1740483567.0957575
DEBUG 2025-06-06 15:59:14,014 autoreload 18716 17356 File C:\PROJECTS\NEXTJS-SPACE\Lib\site-packages\numpy\_core\_methods.py first seen with mtime 1747920843.864241
DEBUG 2025-06-06 15:59:14,014 autoreload 18716 17356 File C:\PROJECTS\NEXTJS-SPACE\Lib\site-packages\django\template\smartif.py first seen with mtime 1747644923.0900648
DEBUG 2025-06-06 15:59:14,014 autoreload 18716 17356 File C:\PROJECTS\NEXTJS-SPACE\Lib\site-packages\requests\structures.py first seen with mtime 1747829988.8870711
DEBUG 2025-06-06 15:59:14,014 autoreload 18716 17356 File C:\PROJECTS\NEXTJS-SPACE\Lib\site-packages\numpy\lib\_version.py first seen with mtime 1747920841.9976225
DEBUG 2025-06-06 15:59:14,014 autoreload 18716 17356 File C:\PROJECTS\NEXTJS-SPACE\Lib\site-packages\django\contrib\__init__.py first seen with mtime 1747644914.9399629
DEBUG 2025-06-06 15:59:14,014 autoreload 18716 17356 File C:\PROJECTS\NEXTJS-SPACE\Lib\site-packages\rest_framework\permissions.py first seen with mtime 1747644937.4701357
DEBUG 2025-06-06 15:59:14,014 autoreload 18716 17356 File C:\PROJECTS\NEXTJS-SPACE\Lib\site-packages\rest_framework\schemas\utils.py first seen with mtime 1747644937.862891
DEBUG 2025-06-06 15:59:14,014 autoreload 18716 17356 File C:\Program Files\WindowsApps\PythonSoftwareFoundation.Python.3.12_3.12.2800.0_x64__qbz5n2kfra8p0\Lib\multiprocessing\reduction.py first seen with mtime 1740483574.3636167
DEBUG 2025-06-06 15:59:14,014 autoreload 18716 17356 File C:\Program Files\WindowsApps\PythonSoftwareFoundation.Python.3.12_3.12.2800.0_x64__qbz5n2kfra8p0\Lib\ipaddress.py first seen with mtime 1740483572.8345022
DEBUG 2025-06-06 15:59:14,016 autoreload 18716 17356 File C:\PROJECTS\NEXTJS-SPACE\Lib\site-packages\django\db\models\fields\reverse_related.py first seen with mtime 1747644922.5929716
DEBUG 2025-06-06 15:59:14,016 autoreload 18716 17356 File C:\PROJECTS\NEXTJS-SPACE\Lib\site-packages\sqlparse\filters\aligned_indent.py first seen with mtime 1747644912.9836655
DEBUG 2025-06-06 15:59:14,016 autoreload 18716 17356 File C:\PROJECTS\NEXTJS-SPACE\Lib\site-packages\PIL\Image.py first seen with mtime 1747645869.6384084
DEBUG 2025-06-06 15:59:14,016 autoreload 18716 17356 File C:\PROJECTS\NEXTJS-SPACE\Lib\site-packages\kombu\utils\collections.py first seen with mtime 1747904801.726839
DEBUG 2025-06-06 15:59:14,016 autoreload 18716 17356 File C:\Program Files\WindowsApps\PythonSoftwareFoundation.Python.3.12_3.12.2800.0_x64__qbz5n2kfra8p0\Lib\contextvars.py first seen with mtime 1740483566.105165
DEBUG 2025-06-06 15:59:14,016 autoreload 18716 17356 File C:\PROJECTS\NEXTJS-SPACE\Lib\site-packages\requests\cookies.py first seen with mtime 1747829988.850383
DEBUG 2025-06-06 15:59:14,016 autoreload 18716 17356 File C:\PROJECTS\NEXTJS-SPACE\Lib\site-packages\kombu\utils\functional.py first seen with mtime 1747904801.7428682
DEBUG 2025-06-06 15:59:14,016 autoreload 18716 17356 File C:\PROJECTS\NEXTJS-SPACE\Lib\site-packages\django\core\checks\files.py first seen with mtime 1747644921.9820726
DEBUG 2025-06-06 15:59:14,016 autoreload 18716 17356 File C:\PROJECTS\NEXTJS-SPACE\Lib\site-packages\django\db\backends\base\base.py first seen with mtime 1747644922.3358476
DEBUG 2025-06-06 15:59:14,016 autoreload 18716 17356 File C:\PROJECTS\NEXTJS-SPACE\Lib\site-packages\django\core\files\__init__.py first seen with mtime 1747644922.0178208
DEBUG 2025-06-06 15:59:14,016 autoreload 18716 17356 File C:\PROJECTS\NEXTJS-SPACE\Lib\site-packages\psycopg2\extras.py first seen with mtime 1747644913.5187376
DEBUG 2025-06-06 15:59:14,016 autoreload 18716 17356 File C:\PROJECTS\NEXTJS-SPACE\Lib\site-packages\django\contrib\contenttypes\apps.py first seen with mtime 1747644917.5602887
DEBUG 2025-06-06 15:59:14,016 autoreload 18716 17356 File C:\PROJECTS\NEXTJS-SPACE\Lib\site-packages\kombu\serialization.py first seen with mtime 1747904801.5689108
DEBUG 2025-06-06 15:59:14,016 autoreload 18716 17356 File C:\PROJECTS\NEXTJS-SPACE\Lib\site-packages\googlemaps\directions.py first seen with mtime 1747905130.0803766
DEBUG 2025-06-06 15:59:14,016 autoreload 18716 17356 File C:\PROJECTS\NEXTJS-SPACE\Lib\site-packages\sqlparse\formatter.py first seen with mtime 1747644912.9452157
DEBUG 2025-06-06 15:59:14,016 autoreload 18716 17356 File C:\PROJECTS\NEXTJS-SPACE\Lib\site-packages\django\db\models\aggregates.py first seen with mtime 1747644922.5301163
DEBUG 2025-06-06 15:59:14,016 autoreload 18716 17356 File C:\Program Files\WindowsApps\PythonSoftwareFoundation.Python.3.12_3.12.2800.0_x64__qbz5n2kfra8p0\Lib\importlib\metadata\_collections.py first seen with mtime 1740483572.5963585
DEBUG 2025-06-06 15:59:14,016 autoreload 18716 17356 File C:\Program Files\WindowsApps\PythonSoftwareFoundation.Python.3.12_3.12.2800.0_x64__qbz5n2kfra8p0\Lib\asyncio\constants.py first seen with mtime 1740483565.644843
DEBUG 2025-06-06 15:59:14,016 autoreload 18716 17356 File C:\Program Files\WindowsApps\PythonSoftwareFoundation.Python.3.12_3.12.2800.0_x64__qbz5n2kfra8p0\Lib\nturl2path.py first seen with mtime 1740483574.5369787
DEBUG 2025-06-06 15:59:14,016 autoreload 18716 17356 File C:\PROJECTS\NEXTJS-SPACE\Lib\site-packages\django\utils\html.py first seen with mtime 1747644923.3101008
DEBUG 2025-06-06 15:59:14,016 autoreload 18716 17356 File C:\PROJECTS\NEXTJS-SPACE\Lib\site-packages\numpy\_typing\_scalars.py first seen with mtime 1747920844.7875922
DEBUG 2025-06-06 15:59:14,016 autoreload 18716 17356 File C:\Program Files\WindowsApps\PythonSoftwareFoundation.Python.3.12_3.12.2800.0_x64__qbz5n2kfra8p0\Lib\re\_casefix.py first seen with mtime 1740483574.7210593
DEBUG 2025-06-06 15:59:14,016 autoreload 18716 17356 File C:\PROJECTS\NEXTJS-SPACE\Lib\site-packages\requests\sessions.py first seen with mtime 1747829988.8829706
DEBUG 2025-06-06 15:59:14,020 autoreload 18716 17356 File C:\PROJECTS\NEXTJS-SPACE\Lib\site-packages\kombu\compression.py first seen with mtime 1747904801.5273902
DEBUG 2025-06-06 15:59:14,020 autoreload 18716 17356 File C:\PROJECTS\NEXTJS-SPACE\Lib\site-packages\celery\utils\quorum_queues.py first seen with mtime 1747904804.1840484
DEBUG 2025-06-06 15:59:14,020 autoreload 18716 17356 File C:\PROJECTS\NEXTJS-SPACE\Lib\site-packages\django\core\files\storage\__init__.py first seen with mtime 1747644922.053495
DEBUG 2025-06-06 15:59:14,020 autoreload 18716 17356 File C:\PROJECTS\NEXTJS-SPACE\Lib\site-packages\django\db\migrations\utils.py first seen with mtime 1747644922.511603
DEBUG 2025-06-06 15:59:14,020 autoreload 18716 17356 File C:\PROJECTS\NEXTJS-SPACE\Lib\site-packages\django\db\models\fields\composite.py first seen with mtime 1747644922.5698588
DEBUG 2025-06-06 15:59:14,020 autoreload 18716 17356 File C:\Program Files\WindowsApps\PythonSoftwareFoundation.Python.3.12_3.12.2800.0_x64__qbz5n2kfra8p0\Lib\functools.py first seen with mtime 1740483568.792801
DEBUG 2025-06-06 15:59:14,020 autoreload 18716 17356 File C:\PROJECTS\NEXTJS-SPACE\Lib\site-packages\django\test\client.py first seen with mtime 1747644923.1502125
DEBUG 2025-06-06 15:59:14,021 autoreload 18716 17356 File C:\PROJECTS\NEXTJS-SPACE\Lib\site-packages\click\utils.py first seen with mtime 1747904800.5875802
DEBUG 2025-06-06 15:59:14,021 autoreload 18716 17356 File C:\Program Files\WindowsApps\PythonSoftwareFoundation.Python.3.12_3.12.2800.0_x64__qbz5n2kfra8p0\Lib\opcode.py first seen with mtime 1740483574.5369787
DEBUG 2025-06-06 15:59:14,021 autoreload 18716 17356 File C:\Program Files\WindowsApps\PythonSoftwareFoundation.Python.3.12_3.12.2800.0_x64__qbz5n2kfra8p0\DLLs\_ctypes.pyd first seen with mtime 1744180879.6204927
DEBUG 2025-06-06 15:59:14,021 autoreload 18716 17356 File C:\PROJECTS\NEXTJS-SPACE\Lib\site-packages\rest_framework\utils\urls.py first seen with mtime 1747644938.331357
DEBUG 2025-06-06 15:59:14,021 autoreload 18716 17356 File C:\PROJECTS\NEXTJS-SPACE\Lib\site-packages\numpy\_expired_attrs_2_0.py first seen with mtime 1747920841.1077054
DEBUG 2025-06-06 15:59:14,021 autoreload 18716 17356 File C:\PROJECTS\NEXTJS-SPACE\Lib\site-packages\celery\utils\threads.py first seen with mtime 1747904804.2005427
DEBUG 2025-06-06 15:59:14,021 autoreload 18716 17356 File C:\Program Files\WindowsApps\PythonSoftwareFoundation.Python.3.12_3.12.2800.0_x64__qbz5n2kfra8p0\Lib\multiprocessing\process.py first seen with mtime 1740483574.3604422
DEBUG 2025-06-06 15:59:14,021 autoreload 18716 17356 File C:\PROJECTS\NEXTJS-SPACE\Lib\site-packages\django\core\checks\commands.py first seen with mtime 1747644921.976747
DEBUG 2025-06-06 15:59:14,021 autoreload 18716 17356 File C:\PROJECTS\NEXTJS-SPACE\Lib\site-packages\celery\utils\text.py first seen with mtime 1747904804.1979003
DEBUG 2025-06-06 15:59:14,022 autoreload 18716 17356 File C:\Program Files\WindowsApps\PythonSoftwareFoundation.Python.3.12_3.12.2800.0_x64__qbz5n2kfra8p0\Lib\token.py first seen with mtime 1740483584.0158072
DEBUG 2025-06-06 15:59:14,022 autoreload 18716 17356 File C:\PROJECTS\NEXTJS-SPACE\Lib\site-packages\django\contrib\messages\utils.py first seen with mtime 1747644919.6799116
DEBUG 2025-06-06 15:59:14,022 autoreload 18716 17356 File C:\PROJECTS\NEXTJS-SPACE\Lib\site-packages\django_filters\exceptions.py first seen with mtime 1747652147.9663947
DEBUG 2025-06-06 15:59:14,022 autoreload 18716 17356 File C:\Program Files\WindowsApps\PythonSoftwareFoundation.Python.3.12_3.12.2800.0_x64__qbz5n2kfra8p0\DLLs\_queue.pyd first seen with mtime 1744180879.7136908
DEBUG 2025-06-06 15:59:14,022 autoreload 18716 17356 File C:\PROJECTS\NEXTJS-SPACE\Lib\site-packages\numpy\exceptions.py first seen with mtime 1747920841.0778308
DEBUG 2025-06-06 15:59:14,022 autoreload 18716 17356 File C:\PROJECTS\NEXTJS-SPACE\Lib\site-packages\django\http\multipartparser.py first seen with mtime 1747644922.9889932
DEBUG 2025-06-06 15:59:14,022 autoreload 18716 17356 File C:\Program Files\WindowsApps\PythonSoftwareFoundation.Python.3.12_3.12.2800.0_x64__qbz5n2kfra8p0\Lib\enum.py first seen with mtime 1744180886.123786
DEBUG 2025-06-06 15:59:14,023 autoreload 18716 17356 File C:\PROJECTS\NEXTJS-SPACE\Lib\site-packages\django\contrib\sessions\models.py first seen with mtime 1747644920.6453304
DEBUG 2025-06-06 15:59:14,023 autoreload 18716 17356 File C:\PROJECTS\NEXTJS-SPACE\Lib\site-packages\urllib3\util\response.py first seen with mtime 1747829987.2670188
DEBUG 2025-06-06 15:59:14,023 autoreload 18716 17356 File C:\PROJECTS\NEXTJS-SPACE\Lib\site-packages\colorama\win32.py first seen with mtime 1747904798.7351198
DEBUG 2025-06-06 15:59:14,023 autoreload 18716 17356 File C:\PROJECTS\NEXTJS-SPACE\Lib\site-packages\django\core\checks\__init__.py first seen with mtime 1747644921.967095
DEBUG 2025-06-06 15:59:14,023 autoreload 18716 17356 File C:\PROJECTS\NEXTJS-SPACE\Lib\site-packages\urllib3\_base_connection.py first seen with mtime 1747829987.1554468
DEBUG 2025-06-06 15:59:14,023 autoreload 18716 17356 File C:\Program Files\WindowsApps\PythonSoftwareFoundation.Python.3.12_3.12.2800.0_x64__qbz5n2kfra8p0\DLLs\_hashlib.pyd first seen with mtime 1744180879.667673
DEBUG 2025-06-06 15:59:14,024 autoreload 18716 17356 File C:\Program Files\WindowsApps\PythonSoftwareFoundation.Python.3.12_3.12.2800.0_x64__qbz5n2kfra8p0\DLLs\_lzma.pyd first seen with mtime 1744180879.695452
DEBUG 2025-06-06 15:59:14,024 autoreload 18716 17356 File C:\PROJECTS\NEXTJS-SPACE\Lib\site-packages\django\core\files\storage\filesystem.py first seen with mtime 1747644922.063952
DEBUG 2025-06-06 15:59:14,024 autoreload 18716 17356 File C:\PROJECTS\NEXTJS-SPACE\Lib\site-packages\django\contrib\admindocs\__init__.py first seen with mtime 1747644916.530347
DEBUG 2025-06-06 15:59:14,024 autoreload 18716 17356 File C:\PROJECTS\NEXTJS-SPACE\Lib\site-packages\django\db\migrations\operations\__init__.py first seen with mtime 1747644922.511603
DEBUG 2025-06-06 15:59:14,024 autoreload 18716 17356 File C:\PROJECTS\NEXTJS-SPACE\Lib\site-packages\urllib3\util\connection.py first seen with mtime 1747829987.2596369
DEBUG 2025-06-06 15:59:14,024 autoreload 18716 17356 File C:\Program Files\WindowsApps\PythonSoftwareFoundation.Python.3.12_3.12.2800.0_x64__qbz5n2kfra8p0\Lib\asyncio\proactor_events.py first seen with mtime 1740483565.6608353
DEBUG 2025-06-06 15:59:14,026 autoreload 18716 17356 File C:\PROJECTS\NEXTJS-SPACE\Lib\site-packages\celery\_state.py first seen with mtime 1747904803.7595198
DEBUG 2025-06-06 15:59:14,026 autoreload 18716 17356 File C:\PROJECTS\NEXTJS-SPACE\Lib\site-packages\django\utils\timesince.py first seen with mtime 1747644923.3632188
DEBUG 2025-06-06 15:59:14,026 autoreload 18716 17356 File C:\PROJECTS\NEXTJS-SPACE\Lib\site-packages\psycopg2\_range.py first seen with mtime 1747644913.5055513
DEBUG 2025-06-06 15:59:14,026 autoreload 18716 17356 File C:\PROJECTS\NEXTJS-SPACE\Lib\site-packages\numpy\dtypes.py first seen with mtime 1747920841.0677142
DEBUG 2025-06-06 15:59:14,026 autoreload 18716 17356 File C:\PROJECTS\NEXTJS-SPACE\Lib\site-packages\psycopg2\__init__.py first seen with mtime 1747644913.4532676
DEBUG 2025-06-06 15:59:14,026 autoreload 18716 17356 File C:\PROJECTS\NEXTJS-SPACE\Lib\site-packages\rest_framework\generics.py first seen with mtime 1747644937.4430974
DEBUG 2025-06-06 15:59:14,027 autoreload 18716 17356 File C:\PROJECTS\NEXTJS-SPACE\Lib\site-packages\django\contrib\admin\exceptions.py first seen with mtime 1747644914.9498482
DEBUG 2025-06-06 15:59:14,027 autoreload 18716 17356 File C:\PROJECTS\NEXTJS-SPACE\Lib\site-packages\django\template\base.py first seen with mtime 1747644923.0468197
DEBUG 2025-06-06 15:59:14,027 autoreload 18716 17356 File C:\PROJECTS\NEXTJS-SPACE\Lib\site-packages\django\contrib\admin\views\__init__.py first seen with mtime 1747644916.5197713
DEBUG 2025-06-06 15:59:14,027 autoreload 18716 17356 File C:\PROJECTS\NEXTJS-SPACE\Lib\site-packages\django\contrib\admin\widgets.py first seen with mtime 1747644914.9699879
DEBUG 2025-06-06 15:59:14,027 autoreload 18716 17356 File C:\PROJECTS\NEXTJS-SPACE\Lib\site-packages\amqp\connection.py first seen with mtime 1747904801.0676768
DEBUG 2025-06-06 15:59:14,027 autoreload 18716 17356 File C:\Program Files\WindowsApps\PythonSoftwareFoundation.Python.3.12_3.12.2800.0_x64__qbz5n2kfra8p0\Lib\asyncio\streams.py first seen with mtime 1740483565.67649
DEBUG 2025-06-06 15:59:14,028 autoreload 18716 17356 File C:\PROJECTS\NEXTJS-SPACE\Lib\site-packages\click\parser.py first seen with mtime 1747904800.5683727
DEBUG 2025-06-06 15:59:14,028 autoreload 18716 17356 File C:\PROJECTS\NEXTJS-SPACE\Lib\site-packages\rest_framework\schemas\__init__.py first seen with mtime 1747644937.8455088
DEBUG 2025-06-06 15:59:14,028 autoreload 18716 17356 File C:\PROJECTS\NEXTJS-SPACE\Lib\site-packages\django\contrib\auth\base_user.py first seen with mtime 1747644917.059877
DEBUG 2025-06-06 15:59:14,028 autoreload 18716 17356 File C:\PROJECTS\NEXTJS-SPACE\Lib\site-packages\django\utils\deprecation.py first seen with mtime 1747644923.2762346
DEBUG 2025-06-06 15:59:14,028 autoreload 18716 17356 File C:\PROJECTS\NEXTJS-SPACE\Lib\site-packages\django\utils\text.py first seen with mtime 1747644923.3632188
DEBUG 2025-06-06 15:59:14,028 autoreload 18716 17356 File C:\PROJECTS\NEXTJS-SPACE\Lib\site-packages\django\db\backends\__init__.py first seen with mtime 1747644922.3200455
DEBUG 2025-06-06 15:59:14,028 autoreload 18716 17356 File C:\PROJECTS\NEXTJS-SPACE\Lib\site-packages\django\utils\translation\__init__.py first seen with mtime 1747644923.3900115
DEBUG 2025-06-06 15:59:14,028 autoreload 18716 17356 File C:\PROJECTS\NEXTJS-SPACE\Lib\site-packages\django\shortcuts.py first seen with mtime 1747644914.07367
DEBUG 2025-06-06 15:59:14,028 autoreload 18716 17356 File C:\PROJECTS\NEXTJS-SPACE\Lib\site-packages\rest_framework\__init__.py first seen with mtime 1747644937.4003167
DEBUG 2025-06-06 15:59:14,028 autoreload 18716 17356 File C:\PROJECTS\NEXTJS-SPACE\Lib\site-packages\celery\utils\dispatch\__init__.py first seen with mtime 1747904804.2089262
DEBUG 2025-06-06 15:59:14,028 autoreload 18716 17356 File C:\Program Files\WindowsApps\PythonSoftwareFoundation.Python.3.12_3.12.2800.0_x64__qbz5n2kfra8p0\Lib\glob.py first seen with mtime 1740483568.8085895
DEBUG 2025-06-06 15:59:14,030 autoreload 18716 17356 File C:\Program Files\WindowsApps\PythonSoftwareFoundation.Python.3.12_3.12.2800.0_x64__qbz5n2kfra8p0\Lib\asyncio\base_tasks.py first seen with mtime 1740483565.644843
DEBUG 2025-06-06 15:59:14,030 autoreload 18716 17356 File C:\PROJECTS\NEXTJS-SPACE\Lib\site-packages\idna\__init__.py first seen with mtime 1747829988.071617
DEBUG 2025-06-06 15:59:14,030 autoreload 18716 17356 File C:\PROJECTS\NEXTJS-SPACE\Lib\site-packages\dotenv\parser.py first seen with mtime 1749218278.4568574
DEBUG 2025-06-06 15:59:14,030 autoreload 18716 17356 File C:\PROJECTS\NEXTJS-SPACE\Lib\site-packages\googlemaps\geolocation.py first seen with mtime 1747905130.0993192
DEBUG 2025-06-06 15:59:14,030 autoreload 18716 17356 File C:\PROJECTS\NEXTJS-SPACE\Lib\site-packages\click\termui.py first seen with mtime 1747904800.5775242
DEBUG 2025-06-06 15:59:14,030 autoreload 18716 17356 File C:\PROJECTS\NEXTJS-SPACE\Lib\site-packages\numpy\_distributor_init.py first seen with mtime 1747920841.1077054
DEBUG 2025-06-06 15:59:14,030 autoreload 18716 17356 File C:\PROJECTS\NEXTJS-SPACE\Lib\site-packages\django\core\servers\__init__.py first seen with mtime 1747644922.3036745
DEBUG 2025-06-06 15:59:14,031 autoreload 18716 17356 File C:\PROJECTS\NEXTJS-SPACE\Lib\site-packages\django\utils\autoreload.py first seen with mtime 1747644923.2165585
DEBUG 2025-06-06 15:59:14,031 autoreload 18716 17356 File C:\Program Files\WindowsApps\PythonSoftwareFoundation.Python.3.12_3.12.2800.0_x64__qbz5n2kfra8p0\Lib\warnings.py first seen with mtime 1744180891.423747
DEBUG 2025-06-06 15:59:14,031 autoreload 18716 17356 File C:\Program Files\WindowsApps\PythonSoftwareFoundation.Python.3.12_3.12.2800.0_x64__qbz5n2kfra8p0\Lib\importlib\resources\_legacy.py first seen with mtime 1744180886.2919345
DEBUG 2025-06-06 15:59:14,031 autoreload 18716 17356 File C:\PROJECTS\NEXTJS-SPACE\Lib\site-packages\numpy\lib\_nanfunctions_impl.py first seen with mtime 1747920841.9375918
DEBUG 2025-06-06 15:59:14,031 autoreload 18716 17356 File C:\PROJECTS\NEXTJS-SPACE\Lib\site-packages\numpy\_typing\_shape.py first seen with mtime 1747920844.7923522
DEBUG 2025-06-06 15:59:14,031 autoreload 18716 17356 File C:\Program Files\WindowsApps\PythonSoftwareFoundation.Python.3.12_3.12.2800.0_x64__qbz5n2kfra8p0\Lib\csv.py first seen with mtime 1740483566.1209974
DEBUG 2025-06-06 15:59:14,032 autoreload 18716 17356 File C:\PROJECTS\NEXTJS-SPACE\Lib\site-packages\django\views\decorators\cache.py first seen with mtime 1747644923.4350922
DEBUG 2025-06-06 15:59:14,032 autoreload 18716 17356 File C:\Program Files\WindowsApps\PythonSoftwareFoundation.Python.3.12_3.12.2800.0_x64__qbz5n2kfra8p0\Lib\pathlib.py first seen with mtime 1740483574.5474064
DEBUG 2025-06-06 15:59:14,032 autoreload 18716 17356 File C:\PROJECTS\NEXTJS-SPACE\Lib\site-packages\django\db\models\base.py first seen with mtime 1747644922.5301163
DEBUG 2025-06-06 15:59:14,032 autoreload 18716 17356 File C:\PROJECTS\NEXTJS-SPACE\Lib\site-packages\django\db\transaction.py first seen with mtime 1747644922.315688
DEBUG 2025-06-06 15:59:14,032 autoreload 18716 17356 File C:\PROJECTS\NEXTJS-SPACE\Lib\site-packages\django\test\signals.py first seen with mtime 1747644923.1610324
DEBUG 2025-06-06 15:59:14,032 autoreload 18716 17356 File C:\PROJECTS\NEXTJS-SPACE\Lib\site-packages\django\contrib\auth\backends.py first seen with mtime 1747644917.059877
DEBUG 2025-06-06 15:59:14,032 autoreload 18716 17356 File C:\PROJECTS\NEXTJS-SPACE\Lib\site-packages\dotenv\main.py first seen with mtime 1749218278.4568574
DEBUG 2025-06-06 15:59:14,033 autoreload 18716 17356 File C:\PROJECTS\NEXTJS-SPACE\Lib\site-packages\sqlparse\engine\grouping.py first seen with mtime 1747644912.970018
DEBUG 2025-06-06 15:59:14,033 autoreload 18716 17356 File C:\PROJECTS\NEXTJS-SPACE\Lib\site-packages\rest_framework\urlpatterns.py first seen with mtime 1747644937.5265057
DEBUG 2025-06-06 15:59:14,033 autoreload 18716 17356 File C:\PROJECTS\NEXTJS-SPACE\Lib\site-packages\certifi\__init__.py first seen with mtime 1747829988.7171016
DEBUG 2025-06-06 15:59:14,033 autoreload 18716 17356 File C:\PROJECTS\NEXTJS-SPACE\Lib\site-packages\psycopg2\sql.py first seen with mtime 1747644913.5277448
DEBUG 2025-06-06 15:59:14,033 autoreload 18716 17356 File C:\PROJECTS\NEXTJS-SPACE\Lib\site-packages\django_filters\fields.py first seen with mtime 1747652147.9697862
DEBUG 2025-06-06 15:59:14,033 autoreload 18716 17356 File C:\Program Files\WindowsApps\PythonSoftwareFoundation.Python.3.12_3.12.2800.0_x64__qbz5n2kfra8p0\Lib\unittest\mock.py first seen with mtime 1740483584.205911
DEBUG 2025-06-06 15:59:14,033 autoreload 18716 17356 File C:\PROJECTS\NEXTJS-SPACE\Lib\site-packages\numpy\matrixlib\defmatrix.py first seen with mtime 1747920842.2626653
DEBUG 2025-06-06 15:59:14,034 autoreload 18716 17356 File C:\Program Files\WindowsApps\PythonSoftwareFoundation.Python.3.12_3.12.2800.0_x64__qbz5n2kfra8p0\Lib\dataclasses.py first seen with mtime 1740483566.200426
DEBUG 2025-06-06 15:59:14,034 autoreload 18716 17356 File C:\PROJECTS\NEXTJS-SPACE\Lib\site-packages\celery\app\utils.py first seen with mtime 1747904803.8338253
DEBUG 2025-06-06 15:59:14,034 autoreload 18716 17356 File C:\Program Files\WindowsApps\PythonSoftwareFoundation.Python.3.12_3.12.2800.0_x64__qbz5n2kfra8p0\Lib\zipfile\_path\glob.py first seen with mtime 1740483586.0929005
DEBUG 2025-06-06 15:59:14,035 autoreload 18716 17356 File C:\Program Files\WindowsApps\PythonSoftwareFoundation.Python.3.12_3.12.2800.0_x64__qbz5n2kfra8p0\Lib\collections\abc.py first seen with mtime 1740483566.0411284
DEBUG 2025-06-06 15:59:14,035 autoreload 18716 17356 File C:\PROJECTS\NEXTJS-SPACE\Lib\site-packages\celery\signals.py first seen with mtime 1747904803.784896
DEBUG 2025-06-06 15:59:14,035 autoreload 18716 17356 File C:\PROJECTS\NEXTJS-SPACE\Lib\site-packages\numpy\_typing\_nested_sequence.py first seen with mtime 1747920844.7826836
DEBUG 2025-06-06 15:59:14,035 autoreload 18716 17356 File C:\Program Files\WindowsApps\PythonSoftwareFoundation.Python.3.12_3.12.2800.0_x64__qbz5n2kfra8p0\Lib\sysconfig.py first seen with mtime 1744180891.326373
DEBUG 2025-06-06 15:59:14,035 autoreload 18716 17356 File C:\PROJECTS\NEXTJS-SPACE\Lib\site-packages\django\contrib\admin\utils.py first seen with mtime 1747644914.963218
DEBUG 2025-06-06 15:59:14,035 autoreload 18716 17356 File C:\PROJECTS\NEXTJS-SPACE\Lib\site-packages\django\db\models\functions\window.py first seen with mtime 1747644922.60995
DEBUG 2025-06-06 15:59:14,036 autoreload 18716 17356 File C:\PROJECTS\NEXTJS-SPACE\Lib\site-packages\googlemaps\timezone.py first seen with mtime 1747905130.1126788
DEBUG 2025-06-06 15:59:14,036 autoreload 18716 17356 File C:\PROJECTS\NEXTJS-SPACE\Lib\site-packages\django\http\request.py first seen with mtime 1747644922.9938593
DEBUG 2025-06-06 15:59:14,036 autoreload 18716 17356 File C:\PROJECTS\NEXTJS-SPACE\Lib\site-packages\psycopg2\extensions.py first seen with mtime 1747644913.514085
DEBUG 2025-06-06 15:59:14,036 autoreload 18716 17356 File C:\PROJECTS\NEXTJS-SPACE\Lib\site-packages\numpy\_core\umath.py first seen with mtime 1747920843.7929838
DEBUG 2025-06-06 15:59:14,036 autoreload 18716 17356 File C:\PROJECTS\NEXTJS-SPACE\Lib\site-packages\celery\utils\objects.py first seen with mtime 1747904804.1777623
DEBUG 2025-06-06 15:59:14,036 autoreload 18716 17356 File C:\PROJECTS\NEXTJS-SPACE\Lib\site-packages\numpy\_core\_internal.py first seen with mtime 1747920843.8502507
DEBUG 2025-06-06 15:59:14,036 autoreload 18716 17356 File C:\PROJECTS\NEXTJS-SPACE\Lib\site-packages\django\core\files\temp.py first seen with mtime 1747644922.035683
DEBUG 2025-06-06 15:59:14,036 autoreload 18716 17356 File C:\PROJECTS\NEXTJS-SPACE\Lib\site-packages\numpy\lib\_utils_impl.py first seen with mtime 1747920841.9939764
DEBUG 2025-06-06 15:59:14,037 autoreload 18716 17356 File C:\PROJECTS\NEXTJS-SPACE\Lib\site-packages\dateutil\parser\isoparser.py first seen with mtime 1747904799.9306364
DEBUG 2025-06-06 15:59:14,037 autoreload 18716 17356 File C:\PROJECTS\NEXTJS-SPACE\Lib\site-packages\django\templatetags\tz.py first seen with mtime 1747644923.1442094
DEBUG 2025-06-06 15:59:14,037 autoreload 18716 17356 File C:\PROJECTS\NEXTJS-SPACE\Lib\site-packages\numpy\_core\fromnumeric.py first seen with mtime 1747920843.6783764
DEBUG 2025-06-06 15:59:14,037 autoreload 18716 17356 File C:\PROJECTS\NEXTJS-SPACE\Lib\site-packages\django\contrib\admin\templatetags\admin_modify.py first seen with mtime 1747644916.511183
DEBUG 2025-06-06 15:59:14,037 autoreload 18716 17356 File C:\PROJECTS\NEXTJS-SPACE\Lib\site-packages\requests\__init__.py first seen with mtime 1747829988.8228033
DEBUG 2025-06-06 15:59:14,037 autoreload 18716 17356 File C:\Program Files\WindowsApps\PythonSoftwareFoundation.Python.3.12_3.12.2800.0_x64__qbz5n2kfra8p0\Lib\multiprocessing\context.py first seen with mtime 1740483573.72092
DEBUG 2025-06-06 15:59:14,037 autoreload 18716 17356 File C:\PROJECTS\NEXTJS-SPACE\Lib\site-packages\rest_framework\routers.py first seen with mtime 1747644937.4999301
DEBUG 2025-06-06 15:59:14,037 autoreload 18716 17356 File C:\PROJECTS\NEXTJS-SPACE\Lib\site-packages\django\core\handlers\__init__.py first seen with mtime 1747644922.0784104
DEBUG 2025-06-06 15:59:14,037 autoreload 18716 17356 File C:\PROJECTS\NEXTJS-SPACE\Lib\site-packages\django\utils\_os.py first seen with mtime 1747644923.199948
DEBUG 2025-06-06 15:59:14,037 autoreload 18716 17356 File C:\PROJECTS\NEXTJS-SPACE\Lib\site-packages\django\contrib\admin\decorators.py first seen with mtime 1747644914.9498482
DEBUG 2025-06-06 15:59:14,037 autoreload 18716 17356 File C:\PROJECTS\NEXTJS-SPACE\Lib\site-packages\django\apps\__init__.py first seen with mtime 1747644914.074721
DEBUG 2025-06-06 15:59:14,037 autoreload 18716 17356 File C:\PROJECTS\NEXTJS-SPACE\Lib\site-packages\django\template\backends\django.py first seen with mtime 1747644923.0998194
DEBUG 2025-06-06 15:59:14,037 autoreload 18716 17356 File C:\PROJECTS\NEXTJS-SPACE\Lib\site-packages\django\db\models\sql\compiler.py first seen with mtime 1747644922.620066
DEBUG 2025-06-06 15:59:14,037 autoreload 18716 17356 File C:\PROJECTS\NEXTJS-SPACE\Lib\site-packages\colorama\ansitowin32.py first seen with mtime 1747904798.7260582
DEBUG 2025-06-06 15:59:14,037 autoreload 18716 17356 File C:\PROJECTS\NEXTJS-SPACE\Lib\site-packages\django\db\backends\postgresql\client.py first seen with mtime 1747644922.4398825
DEBUG 2025-06-06 15:59:14,037 autoreload 18716 17356 File C:\PROJECTS\NEXTJS-SPACE\Lib\site-packages\numpy\_core\shape_base.py first seen with mtime 1747920843.7793345
DEBUG 2025-06-06 15:59:14,037 autoreload 18716 17356 File C:\PROJECTS\NEXTJS-SPACE\Lib\site-packages\django\core\files\uploadhandler.py first seen with mtime 1747644922.0458307
DEBUG 2025-06-06 15:59:14,037 autoreload 18716 17356 File C:\PROJECTS\NEXTJS-SPACE\Lib\site-packages\numpy\linalg\_umath_linalg.cp312-win_amd64.pyd first seen with mtime 1747920842.120366
DEBUG 2025-06-06 15:59:14,037 autoreload 18716 17356 File C:\PROJECTS\NEXTJS-SPACE\Lib\site-packages\kombu\abstract.py first seen with mtime 1747904801.517661
DEBUG 2025-06-06 15:59:14,040 autoreload 18716 17356 File C:\Program Files\WindowsApps\PythonSoftwareFoundation.Python.3.12_3.12.2800.0_x64__qbz5n2kfra8p0\Lib\asyncio\selector_events.py first seen with mtime 1740483565.6608353
DEBUG 2025-06-06 15:59:14,040 autoreload 18716 17356 File C:\PROJECTS\NEXTJS-SPACE\Lib\site-packages\django\utils\functional.py first seen with mtime 1747644923.3002508
DEBUG 2025-06-06 15:59:14,040 autoreload 18716 17356 File C:\Program Files\WindowsApps\PythonSoftwareFoundation.Python.3.12_3.12.2800.0_x64__qbz5n2kfra8p0\Lib\concurrent\futures\__init__.py first seen with mtime 1740483566.0733712
DEBUG 2025-06-06 15:59:14,040 autoreload 18716 17356 File C:\PROJECTS\NEXTJS-SPACE\Lib\site-packages\requests\compat.py first seen with mtime 1747829988.8497705
DEBUG 2025-06-06 15:59:14,040 autoreload 18716 17356 File C:\Program Files\WindowsApps\PythonSoftwareFoundation.Python.3.12_3.12.2800.0_x64__qbz5n2kfra8p0\Lib\queue.py first seen with mtime 1740483574.7050028
DEBUG 2025-06-06 15:59:14,040 autoreload 18716 17356 File C:\PROJECTS\NEXTJS-SPACE\Lib\site-packages\django\contrib\admin\templatetags\admin_list.py first seen with mtime 1747644916.5094128
DEBUG 2025-06-06 15:59:14,040 autoreload 18716 17356 File C:\PROJECTS\NEXTJS-SPACE\Lib\site-packages\kombu\log.py first seen with mtime 1747904801.543391
DEBUG 2025-06-06 15:59:14,041 autoreload 18716 17356 File C:\PROJECTS\NEXTJS-SPACE\Lib\site-packages\django\db\migrations\migration.py first seen with mtime 1747644922.5001876
DEBUG 2025-06-06 15:59:14,041 autoreload 18716 17356 File C:\PROJECTS\NEXTJS-SPACE\Lib\site-packages\numpy\lib\scimath.py first seen with mtime 1747920841.847861
DEBUG 2025-06-06 15:59:14,041 autoreload 18716 17356 File C:\PROJECTS\NEXTJS-SPACE\Lib\site-packages\django\db\models\sql\where.py first seen with mtime 1747644922.6366956
DEBUG 2025-06-06 15:59:14,041 autoreload 18716 17356 File C:\PROJECTS\NEXTJS-SPACE\Lib\site-packages\PIL\_binary.py first seen with mtime 1747645869.772113
DEBUG 2025-06-06 15:59:14,041 autoreload 18716 17356 File C:\Program Files\WindowsApps\PythonSoftwareFoundation.Python.3.12_3.12.2800.0_x64__qbz5n2kfra8p0\Lib\textwrap.py first seen with mtime 1740483582.8259523
DEBUG 2025-06-06 15:59:14,041 autoreload 18716 17356 File C:\PROJECTS\NEXTJS-SPACE\Lib\site-packages\django\views\debug.py first seen with mtime 1747644923.4115188
DEBUG 2025-06-06 15:59:14,041 autoreload 18716 17356 File C:\PROJECTS\NEXTJS-SPACE\Lib\site-packages\kombu\resource.py first seen with mtime 1747904801.566029
DEBUG 2025-06-06 15:59:14,041 autoreload 18716 17356 File C:\PROJECTS\NEXTJS-SPACE\Lib\site-packages\django\contrib\postgres\fields\__init__.py first seen with mtime 1747644919.7341943
DEBUG 2025-06-06 15:59:14,041 autoreload 18716 17356 File C:\PROJECTS\NEXTJS-SPACE\Lib\site-packages\charset_normalizer\md.cp312-win_amd64.pyd first seen with mtime 1747829988.4393215
DEBUG 2025-06-06 15:59:14,041 autoreload 18716 17356 File C:\PROJECTS\NEXTJS-SPACE\Lib\site-packages\googlemaps\convert.py first seen with mtime 1747905130.0788312
DEBUG 2025-06-06 15:59:14,041 autoreload 18716 17356 File C:\PROJECTS\NEXTJS-SPACE\Lib\site-packages\kombu\transport\native_delayed_delivery.py first seen with mtime 1747904801.6855695
DEBUG 2025-06-06 15:59:14,042 autoreload 18716 17356 File C:\PROJECTS\NEXTJS-SPACE\Lib\site-packages\sqlparse\engine\statement_splitter.py first seen with mtime 1747644912.9758239
DEBUG 2025-06-06 15:59:14,042 autoreload 18716 17356 File C:\PROJECTS\NEXTJS-SPACE\Lib\site-packages\celery\exceptions.py first seen with mtime 1747904803.7712333
DEBUG 2025-06-06 15:59:14,042 autoreload 18716 17356 File C:\PROJECTS\NEXTJS-SPACE\Lib\site-packages\django\template\__init__.py first seen with mtime 1747644923.030993
DEBUG 2025-06-06 15:59:14,042 autoreload 18716 17356 File C:\PROJECTS\NEXTJS-SPACE\Lib\site-packages\googlemaps\addressvalidation.py first seen with mtime 1747905130.0692823
DEBUG 2025-06-06 15:59:14,042 autoreload 18716 17356 File C:\Program Files\WindowsApps\PythonSoftwareFoundation.Python.3.12_3.12.2800.0_x64__qbz5n2kfra8p0\Lib\mimetypes.py first seen with mtime 1744180886.3941665
DEBUG 2025-06-06 15:59:14,043 autoreload 18716 17356 File C:\Program Files\WindowsApps\PythonSoftwareFoundation.Python.3.12_3.12.2800.0_x64__qbz5n2kfra8p0\Lib\_markupbase.py first seen with mtime 1740483586.2040734
DEBUG 2025-06-06 15:59:14,043 autoreload 18716 17356 File C:\PROJECTS\NEXTJS-SPACE\Lib\site-packages\celery\utils\imports.py first seen with mtime 1747904804.1701212
DEBUG 2025-06-06 15:59:14,043 autoreload 18716 17356 File C:\PROJECTS\NEXTJS-SPACE\Lib\site-packages\django\apps\registry.py first seen with mtime 1747644914.0779316
DEBUG 2025-06-06 15:59:14,043 autoreload 18716 17356 File C:\PROJECTS\NEXTJS-SPACE\Lib\site-packages\requests\auth.py first seen with mtime 1747829988.8388395
DEBUG 2025-06-06 15:59:14,044 autoreload 18716 17356 File C:\PROJECTS\NEXTJS-SPACE\Lib\site-packages\django\template\loaders\filesystem.py first seen with mtime 1747644923.1291454
DEBUG 2025-06-06 15:59:14,045 autoreload 18716 17356 File C:\PROJECTS\NEXTJS-SPACE\Lib\site-packages\rest_framework\utils\formatting.py first seen with mtime 1747644938.2997763
DEBUG 2025-06-06 15:59:14,045 autoreload 18716 17356 File C:\PROJECTS\NEXTJS-SPACE\Lib\site-packages\numpy\_utils\__init__.py first seen with mtime 1747920844.8441453
DEBUG 2025-06-06 15:59:14,045 autoreload 18716 17356 File C:\PROJECTS\NEXTJS-SPACE\Lib\site-packages\django\db\models\enums.py first seen with mtime 1747644922.5447628
DEBUG 2025-06-06 15:59:14,045 autoreload 18716 17356 File C:\PROJECTS\NEXTJS-SPACE\Lib\site-packages\django\utils\dateparse.py first seen with mtime 1747644923.2554653
DEBUG 2025-06-06 15:59:14,045 autoreload 18716 17356 File C:\Program Files\WindowsApps\PythonSoftwareFoundation.Python.3.12_3.12.2800.0_x64__qbz5n2kfra8p0\Lib\linecache.py first seen with mtime 1740483573.374549
DEBUG 2025-06-06 15:59:14,045 autoreload 18716 17356 File C:\PROJECTS\NEXTJS-SPACE\Lib\site-packages\django\db\backends\base\features.py first seen with mtime 1747644922.34313
DEBUG 2025-06-06 15:59:14,045 autoreload 18716 17356 File C:\PROJECTS\NEXTJS-SPACE\Lib\site-packages\urllib3\_request_methods.py first seen with mtime 1747829987.1554468
DEBUG 2025-06-06 15:59:14,045 autoreload 18716 17356 File C:\PROJECTS\NEXTJS-SPACE\Lib\site-packages\django\views\generic\detail.py first seen with mtime 1747644923.4624481
DEBUG 2025-06-06 15:59:14,045 autoreload 18716 17356 File C:\Program Files\WindowsApps\PythonSoftwareFoundation.Python.3.12_3.12.2800.0_x64__qbz5n2kfra8p0\Lib\asyncio\trsock.py first seen with mtime 1740483565.6841817
DEBUG 2025-06-06 15:59:14,045 autoreload 18716 17356 File C:\PROJECTS\NEXTJS-SPACE\Lib\site-packages\django\utils\module_loading.py first seen with mtime 1747644923.339886
DEBUG 2025-06-06 15:59:14,046 autoreload 18716 17356 File C:\Program Files\WindowsApps\PythonSoftwareFoundation.Python.3.12_3.12.2800.0_x64__qbz5n2kfra8p0\Lib\ast.py first seen with mtime 1740483565.6398559
DEBUG 2025-06-06 15:59:14,046 autoreload 18716 17356 File C:\Program Files\WindowsApps\PythonSoftwareFoundation.Python.3.12_3.12.2800.0_x64__qbz5n2kfra8p0\Lib\asyncio\log.py first seen with mtime 1740483565.644843
DEBUG 2025-06-06 15:59:14,046 autoreload 18716 17356 File C:\PROJECTS\NEXTJS-SPACE\Lib\site-packages\googlemaps\geocoding.py first seen with mtime 1747905130.0954876
DEBUG 2025-06-06 15:59:14,046 autoreload 18716 17356 File C:\PROJECTS\NEXTJS-SPACE\Lib\site-packages\urllib3\__init__.py first seen with mtime 1747829987.1503923
DEBUG 2025-06-06 15:59:14,046 autoreload 18716 17356 File C:\PROJECTS\NEXTJS-SPACE\Lib\site-packages\amqp\exceptions.py first seen with mtime 1747904801.0728784
DEBUG 2025-06-06 15:59:14,046 autoreload 18716 17356 File C:\PROJECTS\NEXTJS-SPACE\Lib\site-packages\django\db\models\fields\files.py first seen with mtime 1747644922.575835
DEBUG 2025-06-06 15:59:14,046 autoreload 18716 17356 File C:\PROJECTS\NEXTJS-SPACE\Lib\site-packages\rest_framework\utils\mediatypes.py first seen with mtime 1747644938.3126466
DEBUG 2025-06-06 15:59:14,047 autoreload 18716 17356 File C:\PROJECTS\NEXTJS-SPACE\Lib\site-packages\django\core\checks\async_checks.py first seen with mtime 1747644921.9703424
DEBUG 2025-06-06 15:59:14,047 autoreload 18716 17356 File C:\PROJECTS\NEXTJS-SPACE\Lib\site-packages\django\core\management\color.py first seen with mtime 1747644922.137799
DEBUG 2025-06-06 15:59:14,047 autoreload 18716 17356 File C:\Program Files\WindowsApps\PythonSoftwareFoundation.Python.3.12_3.12.2800.0_x64__qbz5n2kfra8p0\Lib\asyncio\timeouts.py first seen with mtime 1740483565.6841817
DEBUG 2025-06-06 15:59:14,047 autoreload 18716 17356 File C:\Program Files\WindowsApps\PythonSoftwareFoundation.Python.3.12_3.12.2800.0_x64__qbz5n2kfra8p0\Lib\getpass.py first seen with mtime 1740483568.8085895
DEBUG 2025-06-06 15:59:14,047 autoreload 18716 17356 File C:\Program Files\WindowsApps\PythonSoftwareFoundation.Python.3.12_3.12.2800.0_x64__qbz5n2kfra8p0\Lib\email\base64mime.py first seen with mtime 1740483566.263892
DEBUG 2025-06-06 15:59:14,047 autoreload 18716 17356 File C:\PROJECTS\NEXTJS-SPACE\Lib\site-packages\django\db\backends\base\operations.py first seen with mtime 1747644922.351048
DEBUG 2025-06-06 15:59:14,047 autoreload 18716 17356 File C:\Program Files\WindowsApps\PythonSoftwareFoundation.Python.3.12_3.12.2800.0_x64__qbz5n2kfra8p0\Lib\email\iterators.py first seen with mtime 1740483566.8132114
DEBUG 2025-06-06 15:59:14,048 autoreload 18716 17356 File C:\PROJECTS\NEXTJS-SPACE\Lib\site-packages\django\core\cache\backends\__init__.py first seen with mtime 1747644921.9228995
DEBUG 2025-06-06 15:59:14,048 autoreload 18716 17356 File C:\PROJECTS\NEXTJS-SPACE\Lib\site-packages\django\contrib\staticfiles\apps.py first seen with mtime 1747644921.8305576
DEBUG 2025-06-06 15:59:14,048 autoreload 18716 17356 File C:\Program Files\WindowsApps\PythonSoftwareFoundation.Python.3.12_3.12.2800.0_x64__qbz5n2kfra8p0\Lib\asyncio\mixins.py first seen with mtime 1740483565.6608353
DEBUG 2025-06-06 15:59:14,048 autoreload 18716 17356 File C:\PROJECTS\NEXTJS-SPACE\Lib\site-packages\numpy\lib\_arraypad_impl.py first seen with mtime 1747920841.867536
DEBUG 2025-06-06 15:59:14,048 autoreload 18716 17356 File C:\PROJECTS\NEXTJS-SPACE\Lib\site-packages\corsheaders\middleware.py first seen with mtime 1747645208.9219613
DEBUG 2025-06-06 15:59:14,048 autoreload 18716 17356 File C:\PROJECTS\NEXTJS-SPACE\Lib\site-packages\django\utils\encoding.py first seen with mtime 1747644923.2872405
DEBUG 2025-06-06 15:59:14,048 autoreload 18716 17356 File C:\PROJECTS\NEXTJS-SPACE\Lib\site-packages\django\db\migrations\state.py first seen with mtime 1747644922.511603
DEBUG 2025-06-06 15:59:14,049 autoreload 18716 17356 File C:\PROJECTS\NEXTJS-SPACE\Lib\site-packages\sqlparse\sql.py first seen with mtime 1747644912.9559407
DEBUG 2025-06-06 15:59:14,049 autoreload 18716 17356 File C:\PROJECTS\NEXTJS-SPACE\Lib\site-packages\bs4\exceptions.py first seen with mtime 1747906836.5750425
DEBUG 2025-06-06 15:59:14,050 autoreload 18716 17356 File C:\PROJECTS\NEXTJS-SPACE\Lib\site-packages\sqlparse\utils.py first seen with mtime 1747644912.962764
DEBUG 2025-06-06 15:59:14,050 autoreload 18716 17356 File C:\PROJECTS\NEXTJS-SPACE\Lib\site-packages\numpy\_core\_dtype_ctypes.py first seen with mtime 1747920843.8326042
DEBUG 2025-06-06 15:59:14,050 autoreload 18716 17356 File C:\PROJECTS\NEXTJS-SPACE\Lib\site-packages\rest_framework\schemas\coreapi.py first seen with mtime 1747644937.8499756
DEBUG 2025-06-06 15:59:14,050 autoreload 18716 17356 File C:\Program Files\WindowsApps\PythonSoftwareFoundation.Python.3.12_3.12.2800.0_x64__qbz5n2kfra8p0\Lib\copy.py first seen with mtime 1740483566.105165
DEBUG 2025-06-06 15:59:14,050 autoreload 18716 17356 File C:\Program Files\WindowsApps\PythonSoftwareFoundation.Python.3.12_3.12.2800.0_x64__qbz5n2kfra8p0\Lib\importlib\metadata\_meta.py first seen with mtime 1740483572.6121874
DEBUG 2025-06-06 15:59:14,050 autoreload 18716 17356 File C:\Program Files\WindowsApps\PythonSoftwareFoundation.Python.3.12_3.12.2800.0_x64__qbz5n2kfra8p0\Lib\pprint.py first seen with mtime 1740483574.5622914
DEBUG 2025-06-06 15:59:14,051 autoreload 18716 17356 File C:\PROJECTS\NEXTJS-SPACE\Lib\site-packages\PIL\ExifTags.py first seen with mtime 1747645869.60296
DEBUG 2025-06-06 15:59:14,051 autoreload 18716 17356 File C:\Program Files\WindowsApps\PythonSoftwareFoundation.Python.3.12_3.12.2800.0_x64__qbz5n2kfra8p0\Lib\asyncio\runners.py first seen with mtime 1740483565.6608353
DEBUG 2025-06-06 15:59:14,051 autoreload 18716 17356 File C:\PROJECTS\NEXTJS-SPACE\Lib\site-packages\django\forms\widgets.py first seen with mtime 1747644922.6701217
DEBUG 2025-06-06 15:59:14,051 autoreload 18716 17356 File C:\PROJECTS\NEXTJS-SPACE\Lib\site-packages\urllib3\util\retry.py first seen with mtime 1747829987.2670188
DEBUG 2025-06-06 15:59:14,051 autoreload 18716 17356 File C:\PROJECTS\NEXTJS-SPACE\Lib\site-packages\django\utils\hashable.py first seen with mtime 1747644923.3002508
DEBUG 2025-06-06 15:59:14,051 autoreload 18716 17356 File C:\PROJECTS\NEXTJS-SPACE\Lib\site-packages\django\contrib\contenttypes\forms.py first seen with mtime 1747644917.5669856
DEBUG 2025-06-06 15:59:14,051 autoreload 18716 17356 File C:\PROJECTS\NEXTJS-SPACE\Lib\site-packages\django\conf\global_settings.py first seen with mtime 1747644914.081678
DEBUG 2025-06-06 15:59:14,051 autoreload 18716 17356 File C:\PROJECTS\NEXTJS-SPACE\Lib\site-packages\django\core\checks\security\__init__.py first seen with mtime 1747644922.004848
DEBUG 2025-06-06 15:59:14,051 autoreload 18716 17356 File C:\Program Files\WindowsApps\PythonSoftwareFoundation.Python.3.12_3.12.2800.0_x64__qbz5n2kfra8p0\Lib\encodings\cp1252.py first seen with mtime 1740483567.0361476
DEBUG 2025-06-06 15:59:14,051 autoreload 18716 17356 File C:\Program Files\WindowsApps\PythonSoftwareFoundation.Python.3.12_3.12.2800.0_x64__qbz5n2kfra8p0\Lib\xml\dom\__init__.py first seen with mtime 1740483584.593264
DEBUG 2025-06-06 15:59:14,052 autoreload 18716 17356 File C:\Program Files\WindowsApps\PythonSoftwareFoundation.Python.3.12_3.12.2800.0_x64__qbz5n2kfra8p0\Lib\importlib\resources\__init__.py first seen with mtime 1744180886.2941513
DEBUG 2025-06-06 15:59:14,052 autoreload 18716 17356 File C:\PROJECTS\NEXTJS-SPACE\Lib\site-packages\kombu\entity.py first seen with mtime 1747904801.5368443
DEBUG 2025-06-06 15:59:14,052 autoreload 18716 17356 File C:\PROJECTS\NEXTJS-SPACE\Lib\site-packages\django\utils\safestring.py first seen with mtime 1747644923.3498905
DEBUG 2025-06-06 15:59:14,052 autoreload 18716 17356 File C:\PROJECTS\NEXTJS-SPACE\Lib\site-packages\django\contrib\admindocs\views.py first seen with mtime 1747644916.5499847
DEBUG 2025-06-06 15:59:14,052 autoreload 18716 17356 File C:\PROJECTS\NEXTJS-SPACE\Lib\site-packages\django\contrib\sessions\base_session.py first seen with mtime 1747644920.641196
DEBUG 2025-06-06 15:59:14,052 autoreload 18716 17356 File C:\PROJECTS\NEXTJS-SPACE\Lib\site-packages\django\contrib\admin\actions.py first seen with mtime 1747644914.9459507
DEBUG 2025-06-06 15:59:14,052 autoreload 18716 17356 File C:\Program Files\WindowsApps\PythonSoftwareFoundation.Python.3.12_3.12.2800.0_x64__qbz5n2kfra8p0\Lib\numbers.py first seen with mtime 1740483574.5369787
DEBUG 2025-06-06 15:59:14,052 autoreload 18716 17356 File C:\PROJECTS\NEXTJS-SPACE\Lib\site-packages\kombu\exceptions.py first seen with mtime 1747904801.540387
DEBUG 2025-06-06 15:59:14,052 autoreload 18716 17356 File C:\Program Files\WindowsApps\PythonSoftwareFoundation.Python.3.12_3.12.2800.0_x64__qbz5n2kfra8p0\Lib\zoneinfo\__init__.py first seen with mtime 1740483586.1406484
DEBUG 2025-06-06 15:59:14,052 autoreload 18716 17356 File C:\PROJECTS\NEXTJS-SPACE\Lib\site-packages\django\core\handlers\wsgi.py first seen with mtime 1747644922.0892015
DEBUG 2025-06-06 15:59:14,052 autoreload 18716 17356 File C:\PROJECTS\NEXTJS-SPACE\Lib\site-packages\django\contrib\contenttypes\admin.py first seen with mtime 1747644917.5576823
DEBUG 2025-06-06 15:59:14,052 autoreload 18716 17356 File C:\Program Files\WindowsApps\PythonSoftwareFoundation.Python.3.12_3.12.2800.0_x64__qbz5n2kfra8p0\Lib\reprlib.py first seen with mtime 1740483574.7210593
DEBUG 2025-06-06 15:59:14,052 autoreload 18716 17356 File C:\PROJECTS\NEXTJS-SPACE\Lib\site-packages\amqp\method_framing.py first seen with mtime 1747904801.0765326
DEBUG 2025-06-06 15:59:14,052 autoreload 18716 17356 File C:\Program Files\WindowsApps\PythonSoftwareFoundation.Python.3.12_3.12.2800.0_x64__qbz5n2kfra8p0\DLLs\_socket.pyd first seen with mtime 1744180879.7190135
DEBUG 2025-06-06 15:59:14,052 autoreload 18716 17356 File C:\PROJECTS\NEXTJS-SPACE\Lib\site-packages\django\urls\conf.py first seen with mtime 1747644923.1760457
DEBUG 2025-06-06 15:59:14,055 autoreload 18716 17356 File C:\PROJECTS\NEXTJS-SPACE\Lib\site-packages\psycopg2\_json.py first seen with mtime 1747644913.4590144
DEBUG 2025-06-06 15:59:14,055 autoreload 18716 17356 File C:\PROJECTS\NEXTJS-SPACE\Lib\site-packages\django\utils\http.py first seen with mtime 1747644923.313294
DEBUG 2025-06-06 15:59:14,055 autoreload 18716 17356 File C:\PROJECTS\NEXTJS-SPACE\Lib\site-packages\django\db\models\fields\generated.py first seen with mtime 1747644922.579165
DEBUG 2025-06-06 15:59:14,055 autoreload 18716 17356 File C:\Program Files\WindowsApps\PythonSoftwareFoundation.Python.3.12_3.12.2800.0_x64__qbz5n2kfra8p0\Lib\importlib\resources\_common.py first seen with mtime 1740483572.677636
DEBUG 2025-06-06 15:59:14,055 autoreload 18716 17356 File C:\PROJECTS\NEXTJS-SPACE\Lib\site-packages\celery\utils\functional.py first seen with mtime 1747904804.164629
DEBUG 2025-06-06 15:59:14,055 autoreload 18716 17356 File C:\Program Files\WindowsApps\PythonSoftwareFoundation.Python.3.12_3.12.2800.0_x64__qbz5n2kfra8p0\Lib\subprocess.py first seen with mtime 1744180891.322322
DEBUG 2025-06-06 15:59:14,055 autoreload 18716 17356 File C:\PROJECTS\NEXTJS-SPACE\Lib\site-packages\django\contrib\sites\requests.py first seen with mtime 1747644921.263283
DEBUG 2025-06-06 15:59:14,055 autoreload 18716 17356 File C:\PROJECTS\NEXTJS-SPACE\Lib\site-packages\kombu\connection.py first seen with mtime 1747904801.5324538
DEBUG 2025-06-06 15:59:14,056 autoreload 18716 17356 File C:\PROJECTS\NEXTJS-SPACE\Lib\site-packages\urllib3\connectionpool.py first seen with mtime 1747829987.177174
DEBUG 2025-06-06 15:59:14,056 autoreload 18716 17356 File C:\PROJECTS\NEXTJS-SPACE\Lib\site-packages\django\db\models\constants.py first seen with mtime 1747644922.5301163
DEBUG 2025-06-06 15:59:14,056 autoreload 18716 17356 File C:\PROJECTS\NEXTJS-SPACE\Lib\site-packages\asgiref\local.py first seen with mtime 1747644913.8208086
DEBUG 2025-06-06 15:59:14,056 autoreload 18716 17356 File C:\PROJECTS\NEXTJS-SPACE\Lib\site-packages\django\contrib\admin\__init__.py first seen with mtime 1747644914.9459507
DEBUG 2025-06-06 15:59:14,056 autoreload 18716 17356 File C:\PROJECTS\NEXTJS-SPACE\Lib\site-packages\typing_extensions.py first seen with mtime 1747906828.8198657
DEBUG 2025-06-06 15:59:14,056 autoreload 18716 17356 File C:\Program Files\WindowsApps\PythonSoftwareFoundation.Python.3.12_3.12.2800.0_x64__qbz5n2kfra8p0\Lib\email\_policybase.py first seen with mtime 1740483566.8583634
DEBUG 2025-06-06 15:59:14,057 autoreload 18716 17356 File C:\PROJECTS\NEXTJS-SPACE\Lib\site-packages\numpy\_core\_multiarray_umath.cp312-win_amd64.pyd first seen with mtime 1747920843.9456253
DEBUG 2025-06-06 15:59:14,057 autoreload 18716 17356 File C:\PROJECTS\NEXTJS-SPACE\Lib\site-packages\soupsieve\pretty.py first seen with mtime 1747906829.0436835
DEBUG 2025-06-06 15:59:14,057 autoreload 18716 17356 File C:\PROJECTS\NEXTJS-SPACE\Lib\site-packages\django\db\backends\postgresql\schema.py first seen with mtime 1747644922.454454
DEBUG 2025-06-06 15:59:14,057 autoreload 18716 17356 File C:\PROJECTS\NEXTJS-SPACE\Lib\site-packages\numpy\linalg\_linalg.py first seen with mtime 1747920842.1075718
DEBUG 2025-06-06 15:59:14,057 autoreload 18716 17356 File C:\PROJECTS\NEXTJS-SPACE\Lib\site-packages\django\contrib\messages\__init__.py first seen with mtime 1747644919.669804
DEBUG 2025-06-06 15:59:14,057 autoreload 18716 17356 File C:\PROJECTS\NEXTJS-SPACE\Lib\site-packages\django_filters\utils.py first seen with mtime 1747652147.9778247
DEBUG 2025-06-06 15:59:14,057 autoreload 18716 17356 File C:\PROJECTS\NEXTJS-SPACE\Lib\site-packages\soupsieve\css_match.py first seen with mtime 1747906829.03608
DEBUG 2025-06-06 15:59:14,058 autoreload 18716 17356 File C:\PROJECTS\NEXTJS-SPACE\Lib\site-packages\django\core\checks\compatibility\__init__.py first seen with mtime 1747644921.9989295
DEBUG 2025-06-06 15:59:14,058 autoreload 18716 17356 File C:\Program Files\WindowsApps\PythonSoftwareFoundation.Python.3.12_3.12.2800.0_x64__qbz5n2kfra8p0\Lib\urllib\response.py first seen with mtime 1740483584.3486655
DEBUG 2025-06-06 15:59:14,058 autoreload 18716 17356 File C:\PROJECTS\NEXTJS-SPACE\Lib\site-packages\charset_normalizer\version.py first seen with mtime 1747829988.4624593
DEBUG 2025-06-06 15:59:14,058 autoreload 18716 17356 File C:\PROJECTS\NEXTJS-SPACE\Lib\site-packages\django\contrib\contenttypes\checks.py first seen with mtime 1747644917.5623786
DEBUG 2025-06-06 15:59:14,058 autoreload 18716 17356 File C:\PROJECTS\NEXTJS-SPACE\Lib\site-packages\django\core\checks\compatibility\django_4_0.py first seen with mtime 1747644922.0028389
DEBUG 2025-06-06 15:59:14,059 autoreload 18716 17356 File C:\PROJECTS\NEXTJS-SPACE\Lib\site-packages\corsheaders\conf.py first seen with mtime 1747645208.919098
DEBUG 2025-06-06 15:59:14,059 autoreload 18716 17356 File C:\Program Files\WindowsApps\PythonSoftwareFoundation.Python.3.12_3.12.2800.0_x64__qbz5n2kfra8p0\Lib\asyncio\__init__.py first seen with mtime 1740483565.6921306
DEBUG 2025-06-06 15:59:14,059 autoreload 18716 17356 File C:\Program Files\WindowsApps\PythonSoftwareFoundation.Python.3.12_3.12.2800.0_x64__qbz5n2kfra8p0\Lib\asyncio\base_subprocess.py first seen with mtime 1740483565.644843
DEBUG 2025-06-06 15:59:14,059 autoreload 18716 17356 File C:\Program Files\WindowsApps\PythonSoftwareFoundation.Python.3.12_3.12.2800.0_x64__qbz5n2kfra8p0\Lib\importlib\metadata\__init__.py first seen with mtime 1740483572.6121874
DEBUG 2025-06-06 15:59:14,059 autoreload 18716 17356 File C:\Program Files\WindowsApps\PythonSoftwareFoundation.Python.3.12_3.12.2800.0_x64__qbz5n2kfra8p0\Lib\html\entities.py first seen with mtime 1740483568.8244436
DEBUG 2025-06-06 15:59:14,059 autoreload 18716 17356 File C:\PROJECTS\NEXTJS-SPACE\Lib\site-packages\colorama\__init__.py first seen with mtime 1747904798.7207415
DEBUG 2025-06-06 15:59:14,060 autoreload 18716 17356 File C:\Program Files\WindowsApps\PythonSoftwareFoundation.Python.3.12_3.12.2800.0_x64__qbz5n2kfra8p0\Lib\importlib\__init__.py first seen with mtime 1740483572.7773378
DEBUG 2025-06-06 15:59:14,060 autoreload 18716 17356 File C:\PROJECTS\backend\api\models.py first seen with mtime 1748860493.814313
DEBUG 2025-06-06 15:59:14,060 autoreload 18716 17356 File C:\PROJECTS\NEXTJS-SPACE\Lib\site-packages\billiard\context.py first seen with mtime 1747904799.0649066
DEBUG 2025-06-06 15:59:14,060 autoreload 18716 17356 File C:\PROJECTS\NEXTJS-SPACE\Lib\site-packages\django\contrib\admin\templatetags\admin_urls.py first seen with mtime 1747644916.512686
DEBUG 2025-06-06 15:59:14,061 autoreload 18716 17356 File C:\PROJECTS\NEXTJS-SPACE\Lib\site-packages\django\db\backends\signals.py first seen with mtime 1747644922.3259149
DEBUG 2025-06-06 15:59:14,061 autoreload 18716 17356 File C:\PROJECTS\NEXTJS-SPACE\Lib\site-packages\django\db\models\sql\query.py first seen with mtime 1747644922.628635
DEBUG 2025-06-06 15:59:14,061 autoreload 18716 17356 File C:\PROJECTS\backend\backend\settings.py first seen with mtime 1749218349.9328804
DEBUG 2025-06-06 15:59:14,061 autoreload 18716 17356 File C:\Program Files\WindowsApps\PythonSoftwareFoundation.Python.3.12_3.12.2800.0_x64__qbz5n2kfra8p0\Lib\importlib\resources\abc.py first seen with mtime 1740483572.675622
DEBUG 2025-06-06 15:59:14,061 autoreload 18716 17356 File C:\PROJECTS\NEXTJS-SPACE\Lib\site-packages\django\db\backends\ddl_references.py first seen with mtime 1747644922.3200455
DEBUG 2025-06-06 15:59:14,062 autoreload 18716 17356 File C:\PROJECTS\NEXTJS-SPACE\Lib\site-packages\django\template\context.py first seen with mtime 1747644923.0515597
DEBUG 2025-06-06 15:59:14,062 autoreload 18716 17356 File C:\PROJECTS\NEXTJS-SPACE\Lib\site-packages\django\db\backends\postgresql\psycopg_any.py first seen with mtime 1747644922.454454
DEBUG 2025-06-06 15:59:14,062 autoreload 18716 17356 File C:\PROJECTS\NEXTJS-SPACE\Lib\site-packages\numpy\lib\array_utils.py first seen with mtime 1747920841.8022697
DEBUG 2025-06-06 15:59:14,062 autoreload 18716 17356 File C:\PROJECTS\NEXTJS-SPACE\Lib\site-packages\rest_framework\fields.py first seen with mtime 1747644937.4335775
DEBUG 2025-06-06 15:59:14,062 autoreload 18716 17356 File C:\PROJECTS\NEXTJS-SPACE\Lib\site-packages\django\contrib\sessions\backends\__init__.py first seen with mtime 1747644920.650198
DEBUG 2025-06-06 15:59:14,062 autoreload 18716 17356 File C:\PROJECTS\NEXTJS-SPACE\Lib\site-packages\django\contrib\admin\views\main.py first seen with mtime 1747644916.530347
DEBUG 2025-06-06 15:59:14,064 autoreload 18716 17356 File C:\PROJECTS\NEXTJS-SPACE\Lib\site-packages\django\contrib\admindocs\utils.py first seen with mtime 1747644916.5499847
DEBUG 2025-06-06 15:59:14,064 autoreload 18716 17356 File C:\PROJECTS\NEXTJS-SPACE\Lib\site-packages\django\core\paginator.py first seen with mtime 1747644921.893576
DEBUG 2025-06-06 15:59:14,064 autoreload 18716 17356 File C:\PROJECTS\NEXTJS-SPACE\Lib\site-packages\django\db\models\manager.py first seen with mtime 1747644922.5498374
DEBUG 2025-06-06 15:59:14,064 autoreload 18716 17356 File C:\PROJECTS\NEXTJS-SPACE\Lib\site-packages\django\contrib\messages\storage\__init__.py first seen with mtime 1747644919.6901634
DEBUG 2025-06-06 15:59:14,064 autoreload 18716 17356 File C:\PROJECTS\NEXTJS-SPACE\Lib\site-packages\django\core\serializers\python.py first seen with mtime 1747644922.2946372
DEBUG 2025-06-06 15:59:14,064 autoreload 18716 17356 File C:\PROJECTS\NEXTJS-SPACE\Lib\site-packages\numpy\_core\arrayprint.py first seen with mtime 1747920843.6422853
DEBUG 2025-06-06 15:59:14,064 autoreload 18716 17356 File C:\PROJECTS\NEXTJS-SPACE\Lib\site-packages\numpy\lib\_index_tricks_impl.py first seen with mtime 1747920841.925359
DEBUG 2025-06-06 15:59:14,064 autoreload 18716 17356 File C:\PROJECTS\NEXTJS-SPACE\Lib\site-packages\rest_framework_simplejwt\token_blacklist\__init__.py first seen with mtime 1747645387.270561
DEBUG 2025-06-06 15:59:14,064 autoreload 18716 17356 File C:\Program Files\WindowsApps\PythonSoftwareFoundation.Python.3.12_3.12.2800.0_x64__qbz5n2kfra8p0\Lib\email\feedparser.py first seen with mtime 1740483566.8044417
DEBUG 2025-06-06 15:59:14,064 autoreload 18716 17356 File C:\PROJECTS\NEXTJS-SPACE\Lib\site-packages\numpy\linalg\__init__.py first seen with mtime 1747920842.12764
DEBUG 2025-06-06 15:59:14,064 autoreload 18716 17356 File C:\Program Files\WindowsApps\PythonSoftwareFoundation.Python.3.12_3.12.2800.0_x64__qbz5n2kfra8p0\Lib\struct.py first seen with mtime 1740483582.813316
DEBUG 2025-06-06 15:59:14,064 autoreload 18716 17356 File C:\PROJECTS\NEXTJS-SPACE\Lib\site-packages\rest_framework\authentication.py first seen with mtime 1747644937.4123027
DEBUG 2025-06-06 15:59:14,064 autoreload 18716 17356 File C:\Program Files\WindowsApps\PythonSoftwareFoundation.Python.3.12_3.12.2800.0_x64__qbz5n2kfra8p0\Lib\email\quoprimime.py first seen with mtime 1740483566.8440988
DEBUG 2025-06-06 15:59:14,066 autoreload 18716 17356 File C:\Program Files\WindowsApps\PythonSoftwareFoundation.Python.3.12_3.12.2800.0_x64__qbz5n2kfra8p0\Lib\concurrent\__init__.py first seen with mtime 1740483566.105165
DEBUG 2025-06-06 15:59:14,066 autoreload 18716 17356 File C:\PROJECTS\NEXTJS-SPACE\Lib\site-packages\django\contrib\postgres\__init__.py first seen with mtime 1747644919.6999865
DEBUG 2025-06-06 15:59:14,066 autoreload 18716 17356 File C:\PROJECTS\NEXTJS-SPACE\Lib\site-packages\django\template\response.py first seen with mtime 1747644923.087553
DEBUG 2025-06-06 15:59:14,066 autoreload 18716 17356 File C:\PROJECTS\NEXTJS-SPACE\Lib\site-packages\django\contrib\messages\storage\base.py first seen with mtime 1747644919.6944897
DEBUG 2025-06-06 15:59:14,066 autoreload 18716 17356 File C:\PROJECTS\NEXTJS-SPACE\Lib\site-packages\numpy\__init__.py first seen with mtime 1747920841.1476817
DEBUG 2025-06-06 15:59:14,066 autoreload 18716 17356 File C:\Program Files\WindowsApps\PythonSoftwareFoundation.Python.3.12_3.12.2800.0_x64__qbz5n2kfra8p0\Lib\datetime.py first seen with mtime 1740483566.200426
DEBUG 2025-06-06 15:59:14,067 autoreload 18716 17356 File C:\PROJECTS\NEXTJS-SPACE\Lib\site-packages\rest_framework\templates\rest_framework first seen with mtime 1747644938.2355926
DEBUG 2025-06-06 15:59:14,067 autoreload 18716 17356 File C:\PROJECTS\NEXTJS-SPACE\Lib\site-packages\rest_framework\templates\rest_framework\admin first seen with mtime 1747644938.0630958
DEBUG 2025-06-06 15:59:14,067 autoreload 18716 17356 File C:\PROJECTS\NEXTJS-SPACE\Lib\site-packages\rest_framework\templates\rest_framework\admin.html first seen with mtime 1747644938.0327566
DEBUG 2025-06-06 15:59:14,067 autoreload 18716 17356 File C:\PROJECTS\NEXTJS-SPACE\Lib\site-packages\rest_framework\templates\rest_framework\api.html first seen with mtime 1747644938.0349288
DEBUG 2025-06-06 15:59:14,067 autoreload 18716 17356 File C:\PROJECTS\NEXTJS-SPACE\Lib\site-packages\rest_framework\templates\rest_framework\base.html first seen with mtime 1747644938.038337
DEBUG 2025-06-06 15:59:14,067 autoreload 18716 17356 File C:\PROJECTS\NEXTJS-SPACE\Lib\site-packages\rest_framework\templates\rest_framework\docs first seen with mtime 1747644938.0946963
DEBUG 2025-06-06 15:59:14,067 autoreload 18716 17356 File C:\PROJECTS\NEXTJS-SPACE\Lib\site-packages\rest_framework\templates\rest_framework\filters first seen with mtime 1747644938.1201105
DEBUG 2025-06-06 15:59:14,067 autoreload 18716 17356 File C:\PROJECTS\NEXTJS-SPACE\Lib\site-packages\rest_framework\templates\rest_framework\horizontal first seen with mtime 1747644938.1507566
DEBUG 2025-06-06 15:59:14,067 autoreload 18716 17356 File C:\PROJECTS\NEXTJS-SPACE\Lib\site-packages\rest_framework\templates\rest_framework\inline first seen with mtime 1747644938.2192545
DEBUG 2025-06-06 15:59:14,067 autoreload 18716 17356 File C:\PROJECTS\NEXTJS-SPACE\Lib\site-packages\rest_framework\templates\rest_framework\login.html first seen with mtime 1747644938.0418954
DEBUG 2025-06-06 15:59:14,067 autoreload 18716 17356 File C:\PROJECTS\NEXTJS-SPACE\Lib\site-packages\rest_framework\templates\rest_framework\login_base.html first seen with mtime 1747644938.0448744
DEBUG 2025-06-06 15:59:14,067 autoreload 18716 17356 File C:\PROJECTS\NEXTJS-SPACE\Lib\site-packages\rest_framework\templates\rest_framework\pagination first seen with mtime 1747644938.2298026
DEBUG 2025-06-06 15:59:14,067 autoreload 18716 17356 File C:\PROJECTS\NEXTJS-SPACE\Lib\site-packages\rest_framework\templates\rest_framework\raw_data_form.html first seen with mtime 1747644938.046937
DEBUG 2025-06-06 15:59:14,067 autoreload 18716 17356 File C:\PROJECTS\NEXTJS-SPACE\Lib\site-packages\rest_framework\templates\rest_framework\schema.js first seen with mtime 1747644938.050236
DEBUG 2025-06-06 15:59:14,067 autoreload 18716 17356 File C:\PROJECTS\NEXTJS-SPACE\Lib\site-packages\rest_framework\templates\rest_framework\vertical first seen with mtime 1747644938.2777145
DEBUG 2025-06-06 15:59:14,070 autoreload 18716 17356 File C:\PROJECTS\NEXTJS-SPACE\Lib\site-packages\rest_framework\templates\rest_framework\admin\detail.html first seen with mtime 1747644938.0535872
DEBUG 2025-06-06 15:59:14,070 autoreload 18716 17356 File C:\PROJECTS\NEXTJS-SPACE\Lib\site-packages\rest_framework\templates\rest_framework\admin\dict_value.html first seen with mtime 1747644938.0567758
DEBUG 2025-06-06 15:59:14,070 autoreload 18716 17356 File C:\PROJECTS\NEXTJS-SPACE\Lib\site-packages\rest_framework\templates\rest_framework\admin\list.html first seen with mtime 1747644938.0602982
DEBUG 2025-06-06 15:59:14,070 autoreload 18716 17356 File C:\PROJECTS\NEXTJS-SPACE\Lib\site-packages\rest_framework\templates\rest_framework\admin\list_value.html first seen with mtime 1747644938.0630958
DEBUG 2025-06-06 15:59:14,070 autoreload 18716 17356 File C:\PROJECTS\NEXTJS-SPACE\Lib\site-packages\rest_framework\templates\rest_framework\admin\simple_list_value.html first seen with mtime 1747644938.0656626
DEBUG 2025-06-06 15:59:14,070 autoreload 18716 17356 File C:\PROJECTS\NEXTJS-SPACE\Lib\site-packages\rest_framework\templates\rest_framework\docs\auth first seen with mtime 1747644938.0911148
DEBUG 2025-06-06 15:59:14,071 autoreload 18716 17356 File C:\PROJECTS\NEXTJS-SPACE\Lib\site-packages\rest_framework\templates\rest_framework\docs\document.html first seen with mtime 1747644938.068705
DEBUG 2025-06-06 15:59:14,071 autoreload 18716 17356 File C:\PROJECTS\NEXTJS-SPACE\Lib\site-packages\rest_framework\templates\rest_framework\docs\error.html first seen with mtime 1747644938.0722678
DEBUG 2025-06-06 15:59:14,071 autoreload 18716 17356 File C:\PROJECTS\NEXTJS-SPACE\Lib\site-packages\rest_framework\templates\rest_framework\docs\index.html first seen with mtime 1747644938.0754037
DEBUG 2025-06-06 15:59:14,071 autoreload 18716 17356 File C:\PROJECTS\NEXTJS-SPACE\Lib\site-packages\rest_framework\templates\rest_framework\docs\interact.html first seen with mtime 1747644938.0788703
DEBUG 2025-06-06 15:59:14,071 autoreload 18716 17356 File C:\PROJECTS\NEXTJS-SPACE\Lib\site-packages\rest_framework\templates\rest_framework\docs\langs first seen with mtime 1747644938.112362
DEBUG 2025-06-06 15:59:14,071 autoreload 18716 17356 File C:\PROJECTS\NEXTJS-SPACE\Lib\site-packages\rest_framework\templates\rest_framework\docs\link.html first seen with mtime 1747644938.0823421
DEBUG 2025-06-06 15:59:14,071 autoreload 18716 17356 File C:\PROJECTS\NEXTJS-SPACE\Lib\site-packages\rest_framework\templates\rest_framework\docs\sidebar.html first seen with mtime 1747644938.085553
DEBUG 2025-06-06 15:59:14,071 autoreload 18716 17356 File C:\PROJECTS\NEXTJS-SPACE\Lib\site-packages\rest_framework\templates\rest_framework\filters\base.html first seen with mtime 1747644938.11713
DEBUG 2025-06-06 15:59:14,071 autoreload 18716 17356 File C:\PROJECTS\NEXTJS-SPACE\Lib\site-packages\rest_framework\templates\rest_framework\filters\ordering.html first seen with mtime 1747644938.11713
DEBUG 2025-06-06 15:59:14,072 autoreload 18716 17356 File C:\PROJECTS\NEXTJS-SPACE\Lib\site-packages\rest_framework\templates\rest_framework\filters\search.html first seen with mtime 1747644938.1201105
DEBUG 2025-06-06 15:59:14,072 autoreload 18716 17356 File C:\PROJECTS\NEXTJS-SPACE\Lib\site-packages\rest_framework\templates\rest_framework\horizontal\checkbox.html first seen with mtime 1747644938.1201105
DEBUG 2025-06-06 15:59:14,072 autoreload 18716 17356 File C:\PROJECTS\NEXTJS-SPACE\Lib\site-packages\rest_framework\templates\rest_framework\horizontal\checkbox_multiple.html first seen with mtime 1747644938.126363
DEBUG 2025-06-06 15:59:14,072 autoreload 18716 17356 File C:\PROJECTS\NEXTJS-SPACE\Lib\site-packages\rest_framework\templates\rest_framework\horizontal\dict_field.html first seen with mtime 1747644938.13058
DEBUG 2025-06-06 15:59:14,072 autoreload 18716 17356 File C:\PROJECTS\NEXTJS-SPACE\Lib\site-packages\rest_framework\templates\rest_framework\horizontal\fieldset.html first seen with mtime 1747644938.1319602
DEBUG 2025-06-06 15:59:14,073 autoreload 18716 17356 File C:\PROJECTS\NEXTJS-SPACE\Lib\site-packages\rest_framework\templates\rest_framework\horizontal\form.html first seen with mtime 1747644938.1319602
DEBUG 2025-06-06 15:59:14,073 autoreload 18716 17356 File C:\PROJECTS\NEXTJS-SPACE\Lib\site-packages\rest_framework\templates\rest_framework\horizontal\input.html first seen with mtime 1747644938.1319602
DEBUG 2025-06-06 15:59:14,073 autoreload 18716 17356 File C:\PROJECTS\NEXTJS-SPACE\Lib\site-packages\rest_framework\templates\rest_framework\horizontal\list_field.html first seen with mtime 1747644938.1397836
DEBUG 2025-06-06 15:59:14,073 autoreload 18716 17356 File C:\PROJECTS\NEXTJS-SPACE\Lib\site-packages\rest_framework\templates\rest_framework\horizontal\list_fieldset.html first seen with mtime 1747644938.1462283
DEBUG 2025-06-06 15:59:14,073 autoreload 18716 17356 File C:\PROJECTS\NEXTJS-SPACE\Lib\site-packages\rest_framework\templates\rest_framework\horizontal\radio.html first seen with mtime 1747644938.1483665
DEBUG 2025-06-06 15:59:14,073 autoreload 18716 17356 File C:\PROJECTS\NEXTJS-SPACE\Lib\site-packages\rest_framework\templates\rest_framework\horizontal\select.html first seen with mtime 1747644938.1507566
DEBUG 2025-06-06 15:59:14,073 autoreload 18716 17356 File C:\PROJECTS\NEXTJS-SPACE\Lib\site-packages\rest_framework\templates\rest_framework\horizontal\select_multiple.html first seen with mtime 1747644938.1507566
DEBUG 2025-06-06 15:59:14,074 autoreload 18716 17356 File C:\PROJECTS\NEXTJS-SPACE\Lib\site-packages\rest_framework\templates\rest_framework\horizontal\textarea.html first seen with mtime 1747644938.1507566
DEBUG 2025-06-06 15:59:14,074 autoreload 18716 17356 File C:\PROJECTS\NEXTJS-SPACE\Lib\site-packages\rest_framework\templates\rest_framework\inline\checkbox.html first seen with mtime 1747644938.164226
DEBUG 2025-06-06 15:59:14,074 autoreload 18716 17356 File C:\PROJECTS\NEXTJS-SPACE\Lib\site-packages\rest_framework\templates\rest_framework\inline\checkbox_multiple.html first seen with mtime 1747644938.164226
DEBUG 2025-06-06 15:59:14,074 autoreload 18716 17356 File C:\PROJECTS\NEXTJS-SPACE\Lib\site-packages\rest_framework\templates\rest_framework\inline\dict_field.html first seen with mtime 1747644938.1725
DEBUG 2025-06-06 15:59:14,074 autoreload 18716 17356 File C:\PROJECTS\NEXTJS-SPACE\Lib\site-packages\rest_framework\templates\rest_framework\inline\fieldset.html first seen with mtime 1747644938.178649
DEBUG 2025-06-06 15:59:14,074 autoreload 18716 17356 File C:\PROJECTS\NEXTJS-SPACE\Lib\site-packages\rest_framework\templates\rest_framework\inline\form.html first seen with mtime 1747644938.1826262
DEBUG 2025-06-06 15:59:14,074 autoreload 18716 17356 File C:\PROJECTS\NEXTJS-SPACE\Lib\site-packages\rest_framework\templates\rest_framework\inline\input.html first seen with mtime 1747644938.1843605
DEBUG 2025-06-06 15:59:14,076 autoreload 18716 17356 File C:\PROJECTS\NEXTJS-SPACE\Lib\site-packages\rest_framework\templates\rest_framework\inline\list_field.html first seen with mtime 1747644938.1898866
DEBUG 2025-06-06 15:59:14,076 autoreload 18716 17356 File C:\PROJECTS\NEXTJS-SPACE\Lib\site-packages\rest_framework\templates\rest_framework\inline\list_fieldset.html first seen with mtime 1747644938.1976197
DEBUG 2025-06-06 15:59:14,076 autoreload 18716 17356 File C:\PROJECTS\NEXTJS-SPACE\Lib\site-packages\rest_framework\templates\rest_framework\inline\radio.html first seen with mtime 1747644938.201272
DEBUG 2025-06-06 15:59:14,076 autoreload 18716 17356 File C:\PROJECTS\NEXTJS-SPACE\Lib\site-packages\rest_framework\templates\rest_framework\inline\select.html first seen with mtime 1747644938.2098732
DEBUG 2025-06-06 15:59:14,077 autoreload 18716 17356 File C:\PROJECTS\NEXTJS-SPACE\Lib\site-packages\rest_framework\templates\rest_framework\inline\select_multiple.html first seen with mtime 1747644938.2169106
DEBUG 2025-06-06 15:59:14,077 autoreload 18716 17356 File C:\PROJECTS\NEXTJS-SPACE\Lib\site-packages\rest_framework\templates\rest_framework\inline\textarea.html first seen with mtime 1747644938.2217734
DEBUG 2025-06-06 15:59:14,077 autoreload 18716 17356 File C:\PROJECTS\NEXTJS-SPACE\Lib\site-packages\rest_framework\templates\rest_framework\pagination\numbers.html first seen with mtime 1747644938.227587
DEBUG 2025-06-06 15:59:14,077 autoreload 18716 17356 File C:\PROJECTS\NEXTJS-SPACE\Lib\site-packages\rest_framework\templates\rest_framework\pagination\previous_and_next.html first seen with mtime 1747644938.2335327
DEBUG 2025-06-06 15:59:14,077 autoreload 18716 17356 File C:\PROJECTS\NEXTJS-SPACE\Lib\site-packages\rest_framework\templates\rest_framework\vertical\checkbox.html first seen with mtime 1747644938.2408977
DEBUG 2025-06-06 15:59:14,077 autoreload 18716 17356 File C:\PROJECTS\NEXTJS-SPACE\Lib\site-packages\rest_framework\templates\rest_framework\vertical\checkbox_multiple.html first seen with mtime 1747644938.2471192
DEBUG 2025-06-06 15:59:14,077 autoreload 18716 17356 File C:\PROJECTS\NEXTJS-SPACE\Lib\site-packages\rest_framework\templates\rest_framework\vertical\dict_field.html first seen with mtime 1747644938.251099
DEBUG 2025-06-06 15:59:14,077 autoreload 18716 17356 File C:\PROJECTS\NEXTJS-SPACE\Lib\site-packages\rest_framework\templates\rest_framework\vertical\fieldset.html first seen with mtime 1747644938.2540565
DEBUG 2025-06-06 15:59:14,077 autoreload 18716 17356 File C:\PROJECTS\NEXTJS-SPACE\Lib\site-packages\rest_framework\templates\rest_framework\vertical\form.html first seen with mtime 1747644938.259853
DEBUG 2025-06-06 15:59:14,077 autoreload 18716 17356 File C:\PROJECTS\NEXTJS-SPACE\Lib\site-packages\rest_framework\templates\rest_framework\vertical\input.html first seen with mtime 1747644938.2630348
DEBUG 2025-06-06 15:59:14,077 autoreload 18716 17356 File C:\PROJECTS\NEXTJS-SPACE\Lib\site-packages\rest_framework\templates\rest_framework\vertical\list_field.html first seen with mtime 1747644938.2664208
DEBUG 2025-06-06 15:59:14,077 autoreload 18716 17356 File C:\PROJECTS\NEXTJS-SPACE\Lib\site-packages\rest_framework\templates\rest_framework\vertical\list_fieldset.html first seen with mtime 1747644938.2671752
DEBUG 2025-06-06 15:59:14,077 autoreload 18716 17356 File C:\PROJECTS\NEXTJS-SPACE\Lib\site-packages\rest_framework\templates\rest_framework\vertical\radio.html first seen with mtime 1747644938.2701633
DEBUG 2025-06-06 15:59:14,077 autoreload 18716 17356 File C:\PROJECTS\NEXTJS-SPACE\Lib\site-packages\rest_framework\templates\rest_framework\vertical\select.html first seen with mtime 1747644938.2701633
DEBUG 2025-06-06 15:59:14,077 autoreload 18716 17356 File C:\PROJECTS\NEXTJS-SPACE\Lib\site-packages\rest_framework\templates\rest_framework\vertical\select_multiple.html first seen with mtime 1747644938.2765372
DEBUG 2025-06-06 15:59:14,077 autoreload 18716 17356 File C:\PROJECTS\NEXTJS-SPACE\Lib\site-packages\rest_framework\templates\rest_framework\vertical\textarea.html first seen with mtime 1747644938.2798653
DEBUG 2025-06-06 15:59:14,080 autoreload 18716 17356 File C:\PROJECTS\NEXTJS-SPACE\Lib\site-packages\rest_framework\templates\rest_framework\docs\auth\basic.html first seen with mtime 1747644938.0885737
DEBUG 2025-06-06 15:59:14,080 autoreload 18716 17356 File C:\PROJECTS\NEXTJS-SPACE\Lib\site-packages\rest_framework\templates\rest_framework\docs\auth\session.html first seen with mtime 1747644938.0911148
DEBUG 2025-06-06 15:59:14,080 autoreload 18716 17356 File C:\PROJECTS\NEXTJS-SPACE\Lib\site-packages\rest_framework\templates\rest_framework\docs\auth\token.html first seen with mtime 1747644938.0936382
DEBUG 2025-06-06 15:59:14,080 autoreload 18716 17356 File C:\PROJECTS\NEXTJS-SPACE\Lib\site-packages\rest_framework\templates\rest_framework\docs\langs\javascript-intro.html first seen with mtime 1747644938.0985684
DEBUG 2025-06-06 15:59:14,080 autoreload 18716 17356 File C:\PROJECTS\NEXTJS-SPACE\Lib\site-packages\rest_framework\templates\rest_framework\docs\langs\javascript.html first seen with mtime 1747644938.1023688
DEBUG 2025-06-06 15:59:14,080 autoreload 18716 17356 File C:\PROJECTS\NEXTJS-SPACE\Lib\site-packages\rest_framework\templates\rest_framework\docs\langs\python-intro.html first seen with mtime 1747644938.1057005
DEBUG 2025-06-06 15:59:14,080 autoreload 18716 17356 File C:\PROJECTS\NEXTJS-SPACE\Lib\site-packages\rest_framework\templates\rest_framework\docs\langs\python.html first seen with mtime 1747644938.1096587
DEBUG 2025-06-06 15:59:14,081 autoreload 18716 17356 File C:\PROJECTS\NEXTJS-SPACE\Lib\site-packages\rest_framework\templates\rest_framework\docs\langs\shell-intro.html first seen with mtime 1747644938.1113489
DEBUG 2025-06-06 15:59:14,081 autoreload 18716 17356 File C:\PROJECTS\NEXTJS-SPACE\Lib\site-packages\rest_framework\templates\rest_framework\docs\langs\shell.html first seen with mtime 1747644938.1143818
DEBUG 2025-06-06 15:59:14,084 autoreload 18716 17356 File C:\PROJECTS\NEXTJS-SPACE\Lib\site-packages\rest_framework\locale\ach\LC_MESSAGES\django.mo first seen with mtime 1747644937.6068738
DEBUG 2025-06-06 15:59:14,085 autoreload 18716 17356 File C:\PROJECTS\NEXTJS-SPACE\Lib\site-packages\rest_framework\locale\ar\LC_MESSAGES\django.mo first seen with mtime 1747644937.6103506
DEBUG 2025-06-06 15:59:14,085 autoreload 18716 17356 File C:\PROJECTS\NEXTJS-SPACE\Lib\site-packages\rest_framework\locale\az\LC_MESSAGES\django.mo first seen with mtime 1747644937.6103506
DEBUG 2025-06-06 15:59:14,085 autoreload 18716 17356 File C:\PROJECTS\NEXTJS-SPACE\Lib\site-packages\rest_framework\locale\be\LC_MESSAGES\django.mo first seen with mtime 1747644937.6201181
DEBUG 2025-06-06 15:59:14,085 autoreload 18716 17356 File C:\PROJECTS\NEXTJS-SPACE\Lib\site-packages\rest_framework\locale\bg\LC_MESSAGES\django.mo first seen with mtime 1747644937.6201181
DEBUG 2025-06-06 15:59:14,086 autoreload 18716 17356 File C:\PROJECTS\NEXTJS-SPACE\Lib\site-packages\rest_framework\locale\ca\LC_MESSAGES\django.mo first seen with mtime 1747644937.634397
DEBUG 2025-06-06 15:59:14,086 autoreload 18716 17356 File C:\PROJECTS\NEXTJS-SPACE\Lib\site-packages\rest_framework\locale\ca_ES\LC_MESSAGES\django.mo first seen with mtime 1747644937.637778
DEBUG 2025-06-06 15:59:14,086 autoreload 18716 17356 File C:\PROJECTS\NEXTJS-SPACE\Lib\site-packages\rest_framework\locale\cs\LC_MESSAGES\django.mo first seen with mtime 1747644937.6417422
DEBUG 2025-06-06 15:59:14,086 autoreload 18716 17356 File C:\PROJECTS\NEXTJS-SPACE\Lib\site-packages\rest_framework\locale\da\LC_MESSAGES\django.mo first seen with mtime 1747644937.6486075
DEBUG 2025-06-06 15:59:14,087 autoreload 18716 17356 File C:\PROJECTS\NEXTJS-SPACE\Lib\site-packages\rest_framework\locale\de\LC_MESSAGES\django.mo first seen with mtime 1747644937.6538956
DEBUG 2025-06-06 15:59:14,087 autoreload 18716 17356 File C:\PROJECTS\NEXTJS-SPACE\Lib\site-packages\rest_framework\locale\el\LC_MESSAGES\django.mo first seen with mtime 1747644937.6580174
DEBUG 2025-06-06 15:59:14,087 autoreload 18716 17356 File C:\PROJECTS\NEXTJS-SPACE\Lib\site-packages\rest_framework\locale\el_GR\LC_MESSAGES\django.mo first seen with mtime 1747644937.6604855
DEBUG 2025-06-06 15:59:14,088 autoreload 18716 17356 File C:\PROJECTS\NEXTJS-SPACE\Lib\site-packages\rest_framework\locale\en\LC_MESSAGES\django.mo first seen with mtime 1747644937.6604855
DEBUG 2025-06-06 15:59:14,088 autoreload 18716 17356 File C:\PROJECTS\NEXTJS-SPACE\Lib\site-packages\rest_framework\locale\en_AU\LC_MESSAGES\django.mo first seen with mtime 1747644937.6604855
DEBUG 2025-06-06 15:59:14,088 autoreload 18716 17356 File C:\PROJECTS\NEXTJS-SPACE\Lib\site-packages\rest_framework\locale\en_CA\LC_MESSAGES\django.mo first seen with mtime 1747644937.6701944
DEBUG 2025-06-06 15:59:14,088 autoreload 18716 17356 File C:\PROJECTS\NEXTJS-SPACE\Lib\site-packages\rest_framework\locale\en_US\LC_MESSAGES\django.mo first seen with mtime 1747644937.6753125
DEBUG 2025-06-06 15:59:14,089 autoreload 18716 17356 File C:\PROJECTS\NEXTJS-SPACE\Lib\site-packages\rest_framework\locale\es\LC_MESSAGES\django.mo first seen with mtime 1747644937.679823
DEBUG 2025-06-06 15:59:14,090 autoreload 18716 17356 File C:\PROJECTS\NEXTJS-SPACE\Lib\site-packages\rest_framework\locale\et\LC_MESSAGES\django.mo first seen with mtime 1747644937.6839173
DEBUG 2025-06-06 15:59:14,090 autoreload 18716 17356 File C:\PROJECTS\NEXTJS-SPACE\Lib\site-packages\rest_framework\locale\fa\LC_MESSAGES\django.mo first seen with mtime 1747644937.6901681
DEBUG 2025-06-06 15:59:14,090 autoreload 18716 17356 File C:\PROJECTS\NEXTJS-SPACE\Lib\site-packages\rest_framework\locale\fa_IR\LC_MESSAGES\django.mo first seen with mtime 1747644937.6953523
DEBUG 2025-06-06 15:59:14,091 autoreload 18716 17356 File C:\PROJECTS\NEXTJS-SPACE\Lib\site-packages\rest_framework\locale\fi\LC_MESSAGES\django.mo first seen with mtime 1747644937.6999135
DEBUG 2025-06-06 15:59:14,091 autoreload 18716 17356 File C:\PROJECTS\NEXTJS-SPACE\Lib\site-packages\rest_framework\locale\fr\LC_MESSAGES\django.mo first seen with mtime 1747644937.6999135
DEBUG 2025-06-06 15:59:14,091 autoreload 18716 17356 File C:\PROJECTS\NEXTJS-SPACE\Lib\site-packages\rest_framework\locale\fr_CA\LC_MESSAGES\django.mo first seen with mtime 1747644937.7099535
DEBUG 2025-06-06 15:59:14,091 autoreload 18716 17356 File C:\PROJECTS\NEXTJS-SPACE\Lib\site-packages\rest_framework\locale\gl\LC_MESSAGES\django.mo first seen with mtime 1747644937.7099535
DEBUG 2025-06-06 15:59:14,091 autoreload 18716 17356 File C:\PROJECTS\NEXTJS-SPACE\Lib\site-packages\rest_framework\locale\gl_ES\LC_MESSAGES\django.mo first seen with mtime 1747644937.7099535
DEBUG 2025-06-06 15:59:14,092 autoreload 18716 17356 File C:\PROJECTS\NEXTJS-SPACE\Lib\site-packages\rest_framework\locale\he_IL\LC_MESSAGES\django.mo first seen with mtime 1747644937.7099535
DEBUG 2025-06-06 15:59:14,092 autoreload 18716 17356 File C:\PROJECTS\NEXTJS-SPACE\Lib\site-packages\rest_framework\locale\hu\LC_MESSAGES\django.mo first seen with mtime 1747644937.7200325
DEBUG 2025-06-06 15:59:14,092 autoreload 18716 17356 File C:\PROJECTS\NEXTJS-SPACE\Lib\site-packages\rest_framework\locale\hy\LC_MESSAGES\django.mo first seen with mtime 1747644937.7232535
DEBUG 2025-06-06 15:59:14,094 autoreload 18716 17356 File C:\PROJECTS\NEXTJS-SPACE\Lib\site-packages\rest_framework\locale\id\LC_MESSAGES\django.mo first seen with mtime 1747644937.7232535
DEBUG 2025-06-06 15:59:14,094 autoreload 18716 17356 File C:\PROJECTS\NEXTJS-SPACE\Lib\site-packages\rest_framework\locale\it\LC_MESSAGES\django.mo first seen with mtime 1747644937.7232535
DEBUG 2025-06-06 15:59:14,094 autoreload 18716 17356 File C:\PROJECTS\NEXTJS-SPACE\Lib\site-packages\rest_framework\locale\ja\LC_MESSAGES\django.mo first seen with mtime 1747644937.7300556
DEBUG 2025-06-06 15:59:14,094 autoreload 18716 17356 File C:\PROJECTS\NEXTJS-SPACE\Lib\site-packages\rest_framework\locale\ko_KR\LC_MESSAGES\django.mo first seen with mtime 1747644937.7300556
DEBUG 2025-06-06 15:59:14,095 autoreload 18716 17356 File C:\PROJECTS\NEXTJS-SPACE\Lib\site-packages\rest_framework\locale\lt\LC_MESSAGES\django.mo first seen with mtime 1747644937.7300556
DEBUG 2025-06-06 15:59:14,095 autoreload 18716 17356 File C:\PROJECTS\NEXTJS-SPACE\Lib\site-packages\rest_framework\locale\lv\LC_MESSAGES\django.mo first seen with mtime 1747644937.74021
DEBUG 2025-06-06 15:59:14,095 autoreload 18716 17356 File C:\PROJECTS\NEXTJS-SPACE\Lib\site-packages\rest_framework\locale\mk\LC_MESSAGES\django.mo first seen with mtime 1747644937.7439568
DEBUG 2025-06-06 15:59:14,096 autoreload 18716 17356 File C:\PROJECTS\NEXTJS-SPACE\Lib\site-packages\rest_framework\locale\nb\LC_MESSAGES\django.mo first seen with mtime 1747644937.7439568
DEBUG 2025-06-06 15:59:14,096 autoreload 18716 17356 File C:\PROJECTS\NEXTJS-SPACE\Lib\site-packages\rest_framework\locale\ne_NP\LC_MESSAGES\django.mo first seen with mtime 1747644937.7499473
DEBUG 2025-06-06 15:59:14,096 autoreload 18716 17356 File C:\PROJECTS\NEXTJS-SPACE\Lib\site-packages\rest_framework\locale\nl\LC_MESSAGES\django.mo first seen with mtime 1747644937.754975
DEBUG 2025-06-06 15:59:14,096 autoreload 18716 17356 File C:\PROJECTS\NEXTJS-SPACE\Lib\site-packages\rest_framework\locale\nn\LC_MESSAGES\django.mo first seen with mtime 1747644937.754975
DEBUG 2025-06-06 15:59:14,097 autoreload 18716 17356 File C:\PROJECTS\NEXTJS-SPACE\Lib\site-packages\rest_framework\locale\no\LC_MESSAGES\django.mo first seen with mtime 1747644937.759994
DEBUG 2025-06-06 15:59:14,097 autoreload 18716 17356 File C:\PROJECTS\NEXTJS-SPACE\Lib\site-packages\rest_framework\locale\pl\LC_MESSAGES\django.mo first seen with mtime 1747644937.759994
DEBUG 2025-06-06 15:59:14,097 autoreload 18716 17356 File C:\PROJECTS\NEXTJS-SPACE\Lib\site-packages\rest_framework\locale\pt\LC_MESSAGES\django.mo first seen with mtime 1747644937.7681675
DEBUG 2025-06-06 15:59:14,098 autoreload 18716 17356 File C:\PROJECTS\NEXTJS-SPACE\Lib\site-packages\rest_framework\locale\pt_BR\LC_MESSAGES\django.mo first seen with mtime 1747644937.7731254
DEBUG 2025-06-06 15:59:14,098 autoreload 18716 17356 File C:\PROJECTS\NEXTJS-SPACE\Lib\site-packages\rest_framework\locale\pt_PT\LC_MESSAGES\django.mo first seen with mtime 1747644937.7731254
DEBUG 2025-06-06 15:59:14,098 autoreload 18716 17356 File C:\PROJECTS\NEXTJS-SPACE\Lib\site-packages\rest_framework\locale\ro\LC_MESSAGES\django.mo first seen with mtime 1747644937.7801933
DEBUG 2025-06-06 15:59:14,099 autoreload 18716 17356 File C:\PROJECTS\NEXTJS-SPACE\Lib\site-packages\rest_framework\locale\ru\LC_MESSAGES\django.mo first seen with mtime 1747644937.7801933
DEBUG 2025-06-06 15:59:14,099 autoreload 18716 17356 File C:\PROJECTS\NEXTJS-SPACE\Lib\site-packages\rest_framework\locale\ru_RU\LC_MESSAGES\django.mo first seen with mtime 1747644937.7900884
DEBUG 2025-06-06 15:59:14,099 autoreload 18716 17356 File C:\PROJECTS\NEXTJS-SPACE\Lib\site-packages\rest_framework\locale\sk\LC_MESSAGES\django.mo first seen with mtime 1747644937.799125
DEBUG 2025-06-06 15:59:14,099 autoreload 18716 17356 File C:\PROJECTS\NEXTJS-SPACE\Lib\site-packages\rest_framework\locale\sl\LC_MESSAGES\django.mo first seen with mtime 1747644937.8032353
DEBUG 2025-06-06 15:59:14,101 autoreload 18716 17356 File C:\PROJECTS\NEXTJS-SPACE\Lib\site-packages\rest_framework\locale\sv\LC_MESSAGES\django.mo first seen with mtime 1747644937.8083415
DEBUG 2025-06-06 15:59:14,101 autoreload 18716 17356 File C:\PROJECTS\NEXTJS-SPACE\Lib\site-packages\rest_framework\locale\th\LC_MESSAGES\django.mo first seen with mtime 1747644937.8098526
DEBUG 2025-06-06 15:59:14,101 autoreload 18716 17356 File C:\PROJECTS\NEXTJS-SPACE\Lib\site-packages\rest_framework\locale\tr\LC_MESSAGES\django.mo first seen with mtime 1747644937.8131866
DEBUG 2025-06-06 15:59:14,101 autoreload 18716 17356 File C:\PROJECTS\NEXTJS-SPACE\Lib\site-packages\rest_framework\locale\tr_TR\LC_MESSAGES\django.mo first seen with mtime 1747644937.8131866
DEBUG 2025-06-06 15:59:14,101 autoreload 18716 17356 File C:\PROJECTS\NEXTJS-SPACE\Lib\site-packages\rest_framework\locale\uk\LC_MESSAGES\django.mo first seen with mtime 1747644937.8199656
DEBUG 2025-06-06 15:59:14,102 autoreload 18716 17356 File C:\PROJECTS\NEXTJS-SPACE\Lib\site-packages\rest_framework\locale\vi\LC_MESSAGES\django.mo first seen with mtime 1747644937.8199656
DEBUG 2025-06-06 15:59:14,102 autoreload 18716 17356 File C:\PROJECTS\NEXTJS-SPACE\Lib\site-packages\rest_framework\locale\zh_CN\LC_MESSAGES\django.mo first seen with mtime 1747644937.8265018
DEBUG 2025-06-06 15:59:14,102 autoreload 18716 17356 File C:\PROJECTS\NEXTJS-SPACE\Lib\site-packages\rest_framework\locale\zh_Hans\LC_MESSAGES\django.mo first seen with mtime 1747644937.8285575
DEBUG 2025-06-06 15:59:14,102 autoreload 18716 17356 File C:\PROJECTS\NEXTJS-SPACE\Lib\site-packages\rest_framework\locale\zh_Hant\LC_MESSAGES\django.mo first seen with mtime 1747644937.8323996
DEBUG 2025-06-06 15:59:14,102 autoreload 18716 17356 File C:\PROJECTS\NEXTJS-SPACE\Lib\site-packages\rest_framework\locale\zh_TW\LC_MESSAGES\django.mo first seen with mtime 1747644937.8360095
DEBUG 2025-06-06 15:59:14,102 autoreload 18716 17356 File C:\PROJECTS\NEXTJS-SPACE\Lib\site-packages\rest_framework_simplejwt\locale\ar\LC_MESSAGES\django.mo first seen with mtime 1747645387.1403568
DEBUG 2025-06-06 15:59:14,102 autoreload 18716 17356 File C:\PROJECTS\NEXTJS-SPACE\Lib\site-packages\rest_framework_simplejwt\locale\cs\LC_MESSAGES\django.mo first seen with mtime 1747645387.1448665
DEBUG 2025-06-06 15:59:14,105 autoreload 18716 17356 File C:\PROJECTS\NEXTJS-SPACE\Lib\site-packages\rest_framework_simplejwt\locale\de\LC_MESSAGES\django.mo first seen with mtime 1747645387.1506805
DEBUG 2025-06-06 15:59:14,106 autoreload 18716 17356 File C:\PROJECTS\NEXTJS-SPACE\Lib\site-packages\rest_framework_simplejwt\locale\es\LC_MESSAGES\django.mo first seen with mtime 1747645387.1585333
DEBUG 2025-06-06 15:59:14,106 autoreload 18716 17356 File C:\PROJECTS\NEXTJS-SPACE\Lib\site-packages\rest_framework_simplejwt\locale\es_AR\LC_MESSAGES\django.mo first seen with mtime 1747645387.1645167
DEBUG 2025-06-06 15:59:14,106 autoreload 18716 17356 File C:\PROJECTS\NEXTJS-SPACE\Lib\site-packages\rest_framework_simplejwt\locale\es_CL\LC_MESSAGES\django.mo first seen with mtime 1747645387.1704648
DEBUG 2025-06-06 15:59:14,107 autoreload 18716 17356 File C:\PROJECTS\NEXTJS-SPACE\Lib\site-packages\rest_framework_simplejwt\locale\fa\LC_MESSAGES\django.mo first seen with mtime 1747645387.1758976
DEBUG 2025-06-06 15:59:14,107 autoreload 18716 17356 File C:\PROJECTS\NEXTJS-SPACE\Lib\site-packages\rest_framework_simplejwt\locale\fa_IR\LC_MESSAGES\django.mo first seen with mtime 1747645387.1825733
DEBUG 2025-06-06 15:59:14,107 autoreload 18716 17356 File C:\PROJECTS\NEXTJS-SPACE\Lib\site-packages\rest_framework_simplejwt\locale\fr\LC_MESSAGES\django.mo first seen with mtime 1747645387.1873672
DEBUG 2025-06-06 15:59:14,107 autoreload 18716 17356 File C:\PROJECTS\NEXTJS-SPACE\Lib\site-packages\rest_framework_simplejwt\locale\he_IL\LC_MESSAGES\django.mo first seen with mtime 1747645387.192494
DEBUG 2025-06-06 15:59:14,108 autoreload 18716 17356 File C:\PROJECTS\NEXTJS-SPACE\Lib\site-packages\rest_framework_simplejwt\locale\id_ID\LC_MESSAGES\django.mo first seen with mtime 1747645387.1991286
DEBUG 2025-06-06 15:59:14,108 autoreload 18716 17356 File C:\PROJECTS\NEXTJS-SPACE\Lib\site-packages\rest_framework_simplejwt\locale\it_IT\LC_MESSAGES\django.mo first seen with mtime 1747645387.2051134
DEBUG 2025-06-06 15:59:14,108 autoreload 18716 17356 File C:\PROJECTS\NEXTJS-SPACE\Lib\site-packages\rest_framework_simplejwt\locale\ko_KR\LC_MESSAGES\django.mo first seen with mtime 1747645387.2112937
DEBUG 2025-06-06 15:59:14,109 autoreload 18716 17356 File C:\PROJECTS\NEXTJS-SPACE\Lib\site-packages\rest_framework_simplejwt\locale\nl_NL\LC_MESSAGES\django.mo first seen with mtime 1747645387.218243
DEBUG 2025-06-06 15:59:14,109 autoreload 18716 17356 File C:\PROJECTS\NEXTJS-SPACE\Lib\site-packages\rest_framework_simplejwt\locale\pl_PL\LC_MESSAGES\django.mo first seen with mtime 1747645387.2250977
DEBUG 2025-06-06 15:59:14,109 autoreload 18716 17356 File C:\PROJECTS\NEXTJS-SPACE\Lib\site-packages\rest_framework_simplejwt\locale\pt_BR\LC_MESSAGES\django.mo first seen with mtime 1747645387.2301407
DEBUG 2025-06-06 15:59:14,109 autoreload 18716 17356 File C:\PROJECTS\NEXTJS-SPACE\Lib\site-packages\rest_framework_simplejwt\locale\ro\LC_MESSAGES\django.mo first seen with mtime 1747645387.233945
DEBUG 2025-06-06 15:59:14,110 autoreload 18716 17356 File C:\PROJECTS\NEXTJS-SPACE\Lib\site-packages\rest_framework_simplejwt\locale\ru_RU\LC_MESSAGES\django.mo first seen with mtime 1747645387.2382076
DEBUG 2025-06-06 15:59:14,110 autoreload 18716 17356 File C:\PROJECTS\NEXTJS-SPACE\Lib\site-packages\rest_framework_simplejwt\locale\sl\LC_MESSAGES\django.mo first seen with mtime 1747645387.2427373
DEBUG 2025-06-06 15:59:14,111 autoreload 18716 17356 File C:\PROJECTS\NEXTJS-SPACE\Lib\site-packages\rest_framework_simplejwt\locale\sv\LC_MESSAGES\django.mo first seen with mtime 1747645387.2480483
DEBUG 2025-06-06 15:59:14,111 autoreload 18716 17356 File C:\PROJECTS\NEXTJS-SPACE\Lib\site-packages\rest_framework_simplejwt\locale\tr\LC_MESSAGES\django.mo first seen with mtime 1747645387.2539291
DEBUG 2025-06-06 15:59:14,111 autoreload 18716 17356 File C:\PROJECTS\NEXTJS-SPACE\Lib\site-packages\rest_framework_simplejwt\locale\uk_UA\LC_MESSAGES\django.mo first seen with mtime 1747645387.2591202
DEBUG 2025-06-06 15:59:14,111 autoreload 18716 17356 File C:\PROJECTS\NEXTJS-SPACE\Lib\site-packages\rest_framework_simplejwt\locale\zh_Hans\LC_MESSAGES\django.mo first seen with mtime 1747645387.2657402
DEBUG 2025-06-06 15:59:15,277 autoreload 18716 17356 File C:\PROJECTS\NEXTJS-SPACE\Lib\site-packages\django\db\migrations\loader.py first seen with mtime 1747644922.4943695
DEBUG 2025-06-06 15:59:15,280 autoreload 18716 17356 File C:\PROJECTS\NEXTJS-SPACE\Lib\site-packages\django\middleware\clickjacking.py first seen with mtime 1747644923.009387
DEBUG 2025-06-06 15:59:15,282 autoreload 18716 17356 File C:\PROJECTS\NEXTJS-SPACE\Lib\site-packages\django\contrib\auth\migrations\0004_alter_user_username_opts.py first seen with mtime 1747644917.494161
DEBUG 2025-06-06 15:59:15,282 autoreload 18716 17356 File C:\PROJECTS\NEXTJS-SPACE\Lib\site-packages\django\contrib\auth\migrations\0006_require_contenttypes_0002.py first seen with mtime 1747644917.496333
DEBUG 2025-06-06 15:59:15,282 autoreload 18716 17356 File C:\PROJECTS\NEXTJS-SPACE\Lib\site-packages\django\contrib\auth\migrations\0001_initial.py first seen with mtime 1747644917.4899702
DEBUG 2025-06-06 15:59:15,282 autoreload 18716 17356 File C:\PROJECTS\NEXTJS-SPACE\Lib\site-packages\django\db\migrations\executor.py first seen with mtime 1747644922.4923701
DEBUG 2025-06-06 15:59:15,288 autoreload 18716 17356 File C:\PROJECTS\NEXTJS-SPACE\Lib\site-packages\django\contrib\auth\migrations\0010_alter_group_name_max_length.py first seen with mtime 1747644917.5025294
DEBUG 2025-06-06 15:59:15,289 autoreload 18716 17356 File C:\PROJECTS\NEXTJS-SPACE\Lib\site-packages\django\contrib\admin\migrations\__init__.py first seen with mtime 1747644915.8701916
DEBUG 2025-06-06 15:59:15,289 autoreload 18716 17356 File C:\PROJECTS\NEXTJS-SPACE\Lib\site-packages\django\middleware\common.py first seen with mtime 1747644923.0116026
DEBUG 2025-06-06 15:59:15,290 autoreload 18716 17356 File C:\PROJECTS\backend\api\migrations\0001_initial.py first seen with mtime 1748864897.2303889
DEBUG 2025-06-06 15:59:15,291 autoreload 18716 17356 File C:\PROJECTS\NEXTJS-SPACE\Lib\site-packages\django\db\migrations\serializer.py first seen with mtime 1747644922.5001876
DEBUG 2025-06-06 15:59:15,291 autoreload 18716 17356 File C:\PROJECTS\NEXTJS-SPACE\Lib\site-packages\django\contrib\auth\migrations\0011_update_proxy_permissions.py first seen with mtime 1747644917.504247
DEBUG 2025-06-06 15:59:15,291 autoreload 18716 17356 File C:\PROJECTS\NEXTJS-SPACE\Lib\site-packages\django\contrib\auth\migrations\0002_alter_permission_name_max_length.py first seen with mtime 1747644917.4920397
DEBUG 2025-06-06 15:59:15,292 autoreload 18716 17356 File C:\PROJECTS\NEXTJS-SPACE\Lib\site-packages\django\contrib\sessions\exceptions.py first seen with mtime 1747644920.6432316
DEBUG 2025-06-06 15:59:15,295 autoreload 18716 17356 File C:\PROJECTS\NEXTJS-SPACE\Lib\site-packages\django\contrib\sessions\migrations\__init__.py first seen with mtime 1747644921.2167606
DEBUG 2025-06-06 15:59:15,295 autoreload 18716 17356 File C:\PROJECTS\NEXTJS-SPACE\Lib\site-packages\django\contrib\auth\migrations\0009_alter_user_last_name_max_length.py first seen with mtime 1747644917.5013077
DEBUG 2025-06-06 15:59:15,295 autoreload 18716 17356 File C:\PROJECTS\NEXTJS-SPACE\Lib\site-packages\django\core\management\utils.py first seen with mtime 1747644922.1523678
DEBUG 2025-06-06 15:59:15,296 autoreload 18716 17356 File C:\PROJECTS\NEXTJS-SPACE\Lib\site-packages\django\contrib\auth\migrations\0008_alter_user_username_max_length.py first seen with mtime 1747644917.500286
DEBUG 2025-06-06 15:59:15,297 autoreload 18716 17356 File C:\PROJECTS\NEXTJS-SPACE\Lib\site-packages\django\core\cache\backends\locmem.py first seen with mtime 1747644921.9540033
DEBUG 2025-06-06 15:59:15,297 autoreload 18716 17356 File C:\PROJECTS\NEXTJS-SPACE\Lib\site-packages\django\contrib\auth\migrations\__init__.py first seen with mtime 1747644917.50537
DEBUG 2025-06-06 15:59:15,297 autoreload 18716 17356 File C:\PROJECTS\NEXTJS-SPACE\Lib\site-packages\django\db\migrations\autodetector.py first seen with mtime 1747644922.4802165
DEBUG 2025-06-06 15:59:15,298 autoreload 18716 17356 File C:\PROJECTS\NEXTJS-SPACE\Lib\site-packages\django\contrib\admin\migrations\0001_initial.py first seen with mtime 1747644915.8701916
DEBUG 2025-06-06 15:59:15,298 autoreload 18716 17356 File C:\PROJECTS\NEXTJS-SPACE\Lib\site-packages\django\contrib\sessions\migrations\0001_initial.py first seen with mtime 1747644921.2152355
DEBUG 2025-06-06 15:59:15,299 autoreload 18716 17356 File C:\PROJECTS\NEXTJS-SPACE\Lib\site-packages\django\db\migrations\graph.py first seen with mtime 1747644922.4943695
DEBUG 2025-06-06 15:59:15,301 autoreload 18716 17356 File C:\PROJECTS\NEXTJS-SPACE\Lib\site-packages\django\contrib\contenttypes\migrations\0002_remove_content_type_name.py first seen with mtime 1747644917.9299822
DEBUG 2025-06-06 15:59:15,301 autoreload 18716 17356 File C:\PROJECTS\NEXTJS-SPACE\Lib\site-packages\django\contrib\contenttypes\migrations\0001_initial.py first seen with mtime 1747644917.921387
DEBUG 2025-06-06 15:59:15,303 autoreload 18716 17356 File C:\PROJECTS\NEXTJS-SPACE\Lib\site-packages\django\db\migrations\writer.py first seen with mtime 1747644922.511603
DEBUG 2025-06-06 15:59:15,303 autoreload 18716 17356 File C:\PROJECTS\NEXTJS-SPACE\Lib\site-packages\django\views\csrf.py first seen with mtime 1747644923.4115188
DEBUG 2025-06-06 15:59:15,304 autoreload 18716 17356 File C:\PROJECTS\NEXTJS-SPACE\Lib\site-packages\django\contrib\admin\migrations\0002_logentry_remove_auto_add.py first seen with mtime 1747644915.8701916
DEBUG 2025-06-06 15:59:15,305 autoreload 18716 17356 File C:\PROJECTS\NEXTJS-SPACE\Lib\site-packages\django\contrib\auth\migrations\0005_alter_user_last_login_null.py first seen with mtime 1747644917.4951649
DEBUG 2025-06-06 15:59:15,305 autoreload 18716 17356 File C:\PROJECTS\NEXTJS-SPACE\Lib\site-packages\django\db\migrations\questioner.py first seen with mtime 1747644922.5001876
DEBUG 2025-06-06 15:59:15,308 autoreload 18716 17356 File C:\PROJECTS\NEXTJS-SPACE\Lib\site-packages\django\contrib\auth\migrations\0012_alter_user_first_name_max_length.py first seen with mtime 1747644917.50537
DEBUG 2025-06-06 15:59:15,308 autoreload 18716 17356 File C:\PROJECTS\NEXTJS-SPACE\Lib\site-packages\django\contrib\auth\migrations\0007_alter_validators_add_error_messages.py first seen with mtime 1747644917.4974704
DEBUG 2025-06-06 15:59:15,309 autoreload 18716 17356 File C:\PROJECTS\backend\api\migrations\__init__.py first seen with mtime 1747644759.092459
DEBUG 2025-06-06 15:59:15,310 autoreload 18716 17356 File C:\PROJECTS\NEXTJS-SPACE\Lib\site-packages\django\core\management\commands\makemigrations.py first seen with mtime 1747644922.2071438
DEBUG 2025-06-06 15:59:15,311 autoreload 18716 17356 File C:\PROJECTS\NEXTJS-SPACE\Lib\site-packages\django\core\management\commands\migrate.py first seen with mtime 1747644922.2282953
DEBUG 2025-06-06 15:59:15,312 autoreload 18716 17356 File C:\PROJECTS\NEXTJS-SPACE\Lib\site-packages\django\db\migrations\optimizer.py first seen with mtime 1747644922.5001876
DEBUG 2025-06-06 15:59:15,313 autoreload 18716 17356 File C:\PROJECTS\NEXTJS-SPACE\Lib\site-packages\django\contrib\messages\middleware.py first seen with mtime 1747644919.6799116
DEBUG 2025-06-06 15:59:15,313 autoreload 18716 17356 File C:\PROJECTS\NEXTJS-SPACE\Lib\site-packages\django\contrib\sessions\backends\base.py first seen with mtime 1747644920.650198
DEBUG 2025-06-06 15:59:15,313 autoreload 18716 17356 File C:\PROJECTS\NEXTJS-SPACE\Lib\site-packages\django\contrib\admin\migrations\0003_logentry_add_action_flag_choices.py first seen with mtime 1747644915.8701916
DEBUG 2025-06-06 15:59:15,315 autoreload 18716 17356 File C:\PROJECTS\NEXTJS-SPACE\Lib\site-packages\django\db\migrations\recorder.py first seen with mtime 1747644922.5001876
DEBUG 2025-06-06 15:59:15,315 autoreload 18716 17356 File C:\PROJECTS\NEXTJS-SPACE\Lib\site-packages\django\contrib\contenttypes\migrations\__init__.py first seen with mtime 1747644917.9299822
DEBUG 2025-06-06 15:59:15,316 autoreload 18716 17356 File C:\PROJECTS\NEXTJS-SPACE\Lib\site-packages\django\contrib\auth\migrations\0003_alter_user_email_max_length.py first seen with mtime 1747644917.4930954
DEBUG 2025-06-06 15:59:27,832 autoreload 18716 17356 File C:\PROJECTS\backend\backend\settings.py previous mtime: 1749218349.9328804, current mtime: 1749218367.5230715
DEBUG 2025-06-06 15:59:27,832 autoreload 18716 17356 C:\PROJECTS\backend\backend\settings.py notified as changed. Signal results: [(<function template_changed at 0x00000227D51E2020>, None), (<function translation_file_changed at 0x00000227D591BA60>, None)].
INFO 2025-06-06 15:59:27,832 autoreload 18716 17356 C:\PROJECTS\backend\backend\settings.py changed, reloading.
